Farm_ID,Crop_Type,Farm_Area(acres),Irrigation_Type,Fertilizer_Used(tons),Pesticide_Used(kg),Yield(tons),Soil_Type,Season,Water_Usage(cubic meters)
F001,Tomato,468.63,Sprinkler,20.75,3.41,8931.34,Peaty,Kharif,144713.27
F002,Barley,56.58,Manual,0.7,0.44,583.46,Clay,Zaid,22082.96
F003,Potato,340.27,Flood,12.45,5.12,5045.88,Peaty,Zaid,69610.71
F004,Cotton,75.36,Rain-fed,3.12,0.84,884.47,Peaty,Rabi,35715.84
F005,Tomato,441.15,Manual,21.74,3.24,7996.72,Peaty,Kharif,116567.42
F006,Soybean,260.25,Sprinkler,6.5,2.44,1875.75,Silty,Zaid,55768.31
F007,Maize,50.32,Sprinkler,0.85,0.65,409.66,Silty,Zaid,11813.41
F008,Tomato,312.19,Flood,13.77,2.13,5520.31,Loamy,Rabi,74767.21
F009,Potato,14.46,Sprinkler,0.33,0.07,206.66,Clay,Kharif,2597.3
F010,Cotton,390.25,Drip,13.24,7.32,4538.45,Sandy,Zaid,183894.63
F011,Barley,328.79,Rain-fed,8.42,3.15,1984.24,Peaty,Rabi,55877.31
F012,Potato,114.19,Manual,2.98,0.95,2250.2,Clay,Rabi,51741.51
F013,Potato,193.63,Rain-fed,7.61,3.0,3087.86,Clay,Rabi,50725.04
F014,Maize,13.83,Flood,0.34,0.25,105.85,Loamy,Rabi,2871.66
F015,Sugarcane,349.91,Manual,13.2,5.07,6730.91,Sandy,Zaid,62774.22
F016,Cotton,168.11,Manual,1.78,1.48,1355.43,Peaty,Kharif,50724.21
F017,Rice,290.08,Drip,6.67,5.2,3192.08,Sandy,Rabi,106662.88
F018,Potato,478.8,Flood,10.9,6.06,9523.21,Loamy,Rabi,219905.7
F019,Sugarcane,156.74,Sprinkler,6.26,1.68,3613.93,Silty,Zaid,56579.32
F020,Rice,495.22,Drip,11.18,6.97,4738.11,Clay,Rabi,145328.73
F021,Cotton,320.04,Drip,11.31,4.96,1467.03,Peaty,Rabi,36289.12
F022,Wheat,128.62,Rain-fed,4.83,1.79,1614.48,Silty,Kharif,59960.49
F023,Soybean,224.02,Rain-fed,8.14,4.21,2722.58,Loamy,Rabi,103262.04
F024,Sugarcane,372.82,Rain-fed,12.73,5.38,7691.14,Sandy,Zaid,93759.81
F025,Carrot,228.77,Drip,6.07,4.16,2502.81,Clay,Kharif,25534.37
F026,Wheat,43.57,Sprinkler,1.09,0.6,481.65,Peaty,Zaid,17137.66
F027,Soybean,92.62,Manual,3.02,0.92,1042.32,Silty,Kharif,38590.44
F028,Maize,397.74,Rain-fed,4.99,5.16,3846.57,Silty,Kharif,126076.84
F029,Tomato,327.7,Sprinkler,14.76,2.06,5932.86,Clay,Rabi,85579.59
F030,Barley,289.21,Flood,12.44,2.44,3351.36,Sandy,Rabi,127385.43
F031,Carrot,92.13,Rain-fed,2.2,1.52,1122.34,Loamy,Rabi,16308.46
F032,Maize,420.5,Manual,13.74,6.27,3752.17,Sandy,Zaid,115984.0
F033,Cotton,480.76,Flood,22.73,3.6,2169.06,Sandy,Rabi,52785.07
F034,Maize,30.03,Flood,0.63,0.35,201.36,Sandy,Rabi,4973.87
F035,Tomato,48.24,Manual,1.91,0.34,1074.34,Clay,Kharif,22976.19
F036,Cotton,443.52,Rain-fed,5.9,7.91,3822.05,Clay,Rabi,146906.94
F037,Carrot,409.62,Drip,12.67,2.72,7083.28,Loamy,Rabi,172956.95
F038,Tomato,312.79,Manual,14.19,4.63,5827.37,Sandy,Rabi,92147.36
F039,Rice,473.03,Manual,15.17,6.67,5843.3,Clay,Rabi,205263.59
F040,Barley,326.75,Manual,11.32,3.95,2961.19,Loamy,Kharif,103116.14
F041,Carrot,115.83,Flood,5.36,1.06,1267.12,Loamy,Rabi,11793.52
F042,Rice,367.03,Sprinkler,14.17,4.06,4757.99,Sandy,Kharif,168791.79
F043,Soybean,326.4,Drip,12.35,5.58,2020.38,Peaty,Zaid,52036.48
F044,Carrot,493.01,Rain-fed,16.49,8.1,7012.06,Sandy,Rabi,138153.58
F045,Soybean,114.81,Rain-fed,4.05,1.85,999.72,Peaty,Rabi,33371.48
F046,Cotton,302.96,Sprinkler,12.77,4.92,1444.03,Loamy,Rabi,36020.71
F047,Rice,392.28,Manual,19.29,2.81,2450.37,Clay,Kharif,47555.63
F048,Barley,176.1,Drip,7.36,1.14,1939.84,Silty,Rabi,71324.84
F049,Tomato,196.04,Rain-fed,7.51,3.51,3363.36,Loamy,Rabi,43164.81
F050,Potato,445.07,Rain-fed,6.86,7.81,7013.32,Clay,Zaid,117432.78
F051,Maize,208.06,Manual,8.88,3.17,2105.25,Loamy,Kharif,67752.23
F052,Wheat,316.12,Sprinkler,12.47,4.45,2608.09,Sandy,Kharif,78825.7
F053,Barley,445.73,Drip,18.19,4.68,4923.2,Peaty,Zaid,182754.61
F054,Rice,112.82,Sprinkler,2.17,0.94,1443.42,Loamy,Kharif,51193.86
F055,Potato,491.12,Sprinkler,22.66,7.37,6552.42,Clay,Rabi,60843.44
F056,Barley,353.96,Drip,4.92,6.62,3418.61,Sandy,Rabi,125357.97
F057,Rice,253.1,Drip,5.1,2.92,2084.98,Silty,Zaid,57469.82
F058,Sugarcane,221.15,Rain-fed,8.08,2.11,4936.03,Sandy,Kharif,73711.89
F059,Sugarcane,477.64,Rain-fed,17.65,4.33,10312.06,Peaty,Kharif,140217.0
F060,Soybean,110.81,Drip,2.5,0.59,835.87,Sandy,Kharif,25869.84
F061,Barley,162.72,Flood,6.19,2.08,900.62,Silty,Zaid,22444.02
F062,Sugarcane,160.82,Rain-fed,4.1,3.19,3547.68,Clay,Rabi,52069.15
F063,Rice,151.61,Flood,1.52,2.61,979.53,Loamy,Zaid,22001.64
F064,Soybean,239.58,Drip,3.95,4.42,1462.8,Peaty,Rabi,38919.89
F065,Rice,494.7,Rain-fed,22.41,7.08,6741.19,Silty,Zaid,243821.77
F066,Soybean,445.51,Sprinkler,8.42,5.44,3300.41,Peaty,Rabi,100988.12
F067,Barley,170.7,Drip,2.48,3.39,1577.57,Sandy,Kharif,56973.73
F068,Potato,217.21,Manual,8.1,2.54,3238.77,Peaty,Kharif,45372.84
F069,Tomato,338.05,Flood,9.34,6.34,7308.15,Silty,Kharif,150837.21
F070,Carrot,18.4,Drip,0.77,0.3,241.88,Loamy,Zaid,3926.31
F071,Potato,411.88,Drip,18.31,4.1,6528.57,Loamy,Zaid,101631.9
F072,Cotton,441.1,Rain-fed,19.34,5.53,4018.51,Peaty,Zaid,151454.26
F073,Rice,430.03,Rain-fed,9.68,4.63,5391.59,Clay,Kharif,192650.33
F074,Cotton,193.78,Rain-fed,5.86,1.36,2075.42,Peaty,Rabi,82642.96
F075,Potato,236.38,Manual,8.51,2.45,3493.19,Sandy,Kharif,48586.43
F076,Soybean,16.07,Rain-fed,0.37,0.29,184.08,Loamy,Kharif,6939.5
F077,Carrot,205.7,Drip,2.4,3.35,3347.59,Loamy,Rabi,78265.77
F078,Carrot,235.61,Rain-fed,7.03,2.16,4389.34,Loamy,Rabi,116845.97
F079,Wheat,454.42,Sprinkler,4.78,4.78,5714.81,Clay,Rabi,215475.22
F080,Carrot,448.05,Rain-fed,21.52,6.38,6741.67,Clay,Rabi,140355.0
F081,Tomato,483.39,Manual,20.24,5.43,10049.94,Silty,Kharif,193341.22
F082,Carrot,443.7,Sprinkler,7.84,5.57,6742.15,Peaty,Zaid,145565.97
F083,Potato,14.02,Drip,0.3,0.22,244.7,Peaty,Kharif,4738.18
F084,Wheat,324.32,Drip,15.99,3.89,2007.67,Sandy,Rabi,45598.91
F085,Potato,43.44,Flood,1.08,0.34,552.68,Loamy,Zaid,4382.66
F086,Potato,143.57,Sprinkler,5.94,1.84,1893.4,Clay,Zaid,17124.39
F087,Maize,293.37,Flood,8.18,3.03,3865.16,Sandy,Kharif,142769.53
F088,Wheat,353.3,Sprinkler,15.74,3.31,2235.89,Sandy,Kharif,53174.34
F089,Potato,330.77,Sprinkler,12.62,3.28,4353.11,Clay,Kharif,38950.08
F090,Maize,34.04,Manual,0.37,0.39,264.81,Peaty,Zaid,7619.8
F091,Maize,60.77,Flood,1.32,1.11,617.06,Loamy,Zaid,20373.1
F092,Wheat,73.01,Manual,2.36,1.17,930.72,Peaty,Zaid,34998.66
F093,Cotton,54.79,Sprinkler,2.58,0.82,544.12,Sandy,Rabi,20818.89
F094,Soybean,97.33,Drip,1.37,1.17,691.78,Loamy,Rabi,20493.0
F095,Tomato,347.36,Sprinkler,11.83,1.75,7759.91,Silty,Kharif,165212.01
F096,Soybean,417.11,Manual,9.21,4.22,2095.85,Sandy,Zaid,47724.27
F097,Carrot,210.32,Flood,9.58,3.62,3923.59,Peaty,Kharif,103397.27
F098,Tomato,349.46,Flood,14.19,3.78,5329.84,Peaty,Zaid,43143.39
F099,Carrot,108.01,Manual,2.68,1.45,1799.28,Peaty,Kharif,43369.52
F100,Potato,486.91,Flood,8.12,3.93,6315.99,Clay,Rabi,57513.01
F101,Rice,181.5,Rain-fed,1.9,3.4,2332.25,Sandy,Zaid,85780.79
F102,Wheat,424.47,Drip,14.79,8.0,2636.65,Loamy,Rabi,60897.85
F103,Tomato,473.23,Drip,12.42,3.4,7165.74,Peaty,Zaid,56878.22
F104,Tomato,433.71,Drip,9.8,6.88,9462.36,Peaty,Kharif,197644.2
F105,Potato,42.86,Flood,2.12,0.26,583.51,Clay,Zaid,5928.73
F106,Cotton,328.65,Flood,9.41,4.59,3493.78,Loamy,Rabi,137761.26
F107,Maize,68.84,Sprinkler,2.75,0.53,794.68,Sandy,Zaid,27456.12
F108,Potato,12.77,Sprinkler,0.22,0.09,223.26,Silty,Kharif,4337.72
F109,Sugarcane,35.37,Drip,0.37,0.18,729.51,Clay,Zaid,8885.39
F110,Maize,458.91,Rain-fed,12.25,8.77,5819.44,Sandy,Rabi,213960.08
F111,Wheat,455.15,Sprinkler,16.67,7.94,5588.91,Silty,Kharif,204102.76
F112,Maize,120.65,Sprinkler,3.65,0.74,1085.11,Peaty,Rabi,32636.75
F113,Cotton,278.06,Flood,12.68,3.89,1714.73,Peaty,Zaid,53579.38
F114,Maize,477.96,Rain-fed,13.08,4.06,3667.88,Loamy,Rabi,99908.15
F115,Wheat,253.39,Drip,5.69,2.27,1769.96,Silty,Zaid,47669.36
F116,Cotton,202.85,Sprinkler,9.46,3.67,1764.58,Peaty,Kharif,64203.18
F117,Soybean,246.79,Rain-fed,6.48,1.66,2911.73,Peaty,Rabi,110418.51
F118,Tomato,397.21,Rain-fed,8.26,5.57,8267.09,Loamy,Rabi,162633.81
F119,Tomato,243.87,Drip,3.39,2.69,5104.67,Sandy,Zaid,101985.8
F120,Carrot,393.81,Rain-fed,16.43,3.1,5653.71,Peaty,Rabi,109996.1
F121,Soybean,221.53,Rain-fed,9.53,2.61,1667.75,Clay,Rabi,50725.88
F122,Soybean,133.48,Rain-fed,1.51,2.55,1431.23,Clay,Kharif,53785.86
F123,Maize,169.97,Sprinkler,4.14,2.84,1999.03,Sandy,Zaid,70932.45
F124,Tomato,48.13,Drip,1.93,0.34,983.46,Silty,Zaid,18201.27
F125,Wheat,253.72,Rain-fed,12.14,4.5,1414.85,Loamy,Kharif,28630.12
F126,Barley,82.57,Rain-fed,2.07,1.57,767.21,Clay,Kharif,27734.57
F127,Barley,407.66,Sprinkler,18.3,3.73,3105.52,Clay,Zaid,97356.21
F128,Cotton,216.09,Drip,5.56,2.16,1243.71,Sandy,Kharif,38567.01
F129,Tomato,384.85,Flood,6.61,2.65,7774.73,Silty,Kharif,145380.64
F130,Tomato,477.69,Sprinkler,4.84,4.86,8010.21,Silty,Kharif,99076.99
F131,Barley,426.24,Drip,9.89,6.44,5086.41,Sandy,Zaid,198261.72
F132,Tomato,476.22,Rain-fed,11.97,4.33,8090.21,Clay,Kharif,104401.87
F133,Maize,288.29,Drip,13.78,1.47,2948.78,Loamy,Rabi,92849.85
F134,Sugarcane,91.01,Drip,1.66,0.92,2211.32,Clay,Rabi,39234.41
F135,Rice,468.34,Drip,11.84,5.53,4193.49,Silty,Zaid,122166.29
F136,Soybean,435.57,Flood,4.79,5.88,4951.02,Clay,Kharif,187931.19
F137,Carrot,433.56,Drip,17.58,6.62,7235.35,Loamy,Rabi,168863.25
F138,Cotton,349.7,Flood,16.3,2.07,4095.74,Peaty,Zaid,163782.82
F139,Sugarcane,316.21,Rain-fed,6.17,3.81,6376.87,Clay,Rabi,72833.62
F140,Barley,17.21,Flood,0.47,0.15,94.35,Sandy,Kharif,2444.68
F141,Soybean,376.55,Rain-fed,5.6,7.24,3062.91,Peaty,Zaid,102473.29
F142,Tomato,54.85,Rain-fed,1.55,0.57,1145.4,Sandy,Rabi,22726.66
F143,Carrot,137.28,Flood,2.1,0.89,1940.65,Sandy,Zaid,38461.72
F144,Tomato,280.23,Sprinkler,8.67,1.58,4715.3,Sandy,Rabi,57389.8
F145,Wheat,231.35,Manual,9.11,2.08,1265.24,Clay,Rabi,25689.28
F146,Wheat,17.73,Drip,0.57,0.14,138.79,Silty,Kharif,3992.84
F147,Carrot,413.75,Manual,8.2,6.1,6740.56,Peaty,Kharif,159440.61
F148,Carrot,440.61,Drip,10.64,7.8,5261.36,Loamy,Rabi,70077.43
F149,Barley,344.12,Drip,12.23,3.33,2598.88,Silty,Zaid,81332.83
F150,Carrot,275.12,Rain-fed,9.24,3.76,2971.21,Clay,Zaid,29738.78
F151,Maize,480.76,Drip,7.44,7.67,5365.27,Sandy,Kharif,186872.97
F152,Tomato,68.78,Drip,3.01,0.76,1511.95,Loamy,Rabi,31106.69
F153,Sugarcane,371.58,Flood,10.78,2.23,8275.85,Peaty,Kharif,121658.17
F154,Potato,72.9,Manual,1.2,0.62,934.07,Silty,Rabi,8044.07
F155,Carrot,197.1,Flood,2.94,3.6,2433.36,Silty,Rabi,36868.32
F156,Cotton,296.89,Drip,14.44,5.16,2361.63,Loamy,Kharif,81759.13
F157,Wheat,371.17,Rain-fed,7.89,2.34,3623.33,Clay,Zaid,124355.0
F158,Maize,11.82,Flood,0.55,0.1,113.79,Peaty,Kharif,3528.66
F159,Soybean,137.69,Flood,3.64,2.28,1686.56,Loamy,Rabi,64212.62
F160,Potato,273.72,Sprinkler,6.96,3.36,5519.72,Sandy,Kharif,130140.55
F161,Sugarcane,271.11,Drip,10.31,4.45,5059.51,Peaty,Zaid,38730.77
F162,Potato,322.44,Rain-fed,3.35,2.63,4390.23,Silty,Zaid,50092.63
F163,Carrot,158.89,Flood,3.74,3.07,2153.69,Loamy,Rabi,38645.11
F164,Barley,274.86,Flood,6.08,4.61,2206.15,Silty,Kharif,73798.07
F165,Wheat,103.0,Rain-fed,4.61,0.82,1027.12,Silty,Zaid,34444.45
F166,Wheat,101.57,Drip,3.17,1.36,1166.45,Silty,Kharif,41567.86
F167,Soybean,292.52,Sprinkler,7.19,1.96,1747.12,Clay,Zaid,45137.34
F168,Barley,345.88,Flood,7.14,3.6,3837.56,Silty,Rabi,145635.47
F169,Tomato,69.0,Sprinkler,2.32,1.03,1352.63,Sandy,Rabi,23735.4
F170,Rice,70.17,Manual,1.13,0.7,937.13,Sandy,Kharif,34547.01
F171,Maize,287.0,Drip,5.7,4.26,3071.91,Peaty,Rabi,103453.44
F172,Wheat,142.35,Manual,3.1,1.23,1543.99,Silty,Zaid,55008.06
F173,Cotton,202.28,Manual,6.94,3.2,1170.92,Silty,Rabi,36021.95
F174,Wheat,206.37,Manual,5.14,2.14,2333.83,Loamy,Zaid,84103.69
F175,Potato,97.49,Drip,2.95,1.64,1302.03,Clay,Zaid,12840.18
F176,Wheat,10.64,Drip,0.38,0.08,112.82,Peaty,Rabi,3859.71
F177,Wheat,428.04,Rain-fed,20.65,4.46,2460.96,Silty,Zaid,52319.51
F178,Rice,360.35,Sprinkler,14.63,4.31,2443.42,Loamy,Zaid,52643.79
F179,Rice,348.36,Sprinkler,9.13,3.96,2288.24,Clay,Kharif,49867.08
F180,Sugarcane,277.79,Rain-fed,11.09,3.19,5043.19,Peaty,Kharif,33610.52
F181,Tomato,353.48,Rain-fed,16.96,4.13,6139.16,Peaty,Kharif,80753.36
F182,Cotton,468.49,Manual,14.04,9.29,5685.15,Silty,Rabi,233185.33
F183,Wheat,336.18,Rain-fed,8.88,2.65,2663.71,Peaty,Kharif,80444.59
F184,Wheat,139.89,Flood,1.84,2.31,1562.85,Loamy,Zaid,56560.91
F185,Maize,289.57,Sprinkler,13.23,3.84,1952.97,Peaty,Rabi,44283.69
F186,Rice,226.74,Rain-fed,4.5,2.54,2077.2,Sandy,Rabi,63894.23
F187,Cotton,282.65,Flood,3.55,4.1,1582.22,Loamy,Rabi,49193.39
F188,Soybean,263.63,Flood,8.3,4.69,1696.53,Clay,Rabi,46619.88
F189,Sugarcane,430.8,Flood,18.88,5.17,8005.21,Clay,Zaid,60258.57
F190,Tomato,329.38,Flood,8.65,5.92,5969.25,Silty,Zaid,89861.24
F191,Barley,102.49,Manual,4.24,0.66,554.03,Silty,Kharif,13345.85
F192,Tomato,40.88,Flood,1.78,0.6,901.03,Sandy,Rabi,18964.41
F193,Potato,217.94,Manual,6.14,2.18,3536.84,Clay,Kharif,60839.67
F194,Wheat,17.65,Manual,0.59,0.19,209.59,Clay,Zaid,7684.93
F195,Sugarcane,165.97,Flood,5.2,2.25,4239.74,Clay,Rabi,81619.58
F196,Potato,190.33,Sprinkler,9.05,2.32,3478.51,Clay,Zaid,70633.88
F197,Cotton,194.04,Flood,7.57,2.08,2231.84,Peaty,Kharif,89374.99
F198,Barley,489.88,Flood,23.03,4.72,2919.78,Loamy,Zaid,75513.77
F199,Rice,158.91,Flood,2.99,2.27,1955.81,Loamy,Rabi,68649.33
F200,Sugarcane,139.96,Sprinkler,3.14,1.76,2772.81,Sandy,Rabi,29180.14
F201,Sugarcane,73.4,Drip,0.94,0.72,1572.44,Peaty,Kharif,21214.51
F202,Wheat,260.39,Drip,7.81,2.1,2720.71,Clay,Rabi,93386.02
F203,Carrot,85.3,Manual,3.83,1.42,1532.69,Clay,Zaid,39359.1
F204,Sugarcane,311.98,Manual,7.2,5.3,7765.78,Silty,Zaid,144884.79
F205,Maize,86.03,Sprinkler,1.3,0.71,531.93,Silty,Zaid,11772.19
F206,Barley,292.57,Rain-fed,3.73,2.61,2153.77,Sandy,Zaid,71920.18
F207,Barley,414.87,Drip,11.57,3.56,4602.11,Clay,Kharif,173113.64
F208,Maize,30.84,Manual,0.51,0.56,335.91,Sandy,Zaid,11757.03
F209,Soybean,215.68,Drip,5.14,3.58,1104.64,Peaty,Kharif,23841.04
F210,Maize,235.91,Sprinkler,10.1,1.44,2192.38,Loamy,Zaid,66045.48
F211,Maize,397.63,Sprinkler,10.08,6.95,4817.01,Clay,Kharif,171655.36
F212,Barley,239.28,Rain-fed,8.23,1.33,2533.96,Peaty,Zaid,94532.72
F213,Tomato,288.09,Rain-fed,8.67,2.53,5162.36,Clay,Zaid,76269.59
F214,Barley,397.69,Sprinkler,15.41,7.47,4257.22,Silty,Kharif,156715.52
F215,Carrot,284.28,Manual,4.62,5.11,4237.44,Sandy,Rabi,91107.8
F216,Wheat,185.57,Drip,8.69,3.1,2361.41,Silty,Rabi,86298.1
F217,Potato,52.06,Flood,1.86,0.62,911.48,Loamy,Rabi,17433.25
F218,Tomato,367.66,Rain-fed,7.66,3.61,6549.15,Silty,Kharif,95699.22
F219,Rice,436.86,Flood,6.52,7.96,5446.8,Clay,Rabi,194475.17
F220,Potato,485.33,Manual,7.76,7.21,6300.72,Silty,Rabi,58214.33
F221,Wheat,464.03,Rain-fed,19.17,4.38,5770.84,Clay,Kharif,213550.4
F222,Carrot,400.73,Flood,13.43,4.79,6557.27,Loamy,Rabi,151693.63
F223,Carrot,325.3,Manual,8.21,5.93,5911.38,Silty,Rabi,154922.23
F224,Rice,392.92,Drip,9.16,7.29,3007.73,Sandy,Rabi,78662.44
F225,Tomato,221.72,Manual,9.81,3.3,4496.18,Sandy,Kharif,83803.57
F226,Soybean,301.44,Rain-fed,13.56,4.82,3429.69,Sandy,Kharif,127745.99
F227,Maize,180.86,Sprinkler,6.01,1.01,2033.99,Silty,Rabi,68880.02
F228,Tomato,170.09,Drip,5.27,2.39,2804.46,Silty,Rabi,31318.81
F229,Soybean,380.78,Flood,16.24,5.84,2753.02,Silty,Kharif,80053.38
F230,Carrot,232.43,Rain-fed,9.29,1.23,3550.98,Clay,Rabi,75933.21
F231,Barley,113.96,Sprinkler,2.96,2.01,948.04,Loamy,Kharif,31760.41
F232,Wheat,108.95,Manual,1.45,2.06,1182.17,Sandy,Rabi,42931.29
F233,Rice,430.99,Sprinkler,17.56,3.69,3818.45,Clay,Kharif,108382.47
F234,Wheat,342.1,Rain-fed,5.73,6.05,4045.97,Sandy,Zaid,151822.49
F235,Cotton,277.56,Rain-fed,2.96,4.16,2055.53,Clay,Zaid,75710.23
F236,Cotton,206.46,Sprinkler,9.03,2.83,970.17,Silty,Kharif,23952.77
F237,Tomato,221.1,Manual,7.33,3.9,3259.25,Sandy,Zaid,23645.73
F238,Carrot,38.14,Sprinkler,1.74,0.35,613.78,Silty,Rabi,13681.87
F239,Carrot,232.91,Rain-fed,6.84,3.93,3470.04,Sandy,Kharif,73649.82
F240,Maize,399.77,Rain-fed,18.81,3.88,3973.45,Peaty,Kharif,126767.13
F241,Maize,200.11,Flood,4.83,3.36,2353.92,Clay,Rabi,83247.89
F242,Maize,197.95,Flood,7.72,2.33,1702.87,Peaty,Rabi,49545.73
F243,Barley,17.7,Drip,0.39,0.12,224.27,Clay,Kharif,8818.33
F244,Potato,234.34,Rain-fed,2.35,2.51,4713.14,Loamy,Rabi,112063.86
F245,Sugarcane,22.42,Flood,0.56,0.19,397.42,Sandy,Kharif,2357.76
F246,Potato,289.47,Sprinkler,11.44,1.88,5807.52,Loamy,Rabi,132663.82
F247,Wheat,258.32,Manual,4.13,1.72,2728.53,Loamy,Kharif,96153.27
F248,Potato,421.6,Sprinkler,12.73,7.04,7061.09,Clay,Rabi,126833.77
F249,Barley,295.07,Manual,5.46,5.38,2725.07,Peaty,Rabi,98288.35
F250,Wheat,168.48,Flood,2.19,3.19,1986.71,Silty,Zaid,73582.19
F251,Potato,262.95,Drip,9.12,4.68,5354.37,Clay,Zaid,126326.65
F252,Barley,352.86,Sprinkler,16.96,6.16,3304.48,Silty,Zaid,114372.47
F253,Sugarcane,56.04,Sprinkler,1.26,0.34,1076.66,Loamy,Rabi,9668.22
F254,Potato,314.33,Sprinkler,10.44,5.3,5627.47,Silty,Kharif,111869.23
F255,Barley,459.15,Manual,22.11,7.69,2490.71,Peaty,Rabi,59912.97
F256,Maize,156.57,Flood,5.64,1.09,1662.56,Clay,Zaid,55435.83
F257,Carrot,317.05,Sprinkler,11.71,4.73,5478.4,Peaty,Rabi,134251.58
F258,Maize,412.45,Sprinkler,7.08,4.86,3406.25,Peaty,Zaid,99537.97
F259,Carrot,260.79,Drip,7.75,4.82,2942.08,Clay,Zaid,33504.05
F260,Rice,361.81,Drip,8.93,5.58,4073.61,Peaty,Kharif,136362.72
F261,Rice,162.4,Flood,4.68,3.13,1353.98,Sandy,Kharif,38281.63
F262,Rice,159.97,Flood,6.72,1.05,1238.05,Sandy,Zaid,31935.93
F263,Sugarcane,337.12,Rain-fed,9.58,1.89,7785.38,Sandy,Zaid,126645.34
F264,Maize,355.65,Drip,4.45,6.97,4693.87,Silty,Rabi,173498.54
F265,Carrot,469.13,Rain-fed,21.68,2.91,7855.07,Peaty,Zaid,186776.13
F266,Barley,120.17,Manual,3.82,1.3,1035.0,Clay,Rabi,35635.48
F267,Wheat,239.43,Rain-fed,11.25,3.53,2405.2,Clay,Zaid,81453.96
F268,Barley,132.75,Sprinkler,4.37,2.42,785.46,Silty,Kharif,20830.26
F269,Wheat,49.25,Rain-fed,0.63,0.43,566.89,Clay,Kharif,20943.24
F270,Cotton,207.58,Flood,6.67,1.13,1869.28,Sandy,Zaid,70934.83
F271,Barley,193.3,Manual,6.38,2.48,2403.18,Peaty,Rabi,94007.8
F272,Potato,142.51,Sprinkler,2.65,1.72,2919.84,Clay,Rabi,70086.81
F273,Potato,155.53,Rain-fed,4.49,1.49,2407.35,Clay,Rabi,37611.94
F274,Tomato,186.6,Manual,5.3,3.38,4211.8,Loamy,Zaid,92445.95
F275,Maize,494.53,Manual,17.27,8.03,6515.57,Loamy,Zaid,238726.37
F276,Wheat,393.65,Sprinkler,8.02,7.04,4061.72,Loamy,Kharif,140112.69
F277,Wheat,44.99,Rain-fed,1.5,0.33,353.67,Peaty,Kharif,10499.23
F278,Maize,437.48,Manual,8.59,6.73,4955.66,Sandy,Zaid,175577.5
F279,Sugarcane,320.32,Manual,8.92,6.29,6324.33,Sandy,Kharif,66784.8
F280,Tomato,446.39,Drip,6.65,6.33,8765.1,Sandy,Rabi,157101.74
F281,Sugarcane,177.44,Manual,2.04,1.34,3148.79,Peaty,Rabi,19488.46
F282,Sugarcane,237.61,Drip,5.42,4.74,5394.19,Peaty,Zaid,83505.51
F283,Sugarcane,449.15,Rain-fed,9.42,5.81,11337.46,Loamy,Rabi,215881.55
F284,Maize,143.56,Rain-fed,3.77,2.53,1040.61,Clay,Zaid,27859.02
F285,Sugarcane,458.6,Rain-fed,22.23,3.32,11039.1,Silty,Rabi,188607.37
F286,Potato,415.96,Flood,12.85,6.24,6264.23,Silty,Zaid,90418.04
F287,Rice,490.47,Rain-fed,15.76,9.17,5544.19,Clay,Rabi,187919.93
F288,Cotton,168.89,Manual,8.05,2.19,1682.47,Loamy,Rabi,64174.9
F289,Wheat,125.52,Sprinkler,5.88,1.17,860.39,Clay,Kharif,21827.15
F290,Wheat,172.12,Drip,7.81,1.19,1750.37,Clay,Kharif,58324.68
F291,Cotton,477.78,Flood,6.65,4.51,5249.06,Silty,Kharif,211974.79
F292,Maize,173.21,Rain-fed,6.13,1.79,1489.96,Loamy,Kharif,43823.39
F293,Barley,286.95,Rain-fed,12.15,4.49,2991.17,Peaty,Kharif,110222.04
F294,Maize,207.8,Sprinkler,9.02,1.6,2304.49,Silty,Kharif,76839.68
F295,Wheat,204.15,Sprinkler,6.76,1.35,1497.48,Peaty,Zaid,41443.16
F296,Wheat,104.76,Flood,1.12,1.13,1302.36,Loamy,Zaid,48968.74
F297,Cotton,273.17,Drip,13.37,3.25,2435.04,Clay,Kharif,88890.5
F298,Sugarcane,426.21,Rain-fed,12.31,6.15,8694.72,Sandy,Zaid,103192.25
F299,Maize,34.25,Flood,0.88,0.53,230.28,Sandy,Kharif,5676.32
F300,Carrot,445.72,Manual,11.5,8.17,6431.32,Loamy,Zaid,128984.24
F301,Cotton,336.08,Manual,9.06,3.14,3343.55,Sandy,Rabi,131759.3
F302,Potato,312.2,Flood,6.15,4.04,5494.07,Peaty,Zaid,109100.78
F303,Wheat,316.69,Rain-fed,7.31,3.32,3432.84,Sandy,Zaid,123769.55
F304,Cotton,155.17,Flood,7.67,0.78,1667.22,Loamy,Zaid,64660.93
F305,Maize,213.42,Rain-fed,5.28,2.92,1917.54,Loamy,Rabi,58989.92
F306,Wheat,401.65,Sprinkler,12.48,6.92,3778.81,Peaty,Kharif,123735.55
F307,Barley,160.13,Flood,7.03,0.89,2026.59,Sandy,Zaid,79193.68
F308,Cotton,240.31,Rain-fed,7.47,1.21,2847.2,Sandy,Zaid,117083.92
F309,Tomato,19.62,Flood,0.45,0.31,352.27,Clay,Rabi,5217.44
F310,Wheat,369.44,Flood,11.43,5.64,3957.95,Silty,Kharif,138198.43
F311,Maize,214.67,Rain-fed,3.13,2.38,1608.76,Loamy,Zaid,44445.28
F312,Rice,267.43,Rain-fed,4.06,3.99,1802.02,Clay,Rabi,43076.68
F313,Carrot,66.2,Drip,2.5,1.28,1125.46,Loamy,Kharif,26966.35
F314,Soybean,495.94,Flood,23.16,4.32,4228.82,Clay,Kharif,136121.63
F315,Sugarcane,158.21,Manual,6.17,1.37,3033.28,Silty,Zaid,27025.48
F316,Soybean,321.14,Flood,4.17,2.5,3475.2,Clay,Zaid,129594.56
F317,Maize,294.81,Flood,7.7,4.68,3777.26,Loamy,Zaid,137399.6
F318,Potato,394.7,Rain-fed,3.99,4.06,7848.95,Sandy,Zaid,186812.94
F319,Potato,153.98,Flood,4.69,3.05,2696.93,Loamy,Rabi,52127.42
F320,Rice,380.4,Flood,6.74,5.98,3595.5,Peaty,Rabi,111023.48
F321,Sugarcane,197.43,Manual,8.83,2.08,3733.56,Peaty,Zaid,30945.84
F322,Tomato,211.47,Rain-fed,3.0,1.53,4416.31,Peaty,Kharif,88207.03
F323,Rice,339.63,Flood,3.42,4.71,4446.22,Peaty,Zaid,162386.63
F324,Soybean,394.3,Sprinkler,11.06,3.72,4763.85,Silty,Kharif,179715.71
F325,Rice,336.76,Drip,5.46,6.26,3905.88,Sandy,Kharif,134946.1
F326,Soybean,450.94,Manual,17.82,5.24,2222.17,Sandy,Kharif,45918.21
F327,Wheat,149.73,Flood,7.01,1.41,1297.87,Loamy,Rabi,39393.47
F328,Potato,451.3,Sprinkler,5.27,6.24,7161.1,Clay,Kharif,119272.7
F329,Wheat,74.12,Flood,1.91,0.52,918.41,Loamy,Kharif,33929.66
F330,Carrot,333.17,Flood,16.62,4.47,3812.77,Loamy,Rabi,42066.12
F331,Sugarcane,278.34,Rain-fed,10.94,1.63,6133.68,Loamy,Kharif,86977.89
F332,Tomato,252.37,Rain-fed,12.15,3.56,4018.21,Loamy,Kharif,38979.74
F333,Soybean,162.35,Rain-fed,2.69,2.1,1617.3,Sandy,Zaid,59243.23
F334,Tomato,256.83,Sprinkler,4.84,3.29,5388.39,Clay,Kharif,107072.59
F335,Soybean,89.27,Flood,1.45,1.36,889.96,Loamy,Kharif,31849.7
F336,Maize,190.97,Drip,4.22,1.08,2258.46,Sandy,Kharif,79792.63
F337,Rice,58.35,Manual,2.27,0.69,621.24,Loamy,Kharif,20015.22
F338,Carrot,290.2,Rain-fed,4.82,3.38,3501.76,Peaty,Kharif,51057.37
F339,Potato,56.93,Rain-fed,1.76,0.68,897.92,Loamy,Rabi,14406.07
F340,Soybean,88.57,Flood,1.84,1.74,1108.17,Loamy,Kharif,42756.41
F341,Tomato,51.88,Flood,2.24,0.37,890.21,Silty,Kharif,11167.93
F342,Carrot,196.84,Sprinkler,2.02,3.02,2184.74,Peaty,Rabi,24633.81
F343,Barley,422.56,Sprinkler,8.0,4.66,3269.32,Clay,Rabi,107301.41
F344,Barley,454.38,Rain-fed,15.54,5.76,3478.78,Loamy,Kharif,112014.86
F345,Wheat,45.23,Flood,0.63,0.74,398.63,Clay,Kharif,13030.63
F346,Potato,320.93,Drip,9.2,2.36,5539.1,Peaty,Kharif,104020.13
F347,Maize,345.35,Manual,9.48,5.68,4627.54,Loamy,Zaid,171627.78
F348,Tomato,271.55,Flood,11.98,1.64,5673.85,Silty,Zaid,109296.03
F349,Rice,336.82,Flood,11.79,4.13,2014.37,Sandy,Kharif,38517.79
F350,Rice,124.51,Sprinkler,4.43,2.01,1434.09,Silty,Rabi,47946.33
F351,Tomato,249.93,Manual,12.01,1.97,5359.6,Silty,Kharif,107391.23
F352,Sugarcane,201.53,Rain-fed,9.93,3.34,5020.03,Sandy,Rabi,92351.2
F353,Maize,53.96,Flood,1.95,0.4,481.22,Sandy,Rabi,14546.91
F354,Carrot,316.52,Rain-fed,9.77,5.38,4148.05,Sandy,Rabi,71360.1
F355,Soybean,252.66,Flood,8.67,3.04,2956.83,Loamy,Kharif,110089.54
F356,Sugarcane,144.84,Rain-fed,3.66,2.21,3448.17,Clay,Kharif,59533.98
F357,Soybean,242.11,Manual,11.98,4.54,2248.69,Clay,Rabi,76122.17
F358,Soybean,389.9,Sprinkler,14.89,4.34,2294.65,Sandy,Zaid,57374.41
F359,Sugarcane,402.81,Manual,8.72,3.42,9196.9,Silty,Zaid,145296.22
F360,Wheat,328.27,Drip,4.04,5.91,1844.8,Peaty,Zaid,41449.4
F361,Barley,239.2,Sprinkler,2.82,1.78,1285.67,Sandy,Rabi,33522.6
F362,Soybean,292.12,Manual,5.32,4.23,2173.73,Silty,Kharif,67904.45
F363,Sugarcane,198.66,Drip,3.84,3.74,4105.73,Silty,Rabi,49360.48
F364,Sugarcane,72.01,Flood,1.92,1.09,1540.58,Loamy,Zaid,20508.44
F365,Cotton,198.95,Flood,3.7,1.58,1370.41,Loamy,Kharif,46884.96
F366,Wheat,269.86,Rain-fed,9.51,1.97,1476.24,Clay,Rabi,30633.57
F367,Potato,303.43,Sprinkler,5.6,2.67,4223.9,Clay,Rabi,49448.64
F368,Cotton,468.54,Flood,8.21,5.09,2351.33,Peaty,Zaid,68428.19
F369,Cotton,390.89,Sprinkler,11.28,2.89,3016.96,Peaty,Rabi,106508.07
F370,Tomato,84.48,Flood,3.85,1.43,1395.59,Peaty,Kharif,15615.59
F371,Barley,95.35,Rain-fed,2.74,0.99,665.27,Peaty,Zaid,20730.66
F372,Sugarcane,59.24,Manual,1.57,1.13,1267.66,Silty,Zaid,17098.96
F373,Barley,371.71,Rain-fed,12.31,6.56,2440.85,Silty,Kharif,72195.09
F374,Maize,356.0,Drip,7.22,6.63,2635.77,Clay,Zaid,70620.29
F375,Tomato,493.32,Flood,11.91,4.65,10552.07,Loamy,Rabi,213733.73
F376,Potato,265.79,Drip,4.93,3.62,4548.3,Loamy,Rabi,84849.87
F377,Barley,414.94,Drip,13.64,4.08,4804.04,Sandy,Zaid,183696.97
F378,Rice,292.46,Sprinkler,11.08,2.59,2913.68,Silty,Kharif,89435.93
F379,Soybean,438.3,Flood,16.19,6.18,5368.06,Peaty,Rabi,203243.36
F380,Maize,363.3,Drip,7.34,6.27,2731.17,Peaty,Kharif,73349.18
F381,Wheat,325.01,Manual,13.39,2.08,3303.32,Sandy,Rabi,112671.67
F382,Potato,286.91,Drip,5.81,2.62,4814.45,Loamy,Rabi,86443.92
F383,Maize,364.26,Manual,5.83,2.94,4627.28,Peaty,Zaid,170280.87
F384,Soybean,215.63,Sprinkler,5.17,3.66,1780.86,Loamy,Zaid,57657.8
F385,Tomato,57.32,Drip,1.94,1.09,1236.04,Sandy,Kharif,25332.52
F386,Soybean,29.59,Rain-fed,0.46,0.18,274.86,Loamy,Zaid,9634.41
F387,Cotton,244.72,Sprinkler,8.79,2.62,2453.01,Loamy,Rabi,93830.48
F388,Soybean,303.65,Manual,13.52,5.68,3678.81,Loamy,Rabi,138088.34
F389,Cotton,48.64,Sprinkler,1.06,0.49,591.83,Peaty,Kharif,24257.83
F390,Tomato,150.58,Drip,4.22,2.36,3098.41,Clay,Kharif,59097.07
F391,Carrot,167.8,Flood,3.21,1.09,2213.18,Silty,Rabi,37889.76
F392,Cotton,285.77,Flood,6.99,3.33,1881.14,Loamy,Zaid,62756.42
F393,Wheat,146.46,Manual,1.59,1.84,1100.21,Loamy,Zaid,32753.73
F394,Soybean,56.87,Manual,2.74,0.93,331.5,Loamy,Kharif,7913.91
F395,Soybean,90.78,Flood,2.42,0.85,481.49,Clay,Kharif,11024.26
F396,Wheat,95.23,Manual,3.96,0.85,940.18,Sandy,Rabi,31649.94
F397,Rice,422.92,Sprinkler,6.64,4.04,5134.98,Peaty,Rabi,179417.86
F398,Sugarcane,149.32,Rain-fed,6.35,1.99,2690.54,Clay,Kharif,17089.86
F399,Carrot,360.2,Rain-fed,15.99,6.53,5523.26,Loamy,Rabi,117660.33
F400,Potato,288.24,Sprinkler,11.13,5.03,4542.87,Clay,Kharif,71686.82
F401,Cotton,488.75,Rain-fed,22.55,2.87,5582.15,Clay,Kharif,223355.4
F402,Wheat,143.68,Drip,2.4,2.61,901.19,Clay,Zaid,22724.17
F403,Tomato,87.6,Sprinkler,2.55,0.56,1682.91,Sandy,Kharif,28503.56
F404,Cotton,35.5,Manual,1.24,0.4,426.41,Silty,Rabi,17336.36
F405,Sugarcane,128.07,Sprinkler,4.33,2.11,2626.93,Peaty,Zaid,30482.4
F406,Tomato,345.19,Flood,15.34,2.15,7145.9,Sandy,Zaid,136942.47
F407,Maize,51.78,Manual,0.96,0.29,642.64,Sandy,Rabi,23453.76
F408,Soybean,129.9,Flood,2.21,1.29,823.08,Silty,Rabi,22666.18
F409,Maize,429.1,Manual,8.64,6.84,5695.65,Sandy,Rabi,213267.91
F410,Cotton,295.65,Rain-fed,13.5,3.79,3172.86,Clay,Kharif,125281.77
F411,Sugarcane,44.07,Sprinkler,2.1,0.5,835.39,Clay,Zaid,6831.29
F412,Carrot,33.36,Drip,1.09,0.57,444.01,Loamy,Kharif,7485.51
F413,Cotton,39.95,Manual,1.2,0.66,363.57,Sandy,Kharif,13982.09
F414,Wheat,471.52,Manual,16.13,7.92,5805.67,Loamy,Kharif,214054.01
F415,Barley,426.44,Flood,14.78,5.07,2690.91,Peaty,Kharif,75877.73
F416,Cotton,424.02,Rain-fed,7.13,2.24,4188.59,Clay,Zaid,166420.56
F417,Soybean,462.87,Flood,17.34,3.51,3301.2,Peaty,Zaid,96396.15
F418,Soybean,257.58,Flood,7.24,4.15,2923.41,Silty,Kharif,108739.62
F419,Cotton,131.2,Rain-fed,4.03,2.14,1260.06,Clay,Rabi,48986.62
F420,Tomato,206.66,Drip,2.32,4.05,3877.82,Peaty,Zaid,63891.91
F421,Barley,362.24,Flood,14.7,2.84,3633.31,Silty,Kharif,130388.2
F422,Wheat,439.26,Flood,19.07,3.01,5428.49,Peaty,Rabi,197919.18
F423,Cotton,223.19,Manual,7.76,1.58,1640.12,Silty,Rabi,56818.71
F424,Tomato,272.34,Rain-fed,10.88,2.12,5697.36,Silty,Kharif,111031.68
F425,Soybean,466.57,Sprinkler,14.42,6.03,2887.96,Clay,Zaid,76313.8
F426,Soybean,62.67,Drip,2.18,1.23,667.39,Loamy,Rabi,23845.97
F427,Sugarcane,432.53,Drip,11.15,5.99,10268.18,Silty,Zaid,173124.38
F428,Cotton,88.06,Rain-fed,3.67,1.13,685.89,Silty,Zaid,24410.34
F429,Barley,247.09,Manual,7.1,3.73,2716.41,Clay,Rabi,103148.3
F430,Rice,117.03,Manual,4.35,0.71,1199.08,Loamy,Kharif,37781.26
F431,Barley,305.44,Rain-fed,10.65,5.26,3701.18,Sandy,Rabi,144936.32
F432,Soybean,283.7,Manual,10.81,4.17,1639.89,Sandy,Rabi,41132.83
F433,Soybean,196.2,Drip,8.12,1.48,1205.7,Loamy,Zaid,29887.42
F434,Maize,433.02,Drip,13.21,6.26,5330.51,Peaty,Kharif,189216.61
F435,Soybean,333.31,Sprinkler,14.17,4.65,3915.46,Clay,Zaid,145637.33
F436,Wheat,363.39,Rain-fed,10.86,2.17,3267.24,Loamy,Rabi,104834.49
F437,Potato,83.82,Flood,4.05,0.75,1720.12,Sandy,Kharif,40703.31
F438,Cotton,442.75,Flood,17.76,4.81,4318.32,Silty,Kharif,164595.29
F439,Barley,91.85,Sprinkler,1.55,0.8,1144.59,Sandy,Kharif,45294.87
F440,Potato,119.16,Sprinkler,5.15,1.03,2043.52,Silty,Kharif,37293.54
F441,Tomato,72.75,Manual,2.33,0.99,1184.22,Clay,Kharif,13141.41
F442,Rice,225.78,Sprinkler,11.15,2.72,2143.51,Silty,Rabi,62710.92
F443,Wheat,444.98,Sprinkler,17.24,6.68,5877.66,Loamy,Rabi,219015.6
F444,Barley,133.7,Flood,1.79,2.59,1009.73,Silty,Rabi,33179.56
F445,Potato,193.14,Manual,4.98,2.88,3914.5,Peaty,Zaid,93248.86
F446,Rice,424.57,Sprinkler,13.03,5.83,5167.26,Loamy,Kharif,177814.61
F447,Maize,312.73,Sprinkler,13.62,5.54,2865.29,Clay,Kharif,86576.82
F448,Wheat,378.29,Manual,14.82,5.48,3641.03,Loamy,Rabi,119823.4
F449,Wheat,114.86,Rain-fed,2.85,0.86,1146.91,Peaty,Kharif,39394.19
F450,Maize,361.08,Manual,13.05,3.51,3905.46,Clay,Zaid,132265.94
F451,Cotton,121.53,Flood,4.02,1.94,580.93,Sandy,Kharif,15881.4
F452,Maize,493.78,Rain-fed,7.43,7.94,6315.9,Peaty,Kharif,233774.67
F453,Wheat,284.34,Drip,5.51,5.63,2815.5,Clay,Zaid,96335.79
F454,Wheat,350.86,Manual,8.3,5.05,4419.17,Silty,Rabi,165768.74
F455,Potato,68.02,Flood,1.21,1.26,1204.05,Loamy,Rabi,23993.56
F456,Soybean,132.82,Rain-fed,2.13,0.77,1087.64,Clay,Kharif,36181.38
F457,Rice,78.47,Manual,0.97,1.06,791.29,Loamy,Zaid,25642.69
F458,Maize,201.18,Sprinkler,9.04,3.78,2478.39,Silty,Rabi,86871.36
F459,Rice,149.23,Manual,3.22,1.39,1225.68,Clay,Rabi,34389.31
F460,Maize,369.13,Drip,7.98,2.7,4843.98,Sandy,Rabi,178137.16
F461,Tomato,63.27,Manual,1.15,0.65,1158.61,Peaty,Kharif,18118.65
F462,Wheat,378.51,Rain-fed,10.98,6.39,4822.73,Clay,Zaid,182628.67
F463,Soybean,32.4,Rain-fed,0.99,0.2,386.86,Silty,Kharif,14652.51
F464,Potato,108.99,Manual,2.0,1.53,2038.74,Clay,Rabi,44365.48
F465,Soybean,398.06,Rain-fed,13.67,2.8,3448.47,Loamy,Zaid,114234.13
F466,Soybean,373.96,Sprinkler,14.55,4.31,3628.29,Clay,Kharif,125193.79
F467,Soybean,243.4,Manual,6.07,4.74,2790.67,Sandy,Rabi,105930.45
F468,Rice,34.49,Sprinkler,1.15,0.27,349.61,Clay,Rabi,10955.28
F469,Maize,308.85,Sprinkler,9.29,1.7,3545.49,Peaty,Kharif,122080.12
F470,Carrot,209.29,Flood,3.73,2.39,3544.12,Clay,Rabi,87121.82
F471,Tomato,165.1,Manual,6.47,2.26,3119.93,Loamy,Rabi,50394.44
F472,Barley,323.8,Rain-fed,13.62,3.06,2916.82,Clay,Zaid,101835.16
F473,Soybean,223.94,Sprinkler,8.05,2.94,1462.54,Sandy,Rabi,40115.45
F474,Cotton,55.29,Flood,1.27,1.07,338.0,Silty,Kharif,10940.93
F475,Rice,458.82,Manual,21.6,4.44,5972.45,Clay,Zaid,211962.44
F476,Potato,391.46,Manual,11.04,3.77,7582.39,Clay,Kharif,170728.88
F477,Barley,37.63,Drip,0.78,0.46,180.2,Peaty,Rabi,3914.88
F478,Carrot,267.28,Drip,7.04,3.4,4708.84,Sandy,Zaid,119676.55
F479,Cotton,50.86,Sprinkler,1.92,0.26,230.79,Silty,Zaid,5598.83
F480,Carrot,420.27,Drip,18.42,5.98,6120.94,Loamy,Zaid,119068.18
F481,Barley,310.38,Sprinkler,7.53,6.2,1608.9,Clay,Zaid,39409.51
F482,Soybean,94.5,Rain-fed,1.82,0.89,1185.68,Silty,Kharif,46071.55
F483,Cotton,20.16,Sprinkler,0.71,0.29,244.29,Loamy,Rabi,9858.38
F484,Carrot,25.47,Drip,1.19,0.13,401.65,Sandy,Rabi,8772.17
F485,Potato,258.61,Rain-fed,4.48,3.64,4035.36,Sandy,Zaid,66432.01
F486,Maize,369.84,Drip,15.58,4.33,3623.64,Silty,Rabi,112727.08
F487,Wheat,69.21,Sprinkler,2.01,0.9,787.77,Loamy,Kharif,28025.23
F488,Maize,118.43,Flood,4.97,1.56,869.5,Sandy,Rabi,22415.94
F489,Barley,170.36,Manual,5.15,1.3,1404.19,Silty,Kharif,47136.01
F490,Rice,116.86,Drip,2.93,1.93,1350.79,Sandy,Kharif,46147.95
F491,Wheat,201.75,Sprinkler,7.64,2.69,1700.01,Sandy,Rabi,52084.44
F492,Tomato,284.21,Rain-fed,13.08,2.57,4259.48,Sandy,Kharif,32058.65
F493,Potato,345.62,Drip,7.88,6.59,5790.66,Peaty,Kharif,104707.96
F494,Tomato,482.25,Drip,13.71,2.5,9992.77,Loamy,Kharif,190471.55
F495,Cotton,466.11,Manual,8.94,7.41,5551.54,Silty,Kharif,228734.23
F496,Wheat,289.36,Sprinkler,5.02,3.1,1577.86,Silty,Zaid,33224.12
F497,Tomato,369.73,Flood,15.2,4.75,7087.71,Loamy,Rabi,116824.05
F498,Tomato,475.93,Rain-fed,8.58,4.46,8655.03,Loamy,Zaid,133247.99
F499,Carrot,50.9,Sprinkler,2.12,0.5,653.27,Loamy,Kharif,10026.5
F500,Maize,12.76,Rain-fed,0.35,0.07,135.32,Loamy,Rabi,4531.51
F501,Carrot,24.6,Drip,1.23,0.39,300.38,Clay,Kharif,4070.36
F502,Wheat,286.04,Manual,5.12,4.48,2107.29,Silty,Rabi,61082.92
F503,Wheat,383.79,Manual,5.27,5.69,4317.38,Clay,Zaid,158390.6
F504,Barley,189.87,Flood,2.47,3.45,1555.56,Sandy,Rabi,53953.42
F505,Carrot,277.17,Manual,12.03,5.13,5169.48,Sandy,Kharif,137881.88
F506,Sugarcane,263.02,Drip,7.24,3.51,5489.67,Silty,Rabi,66960.63
F507,Maize,56.44,Flood,0.57,0.86,508.01,Sandy,Rabi,16101.94
F508,Wheat,167.58,Sprinkler,7.54,0.87,1309.87,Loamy,Zaid,36884.49
F509,Barley,19.52,Manual,0.88,0.35,129.79,Clay,Kharif,3797.61
F510,Carrot,64.25,Flood,2.71,1.11,1170.85,Loamy,Rabi,30125.66
F511,Maize,407.81,Drip,8.13,2.16,4658.89,Sandy,Zaid,162932.81
F512,Carrot,416.41,Rain-fed,10.37,5.47,5524.58,Clay,Rabi,97174.47
F513,Tomato,402.95,Rain-fed,16.04,7.49,8201.65,Loamy,Kharif,153147.55
F514,Barley,366.14,Drip,10.83,2.83,4591.3,Silty,Rabi,178059.38
F515,Maize,398.72,Drip,6.44,4.1,2436.49,Loamy,Rabi,51682.19
F516,Soybean,338.78,Rain-fed,6.68,3.38,2318.56,Sandy,Rabi,69721.8
F517,Cotton,338.22,Flood,16.54,3.5,2017.42,Clay,Rabi,60957.57
F518,Cotton,337.01,Rain-fed,5.41,1.9,3720.46,Silty,Kharif,150950.03
F519,Maize,261.88,Drip,10.22,2.41,1845.82,Clay,Zaid,44958.71
F520,Carrot,188.04,Manual,5.48,1.77,2470.72,Silty,Zaid,41976.28
F521,Barley,367.8,Sprinkler,14.69,6.62,3367.71,Clay,Rabi,116791.43
F522,Cotton,156.34,Manual,5.7,1.61,1428.83,Sandy,Kharif,54473.55
F523,Barley,276.02,Manual,7.61,3.23,3075.13,Silty,Kharif,116832.82
F524,Cotton,222.34,Drip,5.37,2.38,1665.29,Peaty,Kharif,58460.82
F525,Tomato,145.54,Rain-fed,5.85,0.99,2766.07,Clay,Kharif,45657.13
F526,Carrot,487.6,Flood,11.18,9.68,8941.35,Clay,Kharif,237062.78
F527,Tomato,136.79,Manual,5.68,2.38,2348.49,Loamy,Kharif,29949.07
F528,Cotton,161.55,Rain-fed,6.01,2.12,1005.34,Silty,Rabi,32187.57
F529,Soybean,89.18,Flood,2.95,1.08,945.57,Peaty,Zaid,34265.68
F530,Soybean,413.26,Manual,10.23,6.09,4509.87,Sandy,Zaid,168798.12
F531,Tomato,297.43,Flood,5.41,2.94,5351.98,Loamy,Rabi,79089.76
F532,Soybean,310.39,Rain-fed,11.92,1.79,2055.99,Peaty,Zaid,57481.47
F533,Cotton,412.08,Sprinkler,5.63,4.56,4276.28,Silty,Kharif,169597.36
F534,Maize,178.03,Rain-fed,8.69,3.52,1948.59,Peaty,Kharif,65550.37
F535,Tomato,104.88,Drip,5.15,0.81,2297.91,Clay,Zaid,47247.68
F536,Rice,107.22,Flood,1.63,1.38,1321.74,Clay,Kharif,46932.87
F537,Carrot,368.98,Sprinkler,5.22,1.89,4549.36,Loamy,Kharif,67183.84
F538,Soybean,310.92,Flood,8.24,2.12,3594.28,Silty,Zaid,134606.81
F539,Soybean,111.11,Flood,5.39,1.53,720.89,Silty,Rabi,18895.75
F540,Wheat,81.08,Manual,2.11,0.77,976.17,Peaty,Zaid,36120.56
F541,Sugarcane,69.14,Drip,1.7,1.28,1651.9,Loamy,Zaid,28216.68
F542,Tomato,317.62,Flood,12.12,3.52,6143.04,Silty,Zaid,104162.15
F543,Potato,10.06,Rain-fed,0.17,0.08,177.63,Clay,Zaid,3589.63
F544,Soybean,18.98,Rain-fed,0.47,0.25,107.2,Peaty,Rabi,2687.67
F545,Carrot,200.88,Manual,4.35,3.4,2181.87,Sandy,Rabi,23292.97
F546,Rice,348.76,Drip,11.88,1.85,2947.66,Clay,Kharif,81002.88
F547,Soybean,350.57,Drip,5.79,4.41,4022.99,Loamy,Kharif,150240.79
F548,Rice,220.76,Rain-fed,7.05,3.66,2071.17,Silty,Zaid,63206.14
F549,Cotton,348.63,Sprinkler,15.44,2.28,2144.71,Clay,Kharif,66015.0
F550,Cotton,265.34,Manual,8.11,4.92,2861.74,Sandy,Rabi,115108.44
F551,Sugarcane,488.7,Manual,18.25,4.38,9534.87,Sandy,Kharif,93561.37
F552,Maize,89.61,Rain-fed,1.17,0.68,1065.89,Loamy,Kharif,38189.64
F553,Potato,304.33,Rain-fed,8.51,4.21,4941.05,Clay,Kharif,85574.25
F554,Wheat,250.71,Sprinkler,3.46,1.91,2212.6,Peaty,Zaid,71551.27
F555,Sugarcane,105.29,Sprinkler,3.58,1.6,2099.24,Clay,Kharif,22014.55
F556,Barley,377.5,Drip,8.02,4.66,4474.93,Sandy,Rabi,173674.12
F557,Wheat,145.0,Manual,3.12,0.96,852.92,Loamy,Rabi,19649.4
F558,Tomato,197.04,Manual,2.58,3.68,3098.17,Loamy,Rabi,31085.18
F559,Carrot,193.67,Rain-fed,4.34,2.92,3036.9,Peaty,Rabi,68626.65
F560,Barley,129.66,Drip,3.92,1.71,1505.81,Loamy,Kharif,57056.46
F561,Barley,221.05,Manual,7.38,2.35,1213.29,Loamy,Zaid,30544.19
F562,Sugarcane,241.94,Drip,3.06,1.7,5702.58,Loamy,Rabi,95203.4
F563,Maize,374.67,Drip,13.51,5.85,4346.8,Loamy,Rabi,148745.17
F564,Sugarcane,384.88,Rain-fed,11.38,6.62,8585.6,Loamy,Zaid,128015.79
F565,Tomato,87.69,Drip,2.76,0.6,1632.39,Sandy,Zaid,25842.19
F566,Soybean,300.46,Sprinkler,13.01,3.73,2288.87,Clay,Rabi,68635.25
F567,Soybean,449.14,Sprinkler,10.64,5.51,3478.29,Silty,Rabi,108055.48
F568,Maize,63.31,Flood,1.07,0.65,685.62,Loamy,Zaid,23408.67
F569,Tomato,241.73,Rain-fed,7.75,4.07,3676.28,Silty,Rabi,30485.49
F570,Maize,377.67,Flood,18.05,2.45,3921.16,Silty,Rabi,126132.97
F571,Rice,309.63,Sprinkler,9.51,2.5,2458.89,Sandy,Kharif,65484.7
F572,Soybean,59.29,Flood,2.57,0.3,521.37,Loamy,Zaid,16994.16
F573,Barley,204.34,Rain-fed,8.23,2.16,1886.5,Silty,Kharif,66121.79
F574,Potato,258.55,Rain-fed,7.95,2.42,5117.44,Loamy,Kharif,117448.69
F575,Carrot,497.96,Drip,17.88,8.97,7676.52,Peaty,Zaid,165139.89
F576,Tomato,97.52,Manual,2.56,1.58,1604.06,Peaty,Kharif,18612.64
F577,Wheat,491.39,Drip,15.34,3.08,2922.12,Peaty,Rabi,64756.92
F578,Maize,194.31,Rain-fed,5.89,3.13,2036.38,Silty,Kharif,68164.24
F579,Carrot,108.16,Sprinkler,4.15,1.64,1638.79,Peaty,Zaid,34396.03
F580,Wheat,212.91,Sprinkler,5.62,1.96,2247.92,Sandy,Rabi,78505.27
F581,Carrot,310.86,Drip,4.35,1.63,4442.59,Sandy,Rabi,88208.53
F582,Potato,114.61,Rain-fed,4.76,0.77,2222.73,Silty,Rabi,49289.67
F583,Wheat,152.81,Sprinkler,5.71,1.34,1945.87,Loamy,Rabi,71523.79
F584,Sugarcane,428.73,Rain-fed,20.58,7.4,7752.4,Clay,Kharif,49733.18
F585,Cotton,499.51,Sprinkler,13.56,5.98,5107.01,Loamy,Kharif,198624.31
F586,Sugarcane,165.9,Rain-fed,2.18,3.12,2958.08,Loamy,Rabi,18923.78
F587,Soybean,82.94,Flood,1.23,1.4,693.31,Loamy,Zaid,23060.48
F588,Cotton,398.65,Rain-fed,16.32,3.71,3186.19,Loamy,Rabi,113473.3
F589,Sugarcane,304.22,Rain-fed,3.87,5.38,7011.86,Clay,Kharif,115144.67
F590,Cotton,59.2,Drip,2.74,0.4,429.14,Peaty,Rabi,14264.08
F591,Cotton,473.92,Flood,10.08,2.63,5104.44,Loamy,Kharif,203007.78
F592,Barley,48.24,Manual,2.22,0.68,361.26,Sandy,Rabi,11440.92
F593,Maize,316.42,Drip,12.95,3.2,2660.27,Silty,Zaid,74994.9
F594,Maize,217.73,Manual,9.76,2.16,1613.6,Silty,Rabi,41173.53
F595,Barley,282.75,Sprinkler,5.25,4.33,2839.76,Sandy,Zaid,105618.98
F596,Carrot,114.47,Manual,3.87,2.03,1295.86,Loamy,Zaid,14954.42
F597,Rice,347.17,Rain-fed,4.77,3.41,2924.9,Clay,Rabi,85134.74
F598,Carrot,480.26,Manual,8.69,4.74,6099.45,Peaty,Zaid,99297.33
F599,Wheat,234.63,Drip,5.25,3.05,1652.92,Silty,Zaid,44986.35
F600,Wheat,266.25,Drip,10.55,3.94,1552.38,Peaty,Kharif,33119.67
F601,Cotton,127.51,Manual,1.4,1.03,705.99,Clay,Kharif,22460.9
F602,Sugarcane,447.02,Drip,20.62,8.35,9589.77,Silty,Zaid,124492.76
F603,Sugarcane,485.88,Drip,6.23,7.2,10528.02,Peaty,Rabi,146489.79
F604,Maize,395.29,Manual,9.91,5.68,2981.79,Clay,Zaid,82141.06
F605,Tomato,275.96,Flood,3.65,5.12,5456.32,Peaty,Rabi,99372.13
F606,Carrot,478.83,Flood,19.52,8.91,6467.37,Loamy,Kharif,112198.27
F607,Soybean,85.39,Sprinkler,1.34,0.6,664.49,Clay,Rabi,21081.79
F608,Potato,244.46,Drip,11.1,1.75,4682.05,Peaty,Zaid,100974.35
F609,Sugarcane,273.43,Manual,8.53,4.49,6044.4,Loamy,Zaid,87711.68
F610,Potato,251.04,Drip,12.03,4.86,5156.56,Loamy,Zaid,120817.55
F611,Cotton,403.18,Rain-fed,8.71,6.05,2786.95,Clay,Zaid,98264.43
F612,Potato,338.5,Drip,9.54,3.78,6534.56,Sandy,Zaid,145938.49
F613,Soybean,72.06,Drip,2.72,1.1,790.03,Silty,Rabi,28488.89
F614,Barley,179.76,Flood,7.78,1.52,2141.39,Clay,Zaid,81984.66
F615,Soybean,176.15,Manual,4.73,3.52,2205.24,Loamy,Kharif,85029.39
F616,Potato,287.16,Drip,13.12,3.29,3728.08,Loamy,Zaid,29597.73
F617,Soybean,152.81,Flood,2.25,2.9,835.47,Clay,Rabi,20678.74
F618,Rice,67.46,Sprinkler,2.59,0.77,751.34,Sandy,Zaid,24943.53
F619,Cotton,330.3,Flood,7.9,6.25,2400.08,Silty,Zaid,84584.36
F620,Carrot,427.01,Flood,6.0,4.29,7325.46,Peaty,Rabi,182610.03
F621,Barley,466.49,Flood,11.88,7.65,2201.99,Clay,Zaid,48884.18
F622,Sugarcane,486.56,Drip,22.0,9.37,11852.54,Silty,Rabi,205714.62
F623,Wheat,392.75,Drip,19.33,5.77,2553.5,Silty,Zaid,60521.09
F624,Carrot,78.45,Sprinkler,2.02,1.19,1025.57,Loamy,Kharif,16953.92
F625,Wheat,428.02,Rain-fed,19.46,2.8,5575.73,Peaty,Zaid,208718.28
F626,Cotton,205.98,Rain-fed,6.26,2.5,939.17,Clay,Rabi,24849.32
F627,Barley,367.66,Rain-fed,14.22,6.73,2770.98,Loamy,Kharif,88096.48
F628,Maize,270.32,Sprinkler,3.19,2.33,1661.1,Loamy,Rabi,36172.1
F629,Sugarcane,416.02,Rain-fed,13.43,7.0,10153.6,Sandy,Zaid,183647.28
F630,Rice,218.5,Rain-fed,2.8,3.31,2436.51,Silty,Kharif,83292.77
F631,Maize,40.28,Flood,0.84,0.34,477.05,Clay,Rabi,16922.6
F632,Cotton,282.84,Drip,9.24,2.61,2404.71,Clay,Kharif,87939.42
F633,Carrot,93.93,Drip,3.97,1.07,1288.36,Clay,Kharif,22833.83
F634,Rice,483.1,Flood,15.67,3.32,2810.24,Loamy,Rabi,48749.72
F635,Soybean,268.21,Flood,12.73,5.02,1930.29,Sandy,Kharif,56638.56
F636,Potato,281.24,Flood,11.93,4.53,4760.74,Peaty,Rabi,86010.38
F637,Rice,454.56,Drip,7.39,4.76,5010.83,Loamy,Kharif,166253.04
F638,Cotton,316.05,Rain-fed,8.08,3.0,1882.84,Peaty,Kharif,60546.65
F639,Tomato,158.34,Flood,5.82,2.43,2503.17,Sandy,Kharif,24631.02
F640,Potato,155.09,Sprinkler,7.37,1.76,2250.17,Silty,Zaid,28015.72
F641,Wheat,255.77,Flood,12.66,2.16,2090.53,Clay,Zaid,61802.67
F642,Sugarcane,434.64,Manual,17.61,4.98,8239.39,Peaty,Rabi,69260.14
F643,Wheat,399.42,Flood,13.16,7.22,2601.78,Loamy,Kharif,64995.97
F644,Rice,481.74,Drip,19.4,2.9,3003.21,Peaty,Rabi,56605.12
F645,Wheat,45.22,Flood,0.95,0.48,542.68,Silty,Zaid,20020.3
F646,Cotton,141.48,Manual,3.02,2.75,820.66,Clay,Zaid,26584.54
F647,Soybean,49.3,Sprinkler,1.78,0.26,570.86,Peaty,Zaid,21138.68
F648,Carrot,378.03,Rain-fed,16.96,6.94,5390.84,Silty,Zaid,104080.31
F649,Sugarcane,79.01,Flood,3.86,0.84,1815.46,Loamy,Rabi,27888.04
F650,Wheat,58.94,Manual,1.39,0.46,334.88,Sandy,Kharif,7679.31
F651,Wheat,285.22,Manual,11.94,1.49,2854.44,Loamy,Rabi,95101.33
F652,Rice,211.63,Sprinkler,9.32,1.28,1732.02,Clay,Kharif,45711.15
F653,Carrot,360.4,Drip,12.59,2.73,4183.65,Loamy,Zaid,49765.42
F654,Maize,248.64,Flood,5.94,1.34,3180.31,Loamy,Kharif,115192.03
F655,Wheat,218.41,Manual,7.59,2.19,2198.78,Loamy,Zaid,74577.71
F656,Cotton,218.5,Sprinkler,7.29,1.24,1372.95,Loamy,Rabi,42974.31
F657,Tomato,437.22,Rain-fed,14.98,6.73,7876.56,Clay,Kharif,117113.25
F658,Sugarcane,203.66,Manual,7.08,3.52,4191.64,Silty,Rabi,49440.65
F659,Wheat,173.36,Sprinkler,7.61,3.17,1895.01,Peaty,Zaid,65918.74
F660,Cotton,175.88,Drip,2.96,2.33,1578.4,Sandy,Rabi,60322.89
F661,Cotton,106.33,Drip,2.63,2.04,462.36,Peaty,Zaid,11474.85
F662,Sugarcane,431.74,Manual,14.44,2.2,8326.01,Peaty,Zaid,77337.49
F663,Maize,81.85,Manual,1.75,0.57,750.12,Sandy,Zaid,23838.65
F664,Cotton,455.22,Flood,22.36,4.28,3609.3,Clay,Rabi,126639.41
F665,Tomato,148.9,Sprinkler,3.06,2.51,2791.43,Sandy,Rabi,45662.91
F666,Cotton,450.72,Manual,12.97,8.24,4436.85,Clay,Kharif,173943.48
F667,Cotton,397.5,Flood,17.93,5.67,3889.17,Peaty,Kharif,148190.22
F668,Cotton,295.17,Flood,3.9,3.17,2082.71,Clay,Rabi,73535.3
F669,Soybean,338.04,Manual,14.48,5.07,4062.67,Silty,Rabi,152467.21
F670,Soybean,169.66,Drip,5.57,1.31,926.88,Sandy,Rabi,21237.31
F671,Maize,291.37,Sprinkler,3.28,3.46,2945.96,Silty,Rabi,97261.13
F672,Wheat,153.28,Sprinkler,7.07,1.93,1986.26,Peaty,Zaid,73553.88
F673,Cotton,207.11,Drip,2.4,1.36,1751.24,Sandy,Zaid,66200.28
F674,Carrot,384.68,Manual,11.77,2.12,5508.37,Peaty,Zaid,108497.43
F675,Wheat,129.53,Sprinkler,1.55,2.11,802.84,Silty,Rabi,19891.07
F676,Maize,421.03,Manual,5.41,5.48,4966.2,Peaty,Zaid,178550.49
F677,Barley,194.18,Manual,8.83,1.94,1497.99,Sandy,Zaid,48452.05
F678,Wheat,270.76,Flood,11.0,3.13,2937.88,Sandy,Kharif,103024.99
F679,Wheat,471.56,Drip,8.43,9.13,3176.1,Peaty,Kharif,84418.2
F680,Potato,343.82,Manual,11.97,3.7,4459.67,Sandy,Zaid,40138.81
F681,Rice,326.35,Rain-fed,13.64,2.14,2652.66,Sandy,Zaid,72509.84
F682,Potato,358.69,Drip,16.35,4.29,5426.99,Peaty,Zaid,76244.66
F683,Tomato,459.87,Sprinkler,13.21,6.77,10003.88,Silty,Rabi,206663.07
F684,Soybean,131.77,Flood,6.05,0.68,1570.59,Sandy,Kharif,58752.99
F685,Soybean,310.49,Sprinkler,9.41,3.1,2848.33,Sandy,Kharif,97355.96
F686,Rice,206.19,Sprinkler,7.74,2.25,1218.5,Sandy,Kharif,22186.28
F687,Sugarcane,15.81,Drip,0.78,0.19,311.03,Sandy,Zaid,3024.75
F688,Sugarcane,71.4,Sprinkler,1.39,0.68,1627.79,Peaty,Rabi,25389.29
F689,Maize,169.25,Manual,2.83,2.54,1047.66,Silty,Kharif,23789.79
F690,Rice,286.85,Sprinkler,6.79,5.5,3243.39,Silty,Kharif,109074.39
F691,Wheat,441.92,Flood,7.33,8.27,2285.7,Clay,Rabi,46306.82
F692,Sugarcane,397.65,Flood,8.5,5.95,9152.35,Sandy,Zaid,148327.78
F693,Cotton,281.13,Rain-fed,11.17,3.54,3066.11,Sandy,Zaid,123084.66
F694,Carrot,46.2,Flood,1.34,0.8,666.36,Clay,Kharif,13290.14
F695,Wheat,150.09,Sprinkler,3.75,2.63,1778.62,Silty,Kharif,64785.47
F696,Tomato,189.69,Flood,4.69,3.31,3975.44,Loamy,Rabi,78267.06
F697,Cotton,314.64,Drip,5.59,2.32,3021.03,Loamy,Kharif,115966.65
F698,Cotton,41.81,Flood,1.17,0.23,326.48,Silty,Rabi,11626.39
F699,Rice,269.79,Manual,9.44,5.33,2105.98,Sandy,Kharif,56322.81
F700,Maize,451.72,Drip,7.03,8.76,5584.7,Loamy,Kharif,200718.74
F701,Tomato,355.66,Rain-fed,17.4,4.79,7109.55,Peaty,Kharif,127837.79
F702,Sugarcane,400.57,Manual,11.11,7.97,9612.14,Peaty,Zaid,167920.65
F703,Rice,344.02,Sprinkler,16.48,5.7,3539.77,Clay,Rabi,110357.41
F704,Sugarcane,111.23,Sprinkler,1.71,1.42,2117.76,Silty,Rabi,18769.46
F705,Rice,64.14,Sprinkler,2.61,0.7,877.3,Silty,Zaid,31541.02
F706,Rice,416.45,Manual,14.45,5.79,2993.39,Loamy,Zaid,72085.7
F707,Rice,350.8,Manual,15.02,4.47,4554.8,Sandy,Zaid,162944.09
F708,Maize,291.78,Manual,9.93,5.81,2094.28,Silty,Rabi,53470.31
F709,Rice,102.75,Drip,4.98,1.27,919.71,Loamy,Kharif,25635.75
F710,Barley,305.64,Drip,10.72,5.36,2548.62,Loamy,Zaid,84366.57
F711,Carrot,25.35,Sprinkler,1.05,0.44,461.34,Silty,Zaid,11876.66
F712,Sugarcane,68.23,Flood,3.08,0.41,1704.29,Loamy,Zaid,31064.25
F713,Wheat,162.83,Sprinkler,6.28,1.03,1938.53,Clay,Kharif,69899.39
F714,Potato,227.43,Rain-fed,7.04,3.39,3558.5,Clay,Kharif,57010.33
F715,Tomato,69.08,Drip,1.44,0.61,1018.64,Silty,Zaid,7031.81
F716,Soybean,68.77,Manual,3.04,1.02,713.26,Sandy,Kharif,25626.25
F717,Maize,365.69,Drip,10.69,2.62,3228.99,Clay,Zaid,96681.13
F718,Wheat,289.16,Manual,10.07,3.17,3253.72,Clay,Kharif,116481.39
F719,Cotton,271.53,Rain-fed,3.58,1.78,2830.62,Silty,Rabi,113484.96
F720,Barley,231.69,Rain-fed,6.93,2.14,1897.39,Peaty,Rabi,63921.61
F721,Soybean,488.51,Drip,18.53,3.09,5412.29,Loamy,Kharif,195031.69
F722,Potato,34.4,Manual,1.15,0.67,666.98,Clay,Rabi,14998.47
F723,Wheat,98.51,Rain-fed,2.75,1.08,1239.08,Peaty,Rabi,46435.41
F724,Soybean,327.28,Sprinkler,6.2,6.06,3094.61,Sandy,Rabi,108977.99
F725,Wheat,76.82,Sprinkler,1.72,1.5,874.07,Peaty,Zaid,31602.75
F726,Barley,298.8,Manual,11.36,5.57,2597.97,Silty,Kharif,88989.4
F727,Potato,288.2,Drip,5.47,3.41,3734.99,Sandy,Kharif,33623.26
F728,Cotton,485.79,Rain-fed,16.94,8.1,2604.18,Sandy,Kharif,78741.42
F729,Rice,442.86,Drip,14.88,3.24,3034.74,Peaty,Rabi,67000.11
F730,Sugarcane,473.32,Sprinkler,23.11,3.04,9132.92,Silty,Zaid,79852.23
F731,Cotton,65.67,Rain-fed,0.82,1.19,266.38,Clay,Kharif,6834.76
F732,Rice,435.39,Drip,6.24,2.38,5463.24,Peaty,Rabi,193089.16
F733,Maize,73.25,Flood,2.22,1.43,727.74,Clay,Zaid,23738.81
F734,Carrot,320.14,Manual,9.95,4.83,4391.84,Peaty,Zaid,81077.84
F735,Tomato,362.84,Manual,4.21,4.1,6453.85,Clay,Kharif,95757.22
F736,Tomato,88.82,Flood,3.82,0.63,1646.66,Peaty,Kharif,25343.43
F737,Sugarcane,320.0,Sprinkler,9.53,5.07,5850.24,Sandy,Rabi,41457.49
F738,Potato,35.71,Rain-fed,0.85,0.48,529.8,Loamy,Kharif,7493.41
F739,Barley,153.7,Manual,3.5,2.41,1747.27,Sandy,Rabi,67728.16
F740,Potato,461.37,Flood,20.51,5.2,8646.6,Clay,Zaid,183379.85
F741,Barley,94.15,Flood,1.68,0.56,860.72,Silty,Zaid,30632.29
F742,Potato,41.98,Sprinkler,0.69,0.41,689.26,Sandy,Zaid,12270.65
F743,Carrot,227.4,Sprinkler,4.21,2.21,2901.84,Loamy,Zaid,46296.67
F744,Maize,426.8,Drip,14.94,2.19,4005.4,Clay,Kharif,123133.49
F745,Maize,47.57,Manual,2.02,0.24,490.77,Sandy,Kharif,16132.81
F746,Rice,184.21,Drip,4.28,1.84,2106.86,Peaty,Rabi,70931.91
F747,Soybean,450.89,Flood,7.64,7.18,2777.88,Silty,Rabi,75143.5
F748,Maize,67.9,Rain-fed,1.25,0.98,804.48,Clay,Rabi,28872.47
F749,Maize,162.23,Rain-fed,5.64,1.39,1333.33,Sandy,Rabi,38662.81
F750,Cotton,391.43,Sprinkler,7.77,5.5,3202.91,Clay,Rabi,117937.95
F751,Cotton,276.17,Rain-fed,12.45,4.06,2515.89,Peaty,Zaid,94772.14
F752,Rice,417.84,Rain-fed,5.91,5.36,3948.41,Loamy,Zaid,123363.23
F753,Soybean,64.68,Rain-fed,0.73,0.83,594.91,Sandy,Zaid,21266.24
F754,Sugarcane,461.07,Flood,6.24,4.86,8515.45,Clay,Rabi,66675.27
F755,Cotton,468.11,Rain-fed,20.52,3.21,3603.16,Clay,Zaid,127728.64
F756,Sugarcane,86.1,Rain-fed,3.1,0.93,1714.3,Clay,Zaid,18270.02
F757,Wheat,26.6,Rain-fed,1.28,0.27,159.97,Loamy,Zaid,3575.18
F758,Cotton,495.02,Drip,11.61,6.87,2826.17,Clay,Zaid,87450.48
F759,Carrot,246.3,Flood,4.56,4.4,3803.93,Silty,Kharif,83983.96
F760,Soybean,290.32,Sprinkler,9.43,3.09,1910.7,Silty,Rabi,51872.25
F761,Rice,311.79,Drip,9.83,4.88,2249.18,Clay,Rabi,53761.15
F762,Wheat,396.94,Manual,13.35,6.82,3822.6,Silty,Kharif,127469.42
F763,Soybean,407.87,Flood,9.75,3.33,4908.48,Sandy,Zaid,188389.3
F764,Carrot,105.02,Flood,1.08,1.95,1769.21,Silty,Zaid,43634.81
F765,Soybean,125.95,Manual,1.44,0.76,1504.34,Clay,Zaid,58194.31
F766,Carrot,439.65,Manual,16.07,8.14,6762.09,Peaty,Rabi,146487.29
F767,Carrot,411.56,Manual,12.73,3.07,5730.82,Sandy,Rabi,108641.2
F768,Sugarcane,312.63,Sprinkler,13.39,3.14,7424.95,Loamy,Rabi,122507.48
F769,Potato,497.4,Rain-fed,10.95,7.0,7294.31,Clay,Rabi,101741.52
F770,Wheat,370.24,Flood,15.78,6.88,2210.2,Loamy,Rabi,48583.5
F771,Soybean,115.76,Rain-fed,3.13,1.02,879.38,Peaty,Kharif,27533.05
F772,Barley,424.86,Rain-fed,5.89,6.99,2955.07,Loamy,Rabi,93338.51
F773,Wheat,213.22,Manual,10.47,3.34,2277.24,Clay,Zaid,78936.99
F774,Potato,27.71,Sprinkler,0.84,0.2,475.93,Clay,Rabi,8883.84
F775,Wheat,167.5,Drip,5.89,2.04,1075.49,Peaty,Kharif,26013.06
F776,Maize,384.14,Sprinkler,14.15,4.7,4930.83,Clay,Zaid,178011.17
F777,Barley,480.5,Rain-fed,11.77,4.6,4499.4,Peaty,Kharif,162090.1
F778,Potato,145.31,Sprinkler,5.8,2.43,2391.84,Peaty,Zaid,41132.54
F779,Sugarcane,130.79,Manual,5.86,2.47,3303.75,Clay,Rabi,62110.71
F780,Soybean,286.17,Drip,7.29,4.51,1638.36,Silty,Kharif,39755.24
F781,Tomato,407.73,Manual,14.79,7.99,8561.49,Peaty,Zaid,169547.26
F782,Potato,375.8,Drip,15.14,2.16,5930.96,Clay,Rabi,92395.92
F783,Rice,284.38,Rain-fed,5.01,1.58,3167.22,Silty,Zaid,107539.92
F784,Soybean,319.38,Drip,7.44,5.88,3943.4,Peaty,Kharif,150840.48
F785,Potato,128.63,Drip,1.85,2.38,2159.82,Silty,Kharif,39499.91
F786,Maize,221.96,Drip,7.57,1.47,1274.95,Sandy,Kharif,24206.12
F787,Tomato,135.13,Sprinkler,5.68,1.4,2030.45,Sandy,Kharif,15072.21
F788,Maize,443.36,Sprinkler,15.27,7.77,3656.59,Silty,Rabi,102960.09
F789,Tomato,65.15,Rain-fed,1.12,0.45,1355.16,Peaty,Zaid,26885.72
F790,Rice,343.07,Drip,10.93,3.09,2776.8,Clay,Rabi,73865.15
F791,Soybean,137.54,Flood,5.97,2.09,1062.8,Loamy,Kharif,32154.84
F792,Sugarcane,243.03,Rain-fed,5.37,4.79,5785.0,Clay,Zaid,100563.21
F793,Maize,156.71,Drip,6.79,2.66,1039.8,Loamy,Kharif,22954.53
F794,Maize,168.39,Drip,6.97,2.81,2100.77,Loamy,Rabi,73877.02
F795,Carrot,137.59,Sprinkler,1.5,1.4,1753.33,Peaty,Rabi,28387.69
F796,Tomato,378.87,Rain-fed,7.42,5.65,5683.65,Silty,Rabi,45649.58
F797,Cotton,189.2,Drip,6.0,1.27,984.3,Clay,Zaid,27800.61
F798,Soybean,365.91,Drip,14.16,7.28,4625.32,Silty,Zaid,176013.12
F799,Tomato,233.47,Rain-fed,10.56,2.85,4278.59,Sandy,Kharif,65496.44
F800,Carrot,278.15,Flood,9.91,4.06,3555.57,Peaty,Zaid,56346.42
F801,Wheat,276.21,Rain-fed,6.96,5.01,2554.25,Peaty,Zaid,85213.37
F802,Tomato,488.17,Rain-fed,8.49,2.45,9754.96,Sandy,Rabi,182056.54
F803,Sugarcane,189.86,Flood,7.67,3.73,3855.06,Clay,Kharif,43196.96
F804,Soybean,111.77,Rain-fed,2.04,1.16,1175.45,Sandy,Rabi,43600.56
F805,Carrot,456.78,Drip,17.27,4.61,5865.15,Clay,Kharif,91767.09
F806,Wheat,95.67,Rain-fed,1.65,0.69,574.52,Loamy,Kharif,13866.1
F807,Barley,418.87,Flood,5.71,7.49,3746.01,Peaty,Zaid,133988.62
F808,Carrot,83.61,Manual,1.68,1.51,984.46,Clay,Rabi,13414.26
F809,Barley,332.77,Rain-fed,7.12,1.76,4036.28,Silty,Zaid,158465.41
F810,Soybean,83.76,Sprinkler,3.01,0.49,420.77,Silty,Zaid,8391.54
F811,Maize,462.31,Drip,7.6,8.68,5303.05,Peaty,Zaid,185978.17
F812,Carrot,286.85,Drip,13.54,1.96,3758.64,Sandy,Kharif,60752.61
F813,Rice,171.34,Sprinkler,5.51,2.45,2138.91,Sandy,Rabi,75123.24
F814,Barley,78.76,Sprinkler,2.33,1.13,410.76,Clay,Rabi,9770.77
F815,Sugarcane,191.88,Rain-fed,5.26,3.46,4827.61,Sandy,Zaid,92334.72
F816,Rice,355.46,Sprinkler,11.61,4.83,2339.53,Peaty,Kharif,49962.7
F817,Potato,198.63,Manual,2.16,2.29,3737.29,Clay,Rabi,82460.17
F818,Potato,130.59,Flood,6.48,2.56,2224.76,Loamy,Rabi,40081.7
F819,Wheat,292.93,Sprinkler,9.46,2.47,2532.76,Sandy,Zaid,79723.39
F820,Maize,214.73,Sprinkler,2.45,1.92,1631.04,Sandy,Kharif,45536.72
F821,Soybean,91.25,Manual,3.07,0.57,1059.44,Clay,Zaid,39832.83
F822,Carrot,85.45,Drip,2.35,1.68,1056.13,Silty,Rabi,15373.24
F823,Cotton,356.66,Drip,3.91,5.56,3502.66,Sandy,Kharif,138559.76
F824,Sugarcane,487.59,Rain-fed,22.91,2.53,10413.25,Peaty,Zaid,135704.21
F825,Barley,124.22,Manual,1.29,1.93,1545.83,Sandy,Rabi,62033.27
F826,Soybean,388.84,Flood,12.88,4.3,3831.24,Loamy,Zaid,133979.53
F827,Rice,52.93,Flood,2.57,1.03,348.94,Sandy,Zaid,7498.52
F828,Potato,196.97,Manual,3.84,1.8,3142.64,Silty,Zaid,52750.82
F829,Sugarcane,258.28,Flood,5.21,4.04,4673.47,Sandy,Kharif,32677.13
F830,Cotton,141.69,Drip,1.42,2.04,904.26,Clay,Rabi,30357.96
F831,Carrot,269.49,Flood,3.41,1.4,3582.17,Sandy,Rabi,63957.99
F832,Wheat,442.48,Flood,5.22,8.09,5267.71,Silty,Rabi,195253.91
F833,Cotton,472.77,Manual,20.28,3.35,5193.84,Clay,Rabi,205749.14
F834,Sugarcane,59.27,Manual,2.58,0.89,1058.93,Peaty,Kharif,6201.3
F835,Cotton,143.2,Flood,5.59,2.38,1215.93,Clay,Zaid,44810.33
F836,Sugarcane,489.78,Sprinkler,11.81,7.08,9569.16,Loamy,Rabi,92772.07
F837,Sugarcane,142.51,Manual,6.11,0.92,2897.72,Clay,Kharif,32496.45
F838,Tomato,349.43,Rain-fed,11.04,6.86,5170.48,Peaty,Zaid,37968.87
F839,Barley,134.19,Rain-fed,2.98,1.15,1414.35,Sandy,Kharif,53663.28
F840,Potato,184.62,Drip,5.08,2.66,3753.56,Clay,Kharif,88660.74
F841,Tomato,103.73,Flood,1.31,1.76,1691.19,Clay,Rabi,19470.21
F842,Carrot,429.59,Sprinkler,20.53,8.2,5842.08,Clay,Rabi,101687.19
F843,Tomato,442.5,Drip,15.38,6.22,7264.67,Clay,Zaid,80788.43
F844,Maize,155.49,Flood,6.1,1.38,2024.09,Peaty,Zaid,73392.95
F845,Maize,413.56,Manual,15.33,7.26,2323.67,Silty,Rabi,42903.6
F846,Potato,185.54,Rain-fed,6.81,1.38,3230.64,Silty,Kharif,61885.39
F847,Cotton,58.52,Sprinkler,0.63,0.31,648.14,Clay,Rabi,26234.63
F848,Barley,381.46,Rain-fed,11.83,7.1,2331.74,Peaty,Zaid,66573.05
F849,Potato,302.26,Manual,12.96,4.12,5287.11,Peaty,Kharif,101558.34
F850,Sugarcane,144.45,Flood,1.7,0.87,2595.91,Clay,Kharif,17371.13
F851,Rice,133.97,Manual,6.46,1.83,1657.42,Loamy,Kharif,57048.93
F852,Barley,488.06,Manual,13.16,3.5,3343.0,Clay,Rabi,102380.2
F853,Barley,432.63,Rain-fed,9.34,2.37,5436.54,Loamy,Rabi,214366.53
F854,Sugarcane,406.8,Sprinkler,12.72,2.75,10217.23,Clay,Zaid,190709.96
F855,Sugarcane,72.73,Manual,3.06,1.21,1720.52,Loamy,Kharif,28582.83
F856,Wheat,380.04,Rain-fed,11.02,6.21,3476.49,Loamy,Kharif,113532.56
F857,Potato,115.12,Sprinkler,4.12,1.62,2177.81,Clay,Rabi,46813.81
F858,Sugarcane,488.92,Flood,14.67,3.98,9187.03,Loamy,Zaid,74435.04
F859,Maize,35.52,Flood,1.25,0.57,282.25,Sandy,Zaid,7960.15
F860,Carrot,182.55,Drip,2.83,2.03,1989.04,Silty,Kharif,20218.74
F861,Rice,220.04,Rain-fed,2.54,2.79,2348.81,Peaty,Rabi,78775.57
F862,Potato,413.86,Sprinkler,6.4,7.64,7905.84,Loamy,Kharif,174737.68
F863,Soybean,385.45,Manual,8.26,4.57,4789.65,Loamy,Rabi,184442.91
F864,Maize,193.75,Flood,3.9,2.79,2111.82,Peaty,Zaid,72577.87
F865,Cotton,287.12,Sprinkler,9.94,5.58,2918.71,Loamy,Kharif,112793.0
F866,Sugarcane,419.44,Rain-fed,11.84,4.94,10403.92,Peaty,Kharif,192180.74
F867,Soybean,18.92,Drip,0.22,0.25,232.56,Clay,Kharif,8977.46
F868,Sugarcane,403.07,Flood,4.59,5.55,8629.77,Sandy,Zaid,119517.11
F869,Barley,473.98,Sprinkler,6.46,4.08,2583.88,Sandy,Kharif,68212.67
F870,Maize,25.71,Sprinkler,0.62,0.41,237.22,Silty,Zaid,7368.1
F871,Barley,32.33,Sprinkler,0.33,0.51,293.69,Loamy,Rabi,10425.66
F872,Wheat,178.81,Rain-fed,5.32,1.47,1826.71,Silty,Zaid,63052.27
F873,Barley,53.01,Rain-fed,1.29,0.28,664.4,Clay,Rabi,26276.35
F874,Wheat,244.85,Rain-fed,7.89,4.89,3038.11,Sandy,Zaid,114348.94
F875,Wheat,367.07,Manual,14.25,5.04,3072.51,Clay,Zaid,94903.91
F876,Soybean,287.78,Sprinkler,5.77,2.22,1661.87,Clay,Kharif,41837.97
F877,Sugarcane,106.25,Flood,1.73,0.98,2056.06,Loamy,Zaid,19753.95
F878,Cotton,330.86,Rain-fed,6.99,4.72,1802.04,Clay,Kharif,56086.92
F879,Barley,345.58,Rain-fed,3.48,2.44,2525.31,Sandy,Rabi,83770.03
F880,Maize,466.9,Sprinkler,6.91,2.6,5833.26,Silty,Rabi,210382.47
F881,Wheat,81.93,Rain-fed,3.28,1.39,709.77,Sandy,Kharif,22546.24
F882,Sugarcane,349.24,Manual,6.61,5.5,7740.07,Loamy,Rabi,114171.92
F883,Rice,456.6,Manual,22.73,4.4,3284.13,Sandy,Zaid,78382.92
F884,Potato,255.77,Rain-fed,4.27,1.5,4222.41,Peaty,Kharif,75998.26
F885,Soybean,187.28,Sprinkler,7.78,2.3,2257.6,Silty,Kharif,84174.03
F886,Cotton,93.67,Sprinkler,3.58,0.86,984.99,Peaty,Kharif,38346.0
F887,Tomato,434.73,Sprinkler,9.95,4.77,6677.26,Peaty,Rabi,57590.83
F888,Soybean,203.18,Drip,4.72,1.85,2412.79,Loamy,Rabi,90380.66
F889,Rice,463.19,Rain-fed,15.07,3.53,3630.54,Clay,Zaid,97053.28
F890,Potato,425.4,Sprinkler,18.76,4.6,7732.13,Peaty,Zaid,155818.85
F891,Rice,194.55,Manual,4.95,3.79,1308.61,Sandy,Kharif,30847.08
F892,Barley,291.22,Flood,3.62,2.62,2894.63,Clay,Zaid,107709.24
F893,Wheat,23.32,Flood,0.58,0.23,126.26,Sandy,Rabi,2664.48
F894,Cotton,138.98,Sprinkler,2.54,1.38,1235.75,Sandy,Zaid,47288.53
F895,Carrot,358.03,Flood,17.03,4.37,5732.64,Clay,Rabi,128310.71
F896,Wheat,342.18,Flood,12.97,6.04,2455.51,Clay,Zaid,67682.03
F897,Carrot,183.15,Drip,2.2,2.02,3311.18,Sandy,Rabi,86958.36
F898,Potato,406.22,Manual,8.82,6.94,5285.0,Loamy,Rabi,48091.72
F899,Sugarcane,125.56,Manual,1.51,0.84,3098.76,Silty,Zaid,57341.06
F900,Tomato,236.02,Drip,10.2,4.35,4228.47,Silty,Zaid,59656.83
F901,Maize,241.54,Drip,11.17,1.88,2772.39,Loamy,Rabi,93129.59
F902,Wheat,177.0,Flood,2.56,0.99,1823.38,Clay,Kharif,63829.71
F903,Cotton,477.79,Rain-fed,13.19,3.52,2587.09,Sandy,Zaid,79932.94
F904,Rice,351.38,Flood,16.61,2.76,2967.93,Silty,Rabi,79972.89
F905,Cotton,274.21,Drip,4.33,3.46,2280.3,Sandy,Zaid,85516.98
F906,Potato,260.15,Manual,5.64,3.06,5047.02,Loamy,Zaid,114103.91
F907,Carrot,88.06,Flood,1.95,1.39,1602.52,Sandy,Zaid,42437.62
F908,Rice,192.37,Rain-fed,2.16,1.11,1097.87,Loamy,Zaid,20821.27
F909,Maize,339.66,Flood,3.89,4.23,2766.41,Clay,Zaid,81865.72
F910,Maize,463.04,Sprinkler,22.28,4.62,5135.15,Loamy,Kharif,170054.73
F911,Wheat,410.07,Flood,13.47,5.93,3892.03,Loamy,Kharif,127568.59
F912,Potato,157.19,Drip,3.5,0.89,3190.24,Silty,Kharif,75012.94
F913,Sugarcane,222.64,Manual,5.6,1.23,3949.69,Sandy,Rabi,23775.1
F914,Potato,50.63,Manual,1.95,0.58,823.56,Silty,Kharif,13927.98
F915,Carrot,60.06,Drip,1.48,1.03,965.01,Peaty,Kharif,22074.97
F916,Cotton,240.41,Sprinkler,4.59,3.62,1430.06,Loamy,Rabi,44965.26
F917,Maize,269.81,Drip,3.8,1.42,3041.76,Peaty,Kharif,105318.97
F918,Cotton,139.37,Flood,5.46,1.07,689.91,Silty,Zaid,18465.77
F919,Cotton,324.96,Drip,5.6,2.73,2512.26,Sandy,Kharif,91124.78
F920,Cotton,354.66,Drip,4.53,4.02,3393.4,Silty,Kharif,131398.11
F921,Maize,156.57,Sprinkler,4.24,2.16,1189.8,Sandy,Kharif,32362.83
F922,Soybean,381.63,Flood,4.42,3.15,2018.31,Sandy,Zaid,49435.56
F923,Barley,110.75,Rain-fed,5.38,1.19,1375.78,Clay,Zaid,53469.32
F924,Carrot,276.68,Rain-fed,9.71,3.81,4985.84,Loamy,Zaid,128804.1
F925,Soybean,404.1,Manual,6.51,4.34,4920.93,Silty,Zaid,190147.37
F926,Carrot,273.13,Drip,4.62,1.95,5042.54,Sandy,Rabi,134218.53
F927,Rice,454.9,Manual,14.92,5.63,3262.92,Silty,Zaid,79097.96
F928,Potato,38.67,Sprinkler,0.94,0.38,540.42,Silty,Zaid,6306.76
F929,Potato,298.27,Rain-fed,12.22,5.36,3852.98,Sandy,Zaid,33909.5
F930,Tomato,285.26,Drip,9.08,4.75,6244.16,Peaty,Zaid,130286.63
F931,Potato,333.57,Sprinkler,9.12,2.62,6276.91,Loamy,Rabi,133797.9
F932,Maize,418.37,Sprinkler,20.3,3.05,4527.75,Loamy,Kharif,147811.97
F933,Sugarcane,365.67,Drip,9.37,3.74,9195.01,Clay,Kharif,172255.4
F934,Wheat,397.24,Sprinkler,10.34,4.44,3887.08,Clay,Zaid,131100.89
F935,Tomato,151.52,Drip,5.55,2.88,2394.62,Clay,Zaid,23014.75
F936,Wheat,199.87,Drip,8.47,1.9,1362.21,Loamy,Zaid,34127.6
F937,Carrot,317.12,Flood,11.11,5.71,3740.06,Peaty,Kharif,48479.38
F938,Wheat,281.2,Manual,10.67,3.54,2175.64,Loamy,Kharif,62724.51
F939,Wheat,480.94,Sprinkler,11.98,8.79,3967.98,Loamy,Zaid,121100.31
F940,Tomato,101.55,Sprinkler,2.96,1.58,2147.92,Loamy,Kharif,42522.14
F941,Rice,182.13,Flood,3.26,2.85,1308.8,Loamy,Rabi,32145.59
F942,Cotton,290.65,Flood,10.82,3.72,2921.69,Peaty,Zaid,113395.98
F943,Potato,435.3,Flood,8.21,7.66,7181.56,Clay,Zaid,129063.37
F944,Potato,465.38,Rain-fed,4.68,4.1,9554.84,Silty,Rabi,232627.08
F945,Maize,174.66,Rain-fed,8.27,3.25,2056.71,Clay,Rabi,71720.25
F946,Tomato,42.88,Rain-fed,0.95,0.62,956.98,Clay,Kharif,20909.02
F947,Maize,216.59,Drip,3.87,2.51,1786.25,Silty,Rabi,51319.83
F948,Sugarcane,203.23,Sprinkler,4.21,4.01,3792.45,Loamy,Zaid,30325.79
F949,Sugarcane,493.38,Manual,11.46,8.85,10681.21,Peaty,Kharif,149177.14
F950,Maize,221.22,Drip,6.41,3.67,1450.32,Peaty,Rabi,33115.7
F951,Tomato,159.8,Sprinkler,2.04,1.46,2963.49,Clay,Kharif,47458.78
F952,Maize,189.03,Sprinkler,2.29,3.71,1430.53,Silty,Kharif,39314.8
F953,Potato,204.49,Flood,4.44,3.3,3374.9,Sandy,Kharif,60615.85
F954,Soybean,412.55,Flood,9.01,5.81,5148.48,Loamy,Kharif,197966.26
F955,Barley,49.7,Drip,0.73,0.94,344.57,Clay,Rabi,10715.41
F956,Wheat,165.09,Flood,4.32,1.23,2166.74,Peaty,Zaid,82110.64
F957,Barley,483.5,Sprinkler,10.33,3.43,3159.29,Silty,Zaid,92701.56
F958,Tomato,85.02,Flood,0.94,1.14,1381.82,Silty,Rabi,15579.39
F959,Barley,373.87,Rain-fed,16.98,2.19,3407.56,Clay,Zaid,118860.51
F960,Sugarcane,184.63,Flood,8.39,2.76,4524.43,Sandy,Kharif,80650.93
F961,Carrot,295.07,Sprinkler,5.42,2.54,4918.05,Peaty,Kharif,117971.36
F962,Wheat,58.78,Drip,0.97,0.4,643.63,Clay,Kharif,22889.23
F963,Cotton,160.14,Manual,5.11,1.78,1025.35,Sandy,Rabi,34118.7
F964,Tomato,255.42,Flood,9.0,3.06,3820.12,Silty,Kharif,27842.91
F965,Wheat,123.53,Sprinkler,5.97,0.93,833.57,Loamy,Kharif,20345.85
F966,Barley,275.52,Manual,6.91,1.55,2055.26,Peaty,Rabi,66065.86
F967,Sugarcane,117.68,Manual,4.09,1.32,2999.44,Peaty,Kharif,57508.11
F968,Rice,328.55,Rain-fed,14.83,5.39,4290.87,Sandy,Kharif,153731.81
F969,Soybean,453.13,Manual,12.69,8.21,2902.23,Clay,Zaid,81680.89
F970,Cotton,51.89,Sprinkler,0.77,0.34,518.1,Silty,Rabi,20249.8
F971,Soybean,116.14,Sprinkler,2.91,1.49,1101.53,Sandy,Kharif,38513.42
F972,Wheat,423.77,Flood,6.55,3.79,2350.04,Loamy,Kharif,50825.4
F973,Sugarcane,319.46,Flood,3.41,3.39,6573.59,Loamy,Kharif,79444.33
F974,Sugarcane,48.57,Flood,1.95,0.92,1054.01,Loamy,Kharif,14299.67
F975,Barley,248.31,Manual,4.85,2.55,2447.37,Sandy,Zaid,91137.7
F976,Potato,112.78,Manual,1.14,1.18,1678.02,Silty,Zaid,24582.12
F977,Barley,107.56,Rain-fed,4.83,0.88,1316.0,Peaty,Zaid,50931.3
F978,Potato,470.92,Flood,13.07,9.14,7651.84,Clay,Zaid,132210.49
F979,Potato,383.16,Drip,7.49,4.54,5628.22,Peaty,Rabi,76405.72
F980,Cotton,351.15,Rain-fed,7.2,4.76,2326.34,Silty,Kharif,79561.17
F981,Barley,127.08,Drip,2.49,1.5,1358.01,Peaty,Zaid,50925.88
F982,Rice,68.1,Manual,1.21,0.6,725.15,Sandy,Kharif,24251.72
F983,Maize,436.71,Rain-fed,19.06,7.49,5037.49,Loamy,Rabi,173316.83
F984,Maize,12.88,Rain-fed,0.22,0.07,99.53,Silty,Kharif,2794.36
F985,Barley,200.17,Sprinkler,6.5,3.07,1480.94,Silty,Kharif,46186.48
F986,Barley,146.03,Manual,1.91,2.03,1122.5,Peaty,Zaid,37776.19
F987,Soybean,289.48,Manual,13.89,2.07,1870.39,Sandy,Zaid,50786.32
F988,Cotton,132.75,Rain-fed,4.53,0.99,1292.84,Peaty,Rabi,49969.14
F989,Barley,162.49,Manual,7.5,2.42,1207.17,Peaty,Kharif,37655.55
F990,Soybean,426.52,Rain-fed,11.05,4.13,3172.52,Silty,Zaid,98310.4
F991,Potato,305.56,Sprinkler,12.96,2.75,4582.64,Peaty,Zaid,63479.39
F992,Sugarcane,81.38,Rain-fed,3.59,0.48,1743.92,Loamy,Zaid,22879.7
F993,Sugarcane,365.97,Manual,13.95,6.04,8750.83,Peaty,Rabi,149605.47
F994,Potato,111.66,Manual,1.53,2.04,2149.35,Loamy,Kharif,48485.46
F995,Tomato,222.17,Rain-fed,2.36,3.84,4647.69,Silty,Zaid,93713.03
F996,Soybean,326.84,Rain-fed,5.47,3.92,3156.44,Sandy,Kharif,113895.51
F997,Soybean,143.25,Rain-fed,2.11,1.86,1005.9,Loamy,Rabi,30392.54
F998,Potato,198.21,Flood,7.73,1.71,3689.72,Sandy,Kharif,78084.18
F999,Rice,369.73,Manual,11.94,2.81,2196.35,Sandy,Zaid,42794.7
F1000,Carrot,469.58,Manual,14.57,8.14,8025.76,Loamy,Kharif,196875.04
F1001,Wheat,269.33,Flood,5.42,4.57,3065.46,Silty,Kharif,110988.51
F1002,Potato,14.89,Rain-fed,0.24,0.25,266.15,Clay,Rabi,5477.97
F1003,Barley,175.85,Sprinkler,3.21,2.1,948.46,Sandy,Rabi,24472.69
F1004,Barley,205.33,Rain-fed,5.34,3.69,2571.34,Sandy,Kharif,102447.05
F1005,Cotton,176.2,Rain-fed,6.98,3.33,1811.54,Silty,Kharif,70929.74
F1006,Potato,223.77,Flood,4.52,2.22,4148.76,Silty,Kharif,88148.78
F1007,Cotton,320.01,Manual,12.14,2.68,1526.59,Peaty,Rabi,40193.82
F1008,Potato,69.35,Rain-fed,2.06,0.83,1100.7,Silty,Rabi,17995.79
F1009,Soybean,143.59,Manual,6.52,1.1,809.79,Sandy,Kharif,19308.29
F1010,Wheat,258.75,Drip,5.0,4.72,2097.94,Loamy,Rabi,63241.73
F1011,Soybean,164.63,Manual,4.62,1.66,1545.55,Clay,Zaid,54030.92
F1012,Carrot,495.63,Sprinkler,6.87,6.76,8753.34,Peaty,Rabi,223801.99
F1013,Sugarcane,221.4,Sprinkler,5.18,3.08,4430.02,Loamy,Rabi,47197.27
F1014,Maize,436.2,Rain-fed,13.21,5.55,4550.17,Clay,Rabi,152393.94
F1015,Potato,449.29,Manual,17.66,3.3,6307.87,Clay,Zaid,74519.55
F1016,Carrot,419.64,Rain-fed,7.52,8.34,5591.96,Clay,Zaid,101379.79
F1017,Sugarcane,32.98,Flood,0.62,0.25,832.25,Loamy,Zaid,15794.02
F1018,Tomato,474.4,Sprinkler,16.73,7.72,9850.55,Peaty,Kharif,189310.7
F1019,Wheat,73.08,Rain-fed,1.85,1.23,691.97,Peaty,Kharif,23264.22
F1020,Cotton,26.86,Flood,0.79,0.19,166.42,Clay,Zaid,5389.78
F1021,Cotton,213.04,Rain-fed,9.26,4.05,1559.08,Loamy,Kharif,53661.24
F1022,Soybean,105.37,Manual,3.16,1.3,643.43,Clay,Kharif,17141.42
F1023,Barley,100.26,Manual,3.62,1.45,758.26,Silty,Kharif,24200.56
F1024,Sugarcane,151.03,Manual,5.48,2.21,2854.7,Peaty,Zaid,24203.29
F1025,Tomato,131.72,Manual,5.55,1.66,2776.88,Sandy,Rabi,55074.61
F1026,Carrot,345.55,Drip,12.28,2.46,3952.7,Clay,Zaid,45717.49
F1027,Wheat,101.52,Flood,1.28,1.65,667.72,Silty,Zaid,17843.53
F1028,Sugarcane,276.13,Flood,6.54,3.79,6402.76,Peaty,Kharif,103952.98
F1029,Tomato,493.35,Manual,24.46,3.35,10906.16,Loamy,Kharif,227437.19
F1030,Maize,221.87,Drip,3.96,3.44,2927.12,Peaty,Rabi,107791.31
F1031,Potato,324.52,Manual,10.86,5.04,6305.16,Loamy,Rabi,140973.52
F1032,Cotton,484.99,Drip,21.2,6.42,2969.04,Loamy,Rabi,89524.07
F1033,Carrot,77.44,Manual,2.59,0.49,1006.32,Clay,Rabi,16594.86
F1034,Cotton,215.12,Sprinkler,5.35,2.21,2397.33,Clay,Zaid,96437.35
F1035,Carrot,426.59,Sprinkler,5.63,2.46,7577.61,Peaty,Rabi,194413.17
F1036,Soybean,466.83,Rain-fed,11.42,5.68,4637.7,Silty,Zaid,166313.37
F1037,Barley,304.61,Manual,5.26,5.66,2151.0,Peaty,Kharif,68675.31
F1038,Carrot,80.28,Flood,3.89,0.4,1013.47,Sandy,Rabi,15222.17
F1039,Cotton,451.72,Rain-fed,17.44,4.07,5009.62,Loamy,Kharif,199169.73
F1040,Soybean,95.48,Sprinkler,3.82,1.62,639.79,Loamy,Kharif,17386.88
F1041,Carrot,182.91,Manual,5.02,0.94,2913.48,Clay,Zaid,66711.31
F1042,Maize,194.0,Rain-fed,2.79,1.0,2545.92,Silty,Rabi,94512.65
F1043,Barley,229.17,Manual,4.74,3.25,2336.46,Clay,Zaid,87570.74
F1044,Carrot,397.18,Sprinkler,8.1,6.69,5029.89,Sandy,Kharif,80654.85
F1045,Soybean,403.05,Rain-fed,11.88,6.71,2864.03,Peaty,Rabi,85850.76
F1046,Sugarcane,362.63,Sprinkler,10.31,6.05,6698.01,Peaty,Kharif,49737.71
F1047,Rice,20.84,Drip,0.57,0.22,234.85,Silty,Kharif,7805.62
F1048,Tomato,286.77,Sprinkler,8.56,5.23,5411.85,Clay,Rabi,88146.98
F1049,Rice,376.27,Manual,18.62,1.95,2819.04,Clay,Rabi,68702.93
F1050,Rice,227.87,Flood,5.0,2.21,1692.54,Sandy,Rabi,43537.82
F1051,Wheat,473.02,Sprinkler,16.37,4.76,2530.13,Peaty,Zaid,49009.38
F1052,Maize,413.67,Flood,8.1,3.1,5473.46,Clay,Zaid,203262.7
F1053,Sugarcane,322.7,Drip,9.25,3.24,7878.08,Silty,Kharif,139148.85
F1054,Potato,40.59,Rain-fed,0.73,0.56,637.89,Peaty,Rabi,10458.32
F1055,Carrot,329.65,Rain-fed,10.66,4.22,5992.68,Sandy,Kharif,157716.25
F1056,Tomato,456.67,Flood,9.41,4.47,9171.11,Silty,Kharif,169356.63
F1057,Barley,195.93,Rain-fed,2.25,3.18,2066.01,Loamy,Kharif,78485.92
F1058,Sugarcane,420.68,Sprinkler,17.93,6.61,9769.72,Sandy,Kharif,156487.31
F1059,Cotton,163.45,Flood,2.47,1.51,1663.62,Silty,Kharif,65827.36
F1060,Potato,289.35,Manual,7.15,2.85,4049.68,Clay,Rabi,48719.57
F1061,Wheat,327.73,Sprinkler,9.53,3.05,3203.19,Loamy,Zaid,106498.22
F1062,Wheat,342.22,Sprinkler,9.34,2.37,4104.08,Sandy,Rabi,150490.35
F1063,Sugarcane,442.45,Sprinkler,17.27,7.21,7946.24,Clay,Rabi,47703.56
F1064,Soybean,124.96,Manual,4.23,0.71,744.97,Loamy,Rabi,18666.91
F1065,Rice,138.56,Drip,3.02,1.01,1062.47,Peaty,Zaid,27470.56
F1066,Cotton,354.98,Rain-fed,4.28,2.34,2252.21,Clay,Zaid,77346.85
F1067,Wheat,96.82,Flood,3.94,1.68,653.1,Silty,Zaid,16758.62
F1068,Tomato,237.49,Drip,5.72,1.34,4676.34,Sandy,Rabi,83058.76
F1069,Wheat,19.82,Flood,0.9,0.3,152.63,Loamy,Zaid,4312.3
F1070,Barley,79.08,Rain-fed,2.04,0.45,465.32,Clay,Kharif,12908.99
F1071,Carrot,342.63,Manual,13.26,5.76,6152.3,Peaty,Zaid,158410.48
F1072,Wheat,376.26,Sprinkler,17.9,7.03,4095.5,Sandy,Rabi,142230.04
F1073,Barley,66.51,Sprinkler,2.4,0.82,446.92,Sandy,Rabi,13196.42
F1074,Sugarcane,121.58,Manual,3.23,2.08,2492.19,Clay,Kharif,29711.33
F1075,Sugarcane,58.46,Drip,1.91,0.91,1385.05,Peaty,Zaid,23169.79
F1076,Potato,222.37,Drip,7.06,3.77,4251.84,Loamy,Zaid,92587.82
F1077,Wheat,71.8,Flood,2.4,1.18,475.23,Clay,Kharif,12246.71
F1078,Tomato,224.28,Manual,3.56,1.81,4959.92,Loamy,Rabi,106447.76
F1079,Wheat,368.73,Drip,13.99,4.61,4265.53,Sandy,Rabi,152693.56
F1080,Tomato,344.86,Manual,5.45,6.69,7384.4,Loamy,Zaid,152678.6
F1081,Maize,147.43,Rain-fed,1.56,1.5,948.7,Peaty,Zaid,23225.95
F1082,Potato,340.14,Sprinkler,11.9,6.65,4734.19,Silty,Zaid,53520.54
F1083,Maize,464.58,Sprinkler,6.82,6.39,3646.54,Peaty,Zaid,103205.07
F1084,Wheat,180.29,Sprinkler,7.36,2.15,1059.71,Loamy,Zaid,22690.66
F1085,Potato,171.27,Manual,7.65,2.55,2312.3,Clay,Rabi,23365.62
F1086,Maize,290.0,Manual,13.86,5.0,1941.95,Sandy,Rabi,45612.81
F1087,Rice,130.3,Flood,4.77,1.42,1498.32,Silty,Rabi,50160.25
F1088,Wheat,329.27,Sprinkler,9.64,1.81,1810.87,Clay,Rabi,36908.98
F1089,Maize,417.81,Flood,10.07,6.53,2549.38,Clay,Kharif,55692.97
F1090,Rice,235.07,Sprinkler,6.97,4.55,3124.62,Peaty,Rabi,112284.81
F1091,Rice,342.96,Flood,6.04,4.93,2166.48,Loamy,Kharif,45772.17
F1092,Sugarcane,329.42,Flood,7.89,2.58,7243.28,Peaty,Rabi,103763.56
F1093,Wheat,28.95,Rain-fed,1.12,0.25,300.87,Loamy,Zaid,10334.61
F1094,Rice,99.87,Flood,1.87,1.86,1323.57,Peaty,Zaid,48282.82
F1095,Sugarcane,447.83,Manual,9.21,2.33,11096.02,Clay,Zaid,205966.32
F1096,Maize,470.06,Flood,18.79,6.22,4256.63,Sandy,Kharif,129864.15
F1097,Barley,392.42,Sprinkler,6.72,2.9,4807.9,Loamy,Rabi,187129.43
F1098,Wheat,461.41,Flood,9.15,4.26,3981.56,Silty,Rabi,125922.15
F1099,Potato,160.01,Drip,1.71,1.54,2881.22,Silty,Kharif,58879.52
F1100,Tomato,131.38,Sprinkler,5.1,1.09,2219.3,Clay,Kharif,26780.59
F1101,Tomato,198.31,Drip,6.88,3.35,3944.37,Peaty,Kharif,70331.16
F1102,Maize,37.12,Sprinkler,1.4,0.37,368.49,Peaty,Kharif,11702.27
F1103,Soybean,406.84,Manual,7.56,4.14,3914.87,Clay,Kharif,139436.26
F1104,Soybean,492.25,Manual,18.46,5.81,5117.28,Silty,Zaid,183637.52
F1105,Maize,413.77,Manual,14.01,7.67,2856.23,Silty,Rabi,70085.98
F1106,Rice,281.94,Drip,6.95,4.32,2292.52,Peaty,Kharif,62168.75
F1107,Wheat,154.69,Rain-fed,4.26,0.92,1711.2,Loamy,Zaid,61023.95
F1108,Tomato,106.87,Sprinkler,3.5,0.6,1714.82,Sandy,Kharif,17690.47
F1109,Tomato,188.39,Manual,5.6,2.54,3285.78,Loamy,Zaid,44779.75
F1110,Rice,336.82,Sprinkler,12.02,6.17,3749.53,Silty,Kharif,123473.53
F1111,Tomato,229.06,Drip,3.95,2.26,5091.91,Loamy,Rabi,108817.41
F1112,Potato,467.69,Rain-fed,14.79,4.08,6182.52,Sandy,Kharif,60855.77
F1113,Wheat,428.57,Drip,12.0,6.95,4036.21,Loamy,Kharif,131409.36
F1114,Carrot,60.18,Sprinkler,1.71,0.84,688.46,Loamy,Rabi,7989.13
F1115,Tomato,74.45,Rain-fed,2.14,1.0,1319.42,Loamy,Rabi,18734.89
F1116,Maize,341.36,Rain-fed,15.45,2.47,2400.92,Loamy,Kharif,58083.5
F1117,Potato,123.08,Drip,5.26,0.94,2224.55,Clay,Rabi,44279.9
F1118,Tomato,397.6,Manual,13.99,3.67,8276.71,Silty,Rabi,160287.56
F1119,Potato,299.77,Sprinkler,11.59,2.43,4416.66,Sandy,Zaid,59634.53
F1120,Sugarcane,122.62,Flood,1.44,2.4,2854.29,Silty,Rabi,47226.52
F1121,Carrot,244.56,Flood,9.72,1.29,3515.94,Clay,Rabi,68164.65
F1122,Cotton,208.98,Drip,6.15,3.01,1360.66,Clay,Kharif,44602.46
F1123,Maize,437.85,Sprinkler,9.94,5.59,4229.88,Clay,Kharif,135452.98
F1124,Maize,25.76,Sprinkler,0.4,0.25,217.47,Clay,Zaid,6487.82
F1125,Wheat,448.96,Drip,5.84,8.22,3142.34,Loamy,Kharif,86200.32
F1126,Potato,329.52,Sprinkler,3.89,4.96,6156.75,Silty,Rabi,132710.41
F1127,Rice,371.39,Manual,6.12,7.42,4431.49,Peaty,Rabi,155617.55
F1128,Maize,11.28,Drip,0.13,0.08,132.96,Sandy,Rabi,4738.02
F1129,Potato,317.84,Manual,12.49,2.01,5022.67,Clay,Kharif,80367.43
F1130,Potato,298.36,Sprinkler,5.95,2.12,4199.25,Silty,Rabi,50067.9
F1131,Barley,273.23,Drip,6.76,2.47,3129.63,Clay,Rabi,119173.54
F1132,Barley,395.07,Sprinkler,16.95,4.45,2944.74,Clay,Zaid,91541.01
F1133,Cotton,282.38,Drip,4.12,5.07,2845.63,Clay,Zaid,112732.38
F1134,Sugarcane,429.98,Sprinkler,18.67,3.98,10478.22,Clay,Zaid,183591.94
F1135,Cotton,123.99,Manual,4.41,2.32,1280.03,Clay,Kharif,50496.06
F1136,Tomato,404.93,Manual,9.59,4.84,7164.07,Sandy,Rabi,103631.04
F1137,Rice,97.86,Sprinkler,1.44,1.44,1287.66,Silty,Rabi,46505.28
F1138,Tomato,408.43,Drip,5.58,3.66,8137.38,Clay,Rabi,148694.22
F1139,Soybean,470.83,Flood,11.03,3.46,4445.23,Clay,Zaid,155513.5
F1140,Tomato,174.49,Manual,2.72,3.15,3509.7,Clay,Rabi,66160.31
F1141,Wheat,269.64,Manual,5.58,1.79,1473.22,Clay,Rabi,31788.59
F1142,Tomato,332.58,Flood,4.03,5.52,5897.08,Loamy,Rabi,85209.3
F1143,Cotton,48.94,Sprinkler,1.65,0.67,556.9,Loamy,Rabi,22145.21
F1144,Maize,252.1,Drip,3.99,4.52,1699.5,Peaty,Rabi,41453.2
F1145,Maize,186.69,Sprinkler,7.52,2.94,1665.26,Clay,Kharif,49613.89
F1146,Barley,437.5,Rain-fed,8.19,4.04,3423.08,Peaty,Rabi,114669.25
F1147,Rice,439.57,Manual,18.43,5.99,3759.6,Sandy,Kharif,106559.82
F1148,Rice,353.38,Rain-fed,6.22,1.84,3563.5,Peaty,Rabi,114828.13
F1149,Wheat,331.3,Manual,12.87,4.02,4384.5,Silty,Kharif,165148.65
F1150,Cotton,369.51,Manual,8.62,2.32,2303.7,Loamy,Rabi,74765.95
F1151,Barley,189.33,Rain-fed,6.31,2.16,1963.76,Loamy,Rabi,72322.18
F1152,Soybean,208.21,Rain-fed,2.4,1.38,2243.8,Clay,Rabi,83951.64
F1153,Rice,281.32,Sprinkler,8.39,5.44,2924.69,Clay,Rabi,93902.88
F1154,Maize,469.63,Rain-fed,7.49,6.03,2836.05,Sandy,Zaid,65274.53
F1155,Tomato,364.76,Sprinkler,10.74,6.82,7024.73,Sandy,Rabi,119987.56
F1156,Tomato,279.98,Sprinkler,4.38,1.49,6245.6,Silty,Kharif,134780.67
F1157,Barley,387.5,Sprinkler,10.65,5.64,2876.3,Clay,Zaid,91769.89
F1158,Cotton,191.74,Manual,2.77,1.84,1751.34,Clay,Zaid,68234.19
F1159,Cotton,367.93,Manual,6.92,4.22,4308.86,Sandy,Rabi,177988.85
F1160,Sugarcane,211.23,Rain-fed,7.14,3.82,5067.45,Sandy,Kharif,88547.37
F1161,Carrot,147.03,Manual,7.21,2.9,2389.29,Sandy,Kharif,55185.29
F1162,Rice,308.76,Rain-fed,8.64,2.69,4148.82,Loamy,Zaid,150819.11
F1163,Cotton,346.57,Manual,12.99,6.66,1932.78,Peaty,Kharif,58304.57
F1164,Maize,235.05,Drip,7.42,3.6,2766.26,Peaty,Rabi,96160.41
F1165,Barley,287.1,Drip,8.59,5.53,2295.71,Clay,Rabi,75429.8
F1166,Soybean,350.09,Rain-fed,4.41,4.7,2676.05,Loamy,Rabi,85482.99
F1167,Sugarcane,386.18,Manual,6.09,7.5,8362.03,Sandy,Rabi,119046.69
F1168,Potato,448.83,Manual,20.34,8.25,5851.59,Clay,Rabi,50942.4
F1169,Wheat,183.73,Sprinkler,4.85,1.27,1425.85,Loamy,Zaid,41340.68
F1170,Soybean,476.22,Flood,16.46,4.6,3008.46,Silty,Rabi,79284.7
F1171,Potato,322.27,Rain-fed,10.03,2.79,4457.8,Loamy,Rabi,50104.92
F1172,Tomato,395.97,Flood,9.96,5.38,6861.92,Clay,Zaid,93028.61
F1173,Wheat,352.89,Flood,9.0,6.01,4079.76,Peaty,Zaid,148532.09
F1174,Rice,110.73,Rain-fed,3.57,1.81,795.87,Sandy,Zaid,19980.64
F1175,Maize,45.0,Manual,0.7,0.72,432.89,Silty,Kharif,14066.99
F1176,Wheat,365.88,Rain-fed,9.33,3.89,4080.04,Loamy,Kharif,146155.48
F1177,Carrot,260.42,Flood,7.26,1.85,3288.93,Clay,Rabi,51142.7
F1178,Potato,354.08,Manual,17.49,2.89,7161.14,Clay,Rabi,166306.9
F1179,Rice,243.65,Drip,5.86,3.93,3069.07,Sandy,Rabi,108815.21
F1180,Carrot,162.99,Rain-fed,5.83,1.18,2070.7,Clay,Kharif,32675.8
F1181,Tomato,149.66,Rain-fed,2.32,1.25,3360.74,Clay,Rabi,74209.09
F1182,Carrot,367.96,Manual,4.64,4.18,5828.58,Sandy,Rabi,135287.55
F1183,Sugarcane,145.62,Drip,6.53,0.89,2944.4,Silty,Kharif,31227.24
F1184,Sugarcane,360.19,Drip,14.13,2.95,8387.99,Peaty,Zaid,134140.77
F1185,Barley,198.14,Manual,4.5,1.44,1973.45,Peaty,Kharif,72618.34
F1186,Soybean,387.74,Sprinkler,11.7,7.47,3812.73,Loamy,Rabi,132792.28
F1187,Soybean,79.98,Rain-fed,1.23,0.63,836.83,Silty,Kharif,30765.38
F1188,Rice,110.44,Rain-fed,4.23,1.98,869.06,Loamy,Zaid,22897.15
F1189,Tomato,346.1,Flood,4.43,2.33,7754.03,Peaty,Zaid,170139.12
F1190,Cotton,284.51,Manual,11.46,5.13,3135.7,Sandy,Zaid,126084.41
F1191,Sugarcane,109.9,Flood,3.5,1.54,2599.03,Clay,Zaid,43772.94
F1192,Rice,452.39,Flood,9.57,8.03,2631.27,Peaty,Zaid,49998.52
F1193,Cotton,145.21,Drip,6.46,2.62,1320.72,Silty,Zaid,48813.83
F1194,Soybean,216.32,Rain-fed,10.7,3.02,2307.23,Peaty,Rabi,82764.55
F1195,Barley,109.12,Flood,2.2,2.05,1252.48,Silty,Rabi,48192.23
F1196,Carrot,200.13,Drip,8.46,2.76,3693.65,Silty,Kharif,95756.46
F1197,Sugarcane,250.91,Manual,10.04,3.94,6297.72,Silty,Rabi,117008.24
F1198,Rice,154.67,Flood,6.17,1.74,1401.9,Loamy,Zaid,40588.47
F1199,Wheat,386.86,Rain-fed,18.68,7.24,4797.86,Sandy,Rabi,177412.3
F1200,Cotton,203.03,Flood,5.98,3.53,852.64,Peaty,Kharif,20363.53
F1201,Carrot,367.46,Manual,13.58,2.76,4951.53,Sandy,Zaid,88407.21
F1202,Sugarcane,111.47,Flood,4.79,1.52,2085.94,Clay,Rabi,16224.05
F1203,Soybean,194.75,Rain-fed,5.68,3.59,2318.01,Peaty,Rabi,88264.79
F1204,Tomato,13.95,Drip,0.41,0.24,308.5,Sandy,Kharif,6572.46
F1205,Cotton,381.73,Rain-fed,8.68,7.42,2306.32,Sandy,Zaid,77263.93
F1206,Soybean,316.68,Drip,13.06,2.68,2531.24,Clay,Kharif,78197.05
F1207,Sugarcane,410.73,Sprinkler,15.38,4.32,10551.36,Silty,Zaid,202717.91
F1208,Cotton,233.25,Rain-fed,6.54,2.94,2016.45,Peaty,Zaid,76138.49
F1209,Carrot,401.87,Rain-fed,10.76,3.41,5877.46,Peaty,Rabi,120088.6
F1210,Sugarcane,327.32,Manual,4.22,3.57,7045.13,Clay,Kharif,98251.64
F1211,Potato,11.77,Flood,0.12,0.15,213.54,Silty,Kharif,4454.78
F1212,Rice,134.31,Drip,4.18,1.06,1804.05,Peaty,Kharif,64712.97
F1213,Carrot,252.01,Drip,6.73,2.23,3444.94,Peaty,Zaid,62157.21
F1214,Cotton,313.16,Manual,13.1,2.15,1774.15,Peaty,Kharif,52943.28
F1215,Tomato,42.14,Manual,1.34,0.66,680.83,Silty,Zaid,7332.49
F1216,Soybean,355.49,Flood,16.87,3.71,1849.02,Clay,Kharif,38443.88
F1217,Wheat,276.33,Flood,4.93,2.29,2644.82,Peaty,Kharif,89024.5
F1218,Soybean,267.63,Rain-fed,13.28,3.37,3316.48,Sandy,Rabi,126227.73
F1219,Cotton,153.1,Sprinkler,3.36,0.92,1520.59,Silty,Kharif,58979.72
F1220,Soybean,301.46,Flood,10.76,5.68,3898.75,Loamy,Rabi,149883.28
F1221,Rice,23.47,Manual,0.71,0.22,303.92,Clay,Rabi,10886.35
F1222,Sugarcane,41.7,Flood,1.02,0.76,896.83,Sandy,Zaid,12375.12
F1223,Wheat,369.6,Drip,5.76,4.61,3344.69,Peaty,Kharif,108890.38
F1224,Maize,167.73,Sprinkler,2.58,2.98,1758.91,Loamy,Kharif,58929.6
F1225,Cotton,180.01,Rain-fed,6.92,1.57,917.9,Clay,Kharif,25989.37
F1226,Barley,112.11,Drip,2.81,0.86,1080.66,Silty,Rabi,38461.56
F1227,Maize,228.35,Drip,11.06,4.05,2159.54,Loamy,Kharif,65224.7
F1228,Soybean,35.48,Sprinkler,0.82,0.29,357.31,Loamy,Zaid,12668.62
F1229,Cotton,157.18,Rain-fed,7.76,2.55,1373.39,Sandy,Zaid,51253.22
F1230,Potato,268.29,Manual,4.89,2.73,4037.35,Clay,Kharif,60139.6
F1231,Barley,238.16,Rain-fed,3.36,3.86,2221.15,Sandy,Rabi,81713.71
F1232,Wheat,499.84,Flood,11.25,9.3,3989.85,Sandy,Zaid,123162.98
F1233,Tomato,200.49,Drip,9.11,3.95,3290.35,Peaty,Zaid,35657.67
F1234,Potato,199.63,Flood,6.16,2.08,3624.55,Silty,Rabi,73868.59
F1235,Maize,256.76,Manual,3.96,2.7,2011.07,Loamy,Zaid,57137.97
F1236,Sugarcane,103.25,Flood,1.87,2.04,2550.02,Clay,Rabi,47041.05
F1237,Rice,439.39,Rain-fed,9.86,7.88,3150.64,Silty,Zaid,78972.73
F1238,Tomato,290.41,Flood,9.76,1.65,5690.02,Silty,Rabi,98756.55
F1239,Potato,104.13,Manual,2.43,1.42,1785.66,Clay,Zaid,34220.05
F1240,Sugarcane,398.79,Manual,15.9,3.08,7723.63,Silty,Kharif,71421.33
F1241,Sugarcane,26.82,Manual,0.93,0.53,568.28,Peaty,Zaid,7401.87
F1242,Cotton,491.46,Rain-fed,22.09,3.48,4763.53,Silty,Zaid,181944.8
F1243,Potato,433.92,Manual,13.03,5.81,6603.6,Peaty,Kharif,98678.85
F1244,Wheat,294.02,Drip,6.84,4.4,1811.68,Loamy,Kharif,42789.88
F1245,Soybean,64.53,Manual,3.22,1.23,643.64,Loamy,Kharif,22335.28
F1246,Barley,115.48,Flood,2.8,2.05,737.21,Sandy,Kharif,21901.33
F1247,Barley,146.92,Flood,3.99,1.28,1493.17,Peaty,Rabi,54742.13
F1248,Maize,128.11,Flood,5.43,1.74,1585.16,Loamy,Rabi,55826.71
F1249,Maize,253.78,Rain-fed,3.44,4.9,1595.62,Silty,Zaid,37900.77
F1250,Barley,472.83,Flood,12.04,7.58,3842.46,Clay,Zaid,130050.14
F1251,Wheat,227.64,Rain-fed,3.06,3.49,1942.0,Clay,Zaid,63278.11
F1252,Rice,334.17,Rain-fed,5.2,5.45,3540.79,Peaty,Rabi,117965.62
F1253,Carrot,347.41,Manual,3.54,3.42,4557.0,Sandy,Zaid,81210.67
F1254,Soybean,437.07,Drip,4.54,6.97,3563.81,Silty,Zaid,116885.83
F1255,Rice,26.57,Manual,0.67,0.23,152.85,Peaty,Rabi,2784.7
F1256,Cotton,208.12,Manual,8.82,2.38,1085.16,Clay,Zaid,31003.97
F1257,Carrot,394.52,Rain-fed,13.21,7.24,6009.21,Peaty,Rabi,129380.87
F1258,Carrot,409.28,Rain-fed,14.49,2.16,5105.62,Silty,Rabi,76273.63
F1259,Potato,464.39,Flood,14.29,5.21,6463.95,Loamy,Kharif,73295.5
F1260,Wheat,354.37,Flood,15.16,3.19,2813.91,Silty,Kharif,81421.69
F1261,Wheat,130.13,Manual,5.88,1.04,867.43,Loamy,Rabi,21524.6
F1262,Carrot,257.78,Sprinkler,11.34,4.53,2932.5,Loamy,Rabi,31925.32
F1263,Potato,25.85,Sprinkler,1.1,0.4,391.73,Loamy,Kharif,5519.92
F1264,Soybean,326.99,Flood,5.66,2.19,2002.28,Peaty,Zaid,54197.24
F1265,Carrot,281.6,Sprinkler,9.51,3.5,4826.13,Clay,Zaid,118205.89
F1266,Tomato,336.75,Flood,11.21,4.04,5125.85,Peaty,Zaid,42114.87
F1267,Maize,465.77,Rain-fed,14.49,3.32,5331.69,Clay,Rabi,185831.2
F1268,Maize,346.77,Manual,10.14,5.89,2959.73,Silty,Kharif,87772.79
F1269,Rice,167.02,Drip,2.27,1.75,1832.15,Sandy,Zaid,61819.04
F1270,Cotton,107.38,Manual,1.51,1.76,480.52,Silty,Kharif,13001.23
F1271,Maize,428.77,Flood,19.76,3.38,5582.92,Peaty,Kharif,200785.92
F1272,Sugarcane,105.22,Flood,3.7,1.02,2516.03,Peaty,Rabi,42820.43
F1273,Rice,89.19,Manual,1.83,0.57,597.19,Clay,Zaid,13918.54
F1274,Maize,111.24,Flood,2.36,0.8,801.84,Peaty,Kharif,20859.01
F1275,Cotton,259.33,Sprinkler,8.92,4.73,2456.52,Loamy,Rabi,92736.74
F1276,Wheat,70.85,Sprinkler,1.86,0.47,894.35,Peaty,Rabi,33202.95
F1277,Wheat,469.68,Flood,12.99,3.02,4118.41,Clay,Rabi,130726.86
F1278,Soybean,483.46,Flood,6.01,9.24,4156.42,Clay,Zaid,142260.88
F1279,Carrot,487.16,Sprinkler,7.58,7.16,6115.23,Loamy,Zaid,95055.28
F1280,Tomato,29.17,Flood,0.75,0.19,517.8,Clay,Rabi,7386.26
F1281,Wheat,473.64,Flood,17.99,9.27,3534.9,Sandy,Zaid,101551.08
F1282,Potato,498.73,Manual,5.95,3.59,7654.72,Silty,Zaid,119809.94
F1283,Maize,471.79,Drip,11.03,7.78,2676.16,Peaty,Kharif,51066.13
F1284,Potato,338.76,Sprinkler,12.81,1.87,4442.61,Sandy,Rabi,39439.9
F1285,Cotton,353.6,Manual,14.74,5.08,3435.55,Peaty,Rabi,131637.34
F1286,Wheat,69.9,Drip,1.23,0.92,737.18,Sandy,Zaid,26054.46
F1287,Tomato,438.41,Flood,17.21,3.56,7650.86,Peaty,Rabi,101750.53
F1288,Cotton,39.22,Flood,1.89,0.57,450.5,Loamy,Rabi,17814.68
F1289,Sugarcane,165.69,Manual,7.67,2.36,3299.89,Clay,Rabi,34205.43
F1290,Sugarcane,495.66,Flood,20.61,8.41,10368.28,Clay,Zaid,128036.99
F1291,Potato,216.94,Rain-fed,8.35,3.93,4029.57,Loamy,Zaid,85160.11
F1292,Carrot,74.27,Manual,1.44,0.94,1222.12,Sandy,Zaid,29515.55
F1293,Rice,484.95,Drip,17.15,5.99,6171.1,Silty,Kharif,215545.88
F1294,Carrot,492.23,Manual,17.59,7.05,5363.0,Sandy,Rabi,54944.32
F1295,Soybean,101.65,Sprinkler,2.67,1.62,646.75,Clay,Kharif,17636.79
F1296,Carrot,433.75,Manual,12.89,4.49,6853.88,Silty,Zaid,154515.58
F1297,Soybean,201.31,Flood,7.6,2.53,1546.04,Peaty,Kharif,47363.59
F1298,Soybean,196.87,Flood,9.47,2.71,1069.37,Silty,Rabi,23117.46
F1299,Tomato,138.72,Rain-fed,3.03,2.75,2664.4,Sandy,Rabi,46414.48
F1300,Wheat,31.91,Rain-fed,0.63,0.44,262.67,Loamy,Zaid,8207.68
F1301,Tomato,141.32,Rain-fed,4.82,1.18,2485.93,Peaty,Zaid,34714.64
F1302,Soybean,36.35,Drip,0.55,0.5,251.01,Sandy,Kharif,7479.0
F1303,Cotton,462.94,Rain-fed,15.42,8.01,1940.89,Peaty,Zaid,47404.9
F1304,Sugarcane,334.24,Drip,4.53,5.97,6385.29,Silty,Kharif,57805.35
F1305,Soybean,444.45,Rain-fed,13.17,7.56,3831.05,Clay,Rabi,128753.13
F1306,Tomato,361.47,Drip,12.59,6.62,6126.76,Sandy,Rabi,76015.69
F1307,Cotton,74.33,Manual,0.95,0.74,824.14,Loamy,Rabi,33430.58
F1308,Tomato,470.88,Manual,8.61,5.94,7417.56,Silty,Rabi,74023.05
F1309,Carrot,450.95,Flood,10.56,7.53,7936.66,Sandy,Rabi,202987.8
F1310,Maize,180.56,Drip,4.47,1.62,1592.45,Loamy,Kharif,47293.43
F1311,Potato,64.65,Sprinkler,2.39,0.68,967.92,Sandy,Rabi,13598.51
F1312,Rice,355.04,Flood,11.06,6.2,2897.53,Silty,Kharif,78717.39
F1313,Tomato,366.9,Manual,9.28,6.07,6315.47,Sandy,Rabi,85130.5
F1314,Rice,449.45,Drip,12.6,8.79,4399.19,Peaty,Kharif,136013.93
F1315,Barley,35.8,Rain-fed,0.38,0.71,262.26,Silty,Kharif,8647.91
F1316,Tomato,79.43,Sprinkler,3.24,0.68,1586.19,Sandy,Kharif,28507.79
F1317,Maize,303.14,Manual,3.53,5.61,2627.95,Clay,Zaid,81870.02
F1318,Rice,313.37,Flood,13.53,2.01,3493.9,Sandy,Kharif,115527.84
F1319,Soybean,26.47,Drip,0.84,0.41,259.7,Peaty,Kharif,9046.23
F1320,Tomato,204.5,Sprinkler,6.36,1.7,3431.38,Loamy,Rabi,40445.68
F1321,Wheat,296.24,Drip,11.31,2.82,3522.03,Loamy,Kharif,125934.06
F1322,Potato,371.58,Rain-fed,16.49,7.13,7126.59,Loamy,Kharif,155910.77
F1323,Maize,164.91,Flood,7.87,1.48,2232.38,Clay,Zaid,81730.01
F1324,Rice,247.11,Drip,7.84,3.73,1776.49,Peaty,Rabi,42014.12
F1325,Maize,408.89,Manual,6.55,3.14,4971.21,Silty,Zaid,179556.66
F1326,Cotton,477.41,Flood,21.55,3.06,5417.54,Loamy,Zaid,214257.33
F1327,Potato,122.85,Manual,1.43,1.24,2168.38,Peaty,Zaid,43842.44
F1328,Soybean,133.99,Drip,5.67,1.92,1213.46,Sandy,Kharif,40539.4
F1329,Tomato,470.51,Flood,17.51,4.1,10539.28,Clay,Zaid,227211.52
F1330,Tomato,204.0,Manual,9.42,1.94,4604.72,Peaty,Zaid,99769.93
F1331,Tomato,361.99,Rain-fed,16.61,5.66,7208.64,Peaty,Rabi,129114.47
F1332,Potato,310.01,Rain-fed,3.76,2.03,4784.65,Silty,Rabi,75587.85
F1333,Wheat,149.94,Drip,5.15,1.75,1777.85,Peaty,Rabi,64003.43
F1334,Barley,330.25,Flood,4.95,6.32,1755.77,Silty,Rabi,44815.04
F1335,Sugarcane,331.23,Sprinkler,4.35,3.63,6593.75,Clay,Zaid,71624.01
F1336,Carrot,300.3,Flood,8.39,3.46,5577.52,Clay,Rabi,148413.38
F1337,Rice,58.83,Rain-fed,0.82,0.95,704.1,Sandy,Kharif,25047.51
F1338,Wheat,497.63,Manual,19.47,8.3,6344.6,Silty,Zaid,236790.77
F1339,Soybean,206.2,Sprinkler,10.05,3.41,2037.05,Silty,Rabi,69680.03
F1340,Rice,322.74,Drip,10.58,6.44,2922.03,Loamy,Zaid,84903.67
F1341,Tomato,444.02,Sprinkler,8.62,2.7,10023.63,Loamy,Rabi,218404.39
F1342,Maize,217.41,Drip,9.51,4.29,1751.47,Sandy,Zaid,48650.19
F1343,Soybean,389.22,Sprinkler,17.17,7.49,4318.26,Clay,Rabi,156843.64
F1344,Rice,486.19,Drip,19.11,8.65,5025.69,Loamy,Kharif,157178.14
F1345,Tomato,185.88,Drip,6.43,2.2,3094.77,Peaty,Rabi,35577.59
F1346,Rice,208.58,Sprinkler,9.33,3.77,1241.77,Clay,Zaid,22316.89
F1347,Maize,453.73,Sprinkler,7.5,3.77,3860.09,Peaty,Zaid,115023.69
F1348,Tomato,88.23,Drip,4.17,1.49,1702.65,Silty,Kharif,28150.32
F1349,Barley,24.01,Rain-fed,1.15,0.19,149.72,Clay,Zaid,4160.62
F1350,Wheat,455.36,Sprinkler,20.44,7.85,3922.34,Sandy,Kharif,121043.52
F1351,Cotton,412.58,Flood,8.26,5.87,3733.47,Silty,Zaid,142783.98
F1352,Carrot,486.57,Manual,21.57,3.15,8040.3,Silty,Zaid,187799.39
F1353,Potato,38.54,Drip,1.15,0.71,507.75,Peaty,Kharif,4666.66
F1354,Carrot,86.53,Drip,2.92,1.18,1394.19,Silty,Zaid,31640.49
F1355,Soybean,61.6,Manual,2.69,0.91,335.6,Loamy,Zaid,7556.67
F1356,Carrot,344.87,Rain-fed,3.86,3.19,3696.08,Clay,Kharif,38375.57
F1357,Tomato,306.94,Manual,7.53,5.55,4874.66,Loamy,Rabi,49407.33
F1358,Barley,186.07,Sprinkler,7.93,2.45,1875.75,Peaty,Kharif,67257.96
F1359,Cotton,38.14,Manual,1.62,0.43,178.45,Peaty,Zaid,4619.54
F1360,Wheat,323.43,Drip,14.21,4.21,1791.73,Clay,Rabi,35046.86
F1361,Wheat,289.36,Manual,4.85,4.5,1745.18,Silty,Rabi,42588.96
F1362,Maize,65.32,Flood,2.5,1.01,856.86,Sandy,Rabi,31347.54
F1363,Potato,455.37,Sprinkler,7.22,4.72,9063.61,Peaty,Kharif,210793.86
F1364,Rice,107.49,Manual,4.45,1.16,693.35,Clay,Rabi,14466.07
F1365,Barley,374.32,Drip,7.41,5.03,2646.53,Sandy,Rabi,82951.17
F1366,Rice,443.69,Sprinkler,17.53,8.37,5953.32,Silty,Rabi,212489.32
F1367,Cotton,293.94,Drip,8.29,4.76,1472.23,Peaty,Zaid,40880.11
F1368,Carrot,130.96,Rain-fed,6.48,1.42,1512.52,Clay,Kharif,18050.76
F1369,Wheat,161.53,Flood,5.36,1.62,955.21,Clay,Kharif,21710.12
F1370,Cotton,444.02,Rain-fed,15.68,5.71,5312.95,Clay,Zaid,217830.17
F1371,Carrot,156.15,Flood,3.86,2.82,2593.36,Peaty,Rabi,62027.97
F1372,Wheat,375.63,Manual,14.79,1.93,2593.95,Sandy,Zaid,69790.33
F1373,Carrot,495.18,Sprinkler,14.75,7.75,5481.14,Clay,Zaid,58618.98
F1374,Potato,499.91,Manual,5.36,4.71,10137.91,Silty,Rabi,243004.65
F1375,Barley,271.41,Flood,9.32,2.21,2213.11,Clay,Rabi,73332.46
F1376,Soybean,415.01,Flood,17.94,2.15,4053.51,Sandy,Kharif,140834.5
F1377,Cotton,495.22,Flood,9.64,9.14,3146.64,Peaty,Rabi,104827.94
F1378,Cotton,193.59,Drip,3.65,3.62,1972.98,Clay,Zaid,78083.28
F1379,Sugarcane,133.68,Sprinkler,4.59,0.79,2585.59,Clay,Zaid,23891.54
F1380,Tomato,65.97,Manual,2.82,0.85,1391.96,Silty,Rabi,27363.83
F1381,Potato,79.04,Manual,1.58,0.58,1143.94,Silty,Kharif,15194.9
F1382,Potato,428.24,Rain-fed,20.25,7.01,5790.9,Clay,Zaid,59596.34
F1383,Rice,298.47,Flood,14.06,4.47,2883.98,Clay,Rabi,87013.92
F1384,Carrot,438.12,Flood,7.9,4.14,7514.39,Silty,Kharif,186325.55
F1385,Tomato,396.83,Flood,8.16,2.68,7013.26,Sandy,Kharif,100774.1
F1386,Barley,340.13,Manual,12.93,5.94,1691.41,Loamy,Zaid,37941.86
F1387,Barley,308.56,Rain-fed,14.83,4.66,2849.79,Loamy,Zaid,99148.65
F1388,Potato,33.69,Drip,1.29,0.17,615.97,Clay,Kharif,12537.57
F1389,Barley,437.41,Sprinkler,12.16,6.31,4669.26,Silty,Kharif,173337.87
F1390,Sugarcane,214.74,Drip,3.6,3.68,4481.25,Peaty,Kharif,55998.43
F1391,Cotton,284.3,Manual,8.09,3.94,1405.02,Peaty,Rabi,39462.46
F1392,Maize,20.76,Flood,0.71,0.24,212.65,Loamy,Zaid,6927.32
F1393,Soybean,468.68,Sprinkler,10.89,6.45,3501.48,Sandy,Kharif,108648.08
F1394,Rice,452.34,Manual,13.76,6.47,6000.55,Loamy,Zaid,216561.39
F1395,Carrot,276.21,Manual,4.2,4.03,4013.16,Clay,Zaid,83161.51
F1396,Soybean,292.88,Manual,8.23,5.71,2499.55,Sandy,Zaid,84615.69
F1397,Carrot,355.46,Sprinkler,4.85,2.73,4659.95,Peaty,Kharif,79510.3
F1398,Wheat,139.7,Sprinkler,1.67,2.0,1095.67,Silty,Rabi,32901.51
F1399,Soybean,118.74,Rain-fed,5.26,0.93,1080.87,Silty,Kharif,36227.39
F1400,Maize,340.27,Rain-fed,6.19,2.77,2648.84,Clay,Zaid,75766.81
F1401,Potato,61.17,Drip,2.02,0.92,1221.34,Loamy,Kharif,27948.54
F1402,Sugarcane,232.49,Sprinkler,3.71,4.36,4908.71,Clay,Kharif,64076.02
F1403,Cotton,251.45,Sprinkler,5.16,1.86,1641.49,Silty,Zaid,54517.15
F1404,Cotton,196.86,Sprinkler,4.81,3.83,1065.08,Peaty,Zaid,31921.62
F1405,Sugarcane,100.78,Rain-fed,1.59,0.99,2312.47,Silty,Kharif,37182.32
F1406,Tomato,184.1,Manual,2.18,2.0,2702.37,Sandy,Kharif,20309.5
F1407,Wheat,175.4,Flood,7.91,1.28,1573.14,Silty,Kharif,49112.56
F1408,Carrot,254.64,Rain-fed,2.67,3.63,3797.21,Silty,Kharif,81497.27
F1409,Maize,340.59,Sprinkler,4.24,4.75,2750.65,Sandy,Rabi,80350.75
F1410,Barley,484.44,Rain-fed,20.44,5.64,5227.67,Loamy,Kharif,193738.77
F1411,Soybean,80.64,Drip,1.72,0.98,833.75,Silty,Rabi,29858.1
F1412,Wheat,437.78,Sprinkler,17.04,6.28,5712.77,Clay,Zaid,213880.83
F1413,Soybean,149.25,Drip,2.37,2.05,1336.61,Silty,Rabi,45297.53
F1414,Maize,299.77,Sprinkler,5.84,3.18,2918.76,Clay,Zaid,94465.84
F1415,Rice,277.9,Rain-fed,9.15,5.07,2105.16,Sandy,Rabi,55117.72
F1416,Rice,282.9,Manual,14.02,4.25,2519.32,Silty,Zaid,71912.56
F1417,Wheat,364.45,Flood,4.72,2.95,1911.21,Sandy,Kharif,40360.26
F1418,Potato,197.03,Drip,5.13,1.93,3588.45,Sandy,Rabi,74025.1
F1419,Maize,166.36,Rain-fed,1.95,2.8,1303.64,Loamy,Rabi,37372.4
F1420,Maize,427.89,Manual,7.69,2.81,4157.79,Silty,Zaid,135275.72
F1421,Sugarcane,117.85,Rain-fed,5.46,1.92,2330.01,Clay,Zaid,23804.65
F1422,Potato,98.32,Drip,1.36,1.02,1731.23,Clay,Rabi,34256.31
F1423,Carrot,17.65,Flood,0.78,0.23,254.21,Silty,Zaid,4924.27
F1424,Carrot,113.18,Rain-fed,1.94,1.04,1635.97,Loamy,Kharif,33133.71
F1425,Barley,264.08,Sprinkler,11.74,5.23,3284.43,Loamy,Rabi,125977.67
F1426,Cotton,273.87,Manual,8.63,5.09,2699.17,Loamy,Kharif,104745.2
F1427,Rice,134.67,Rain-fed,6.08,2.55,1055.71,Clay,Rabi,27574.2
F1428,Carrot,45.41,Manual,0.73,0.35,660.62,Sandy,Kharif,13695.55
F1429,Potato,374.87,Sprinkler,15.18,6.61,6224.54,Loamy,Rabi,107464.8
F1430,Maize,381.41,Flood,14.2,4.97,4534.62,Clay,Zaid,159436.54
F1431,Carrot,498.94,Flood,15.83,7.79,8668.44,Clay,Rabi,216211.61
F1432,Maize,451.01,Sprinkler,19.13,3.73,3550.45,Sandy,Kharif,96236.18
F1433,Carrot,463.77,Manual,16.66,7.27,8027.69,Silty,Rabi,198707.34
F1434,Rice,401.12,Rain-fed,18.08,7.51,2892.28,Silty,Kharif,68912.62
F1435,Soybean,311.6,Sprinkler,7.87,2.81,3448.46,Loamy,Kharif,126230.26
F1436,Carrot,72.99,Drip,2.45,0.62,937.42,Loamy,Kharif,14562.02
F1437,Potato,314.93,Manual,14.12,2.07,4759.38,Sandy,Zaid,69024.75
F1438,Carrot,37.42,Flood,0.7,0.34,654.88,Loamy,Rabi,16501.02
F1439,Cotton,443.8,Sprinkler,13.06,5.79,3349.3,Sandy,Kharif,118950.77
F1440,Rice,246.09,Flood,11.92,4.3,3378.72,Clay,Zaid,122117.56
F1441,Potato,351.76,Manual,10.18,3.23,4899.88,Loamy,Kharif,56555.26
F1442,Sugarcane,35.6,Flood,0.72,0.51,759.15,Clay,Rabi,10157.92
F1443,Potato,271.78,Sprinkler,6.53,3.31,5040.29,Peaty,Zaid,106804.82
F1444,Cotton,157.62,Manual,7.16,1.47,675.9,Sandy,Kharif,16100.29
F1445,Soybean,149.63,Drip,7.21,1.89,947.55,Peaty,Kharif,24052.56
F1446,Rice,200.93,Sprinkler,9.65,1.51,1228.56,Loamy,Kharif,21729.26
F1447,Sugarcane,10.31,Rain-fed,0.39,0.15,264.46,Clay,Rabi,5127.29
F1448,Cotton,238.66,Sprinkler,7.25,1.61,2476.82,Loamy,Zaid,96479.82
F1449,Cotton,248.42,Manual,4.3,3.97,1746.14,Peaty,Zaid,61961.24
F1450,Wheat,432.93,Sprinkler,6.46,3.32,2778.01,Loamy,Zaid,70357.85
F1451,Rice,229.78,Drip,2.85,4.59,1459.61,Silty,Kharif,31284.97
F1452,Potato,188.14,Drip,2.01,3.27,3168.11,Peaty,Zaid,58844.02
F1453,Maize,497.43,Rain-fed,22.45,5.05,6679.27,Loamy,Kharif,243916.11
F1454,Soybean,289.89,Flood,12.28,3.3,3015.37,Clay,Rabi,107215.86
F1455,Maize,241.58,Manual,7.9,2.15,2040.42,Loamy,Zaid,59442.17
F1456,Potato,253.01,Manual,12.64,4.18,4252.28,Clay,Kharif,75988.69
F1457,Potato,406.5,Flood,19.56,4.35,8477.16,Silty,Zaid,203071.11
F1458,Rice,176.93,Drip,6.41,2.89,1765.91,Loamy,Zaid,54407.56
F1459,Potato,200.69,Drip,5.74,1.06,4119.42,Silty,Rabi,97470.57
F1460,Wheat,380.38,Sprinkler,6.12,2.68,2004.02,Peaty,Zaid,40527.25
F1461,Sugarcane,45.76,Rain-fed,1.4,0.48,1071.8,Clay,Rabi,17773.3
F1462,Potato,433.93,Rain-fed,7.08,2.88,7618.94,Peaty,Zaid,152251.68
F1463,Maize,220.8,Rain-fed,5.73,3.09,2397.46,Clay,Zaid,82608.08
F1464,Potato,294.83,Sprinkler,14.07,1.7,5153.37,Silty,Zaid,96772.29
F1465,Wheat,381.16,Rain-fed,9.03,6.82,2042.71,Sandy,Zaid,44851.76
F1466,Carrot,140.37,Flood,2.26,2.3,1657.17,Loamy,Zaid,22433.99
F1467,Carrot,446.25,Sprinkler,14.86,3.68,8108.28,Silty,Zaid,209248.71
F1468,Cotton,489.82,Flood,16.7,6.0,2987.6,Clay,Rabi,94618.58
F1469,Soybean,252.19,Sprinkler,4.48,2.97,3225.61,Clay,Rabi,125384.75
F1470,Barley,469.1,Rain-fed,8.38,7.45,4673.17,Clay,Kharif,174427.73
F1471,Sugarcane,10.55,Flood,0.52,0.12,225.71,Clay,Zaid,2931.02
F1472,Tomato,448.18,Flood,8.84,2.46,9887.56,Loamy,Rabi,209755.38
F1473,Cotton,162.41,Flood,7.07,1.48,1733.07,Peaty,Zaid,67887.41
F1474,Soybean,162.63,Sprinkler,4.69,1.95,1349.24,Sandy,Zaid,44168.79
F1475,Carrot,121.76,Manual,3.34,2.39,1367.29,Loamy,Rabi,15517.2
F1476,Maize,165.34,Rain-fed,3.6,3.01,2029.7,Clay,Zaid,73958.77
F1477,Tomato,114.61,Flood,4.69,0.88,2405.01,Loamy,Rabi,46532.45
F1478,Soybean,453.88,Manual,20.53,7.19,5147.02,Silty,Rabi,188945.77
F1479,Soybean,450.52,Rain-fed,9.21,8.58,4818.45,Clay,Kharif,179282.15
F1480,Cotton,60.08,Rain-fed,0.83,0.31,371.98,Sandy,Kharif,12635.68
F1481,Tomato,80.0,Flood,1.24,1.27,1714.98,Clay,Kharif,35483.34
F1482,Rice,432.39,Flood,18.04,5.14,2493.11,Sandy,Kharif,43625.05
F1483,Barley,205.48,Sprinkler,5.64,3.12,1344.26,Sandy,Zaid,40050.12
F1484,Rice,92.94,Manual,1.42,1.31,548.59,Peaty,Zaid,11025.27
F1485,Tomato,260.23,Manual,6.14,5.14,4029.46,Peaty,Kharif,37534.92
F1486,Rice,214.17,Flood,6.55,2.0,2149.3,Loamy,Rabi,67024.02
F1487,Wheat,117.39,Rain-fed,5.17,1.97,657.42,Loamy,Rabi,13488.31
F1488,Carrot,363.17,Flood,12.95,3.09,4420.07,Sandy,Rabi,62665.62
F1489,Wheat,319.33,Rain-fed,5.44,3.68,2204.55,Clay,Rabi,61661.7
F1490,Potato,58.83,Rain-fed,0.96,1.15,1045.17,Silty,Zaid,21305.95
F1491,Rice,463.44,Flood,12.28,7.64,4380.91,Silty,Rabi,133251.93
F1492,Potato,283.65,Drip,3.69,2.76,4624.11,Clay,Rabi,80376.57
F1493,Maize,132.6,Manual,5.33,1.89,1548.29,Clay,Kharif,54017.74
F1494,Sugarcane,111.08,Rain-fed,2.89,0.64,2366.62,Peaty,Rabi,31401.89
F1495,Maize,76.61,Rain-fed,1.82,0.69,628.29,Silty,Zaid,18341.17
F1496,Tomato,218.07,Drip,6.62,3.44,4888.13,Sandy,Rabi,105760.81
F1497,Soybean,76.42,Sprinkler,2.93,1.04,392.2,Loamy,Rabi,7895.0
F1498,Carrot,213.75,Drip,7.01,2.57,2825.6,Peaty,Zaid,47486.11
F1499,Rice,82.9,Drip,3.49,1.27,891.63,Silty,Kharif,28496.61
F1500,Cotton,331.84,Rain-fed,11.67,3.64,3458.04,Clay,Zaid,137089.18
F1501,Sugarcane,394.77,Manual,16.39,2.13,9607.59,Silty,Kharif,168394.54
F1502,Barley,279.27,Drip,10.58,3.24,1440.09,Sandy,Rabi,33073.28
F1503,Barley,343.23,Sprinkler,6.08,6.36,3538.43,Peaty,Kharif,131680.34
F1504,Barley,469.81,Flood,5.68,8.39,4836.76,Clay,Kharif,182332.23
F1505,Rice,322.8,Drip,14.89,3.59,2439.84,Sandy,Kharif,59922.32
F1506,Barley,188.44,Drip,9.01,1.0,1109.67,Loamy,Rabi,27344.17
F1507,Wheat,230.25,Sprinkler,9.0,3.35,2605.56,Peaty,Kharif,92069.21
F1508,Sugarcane,431.66,Manual,16.82,6.96,8490.44,Sandy,Kharif,86245.14
F1509,Wheat,74.05,Drip,1.54,0.7,382.97,Sandy,Rabi,7454.88
F1510,Soybean,169.61,Drip,5.38,2.06,1142.45,Clay,Zaid,32129.28
F1511,Sugarcane,292.87,Manual,14.55,5.82,5293.99,Loamy,Zaid,32926.24
F1512,Wheat,341.43,Sprinkler,15.11,4.66,2484.43,Sandy,Zaid,68175.1
F1513,Sugarcane,384.11,Drip,8.52,3.94,7838.54,Peaty,Rabi,89885.81
F1514,Soybean,165.92,Manual,3.66,2.39,1148.89,Sandy,Rabi,34604.56
F1515,Potato,81.47,Drip,2.39,0.63,1640.92,Silty,Zaid,38126.37
F1516,Rice,477.87,Flood,12.51,3.82,3610.68,Peaty,Kharif,92235.44
F1517,Rice,47.43,Rain-fed,1.18,0.9,441.71,Peaty,Zaid,13613.7
F1518,Barley,56.94,Flood,2.0,0.49,704.65,Sandy,Rabi,27502.6
F1519,Maize,252.52,Drip,2.64,2.44,3140.94,Clay,Kharif,114059.02
F1520,Barley,411.44,Sprinkler,16.68,5.41,3007.18,Peaty,Kharif,92041.15
F1521,Tomato,389.51,Rain-fed,15.43,7.2,6759.21,Silty,Rabi,89818.8
F1522,Wheat,469.47,Flood,20.29,7.85,4709.83,Clay,Kharif,158368.03
F1523,Sugarcane,79.39,Manual,3.47,0.45,1992.98,Clay,Zaid,37084.44
F1524,Maize,194.11,Sprinkler,6.34,2.99,1093.8,Clay,Rabi,20187.05
F1525,Soybean,148.25,Flood,6.11,1.86,1209.26,Peaty,Rabi,38136.91
F1526,Tomato,431.83,Manual,12.82,5.24,9266.72,Clay,Rabi,189964.82
F1527,Soybean,249.29,Drip,11.98,3.83,2079.64,Sandy,Rabi,65860.42
F1528,Rice,23.16,Manual,0.41,0.18,262.3,Clay,Kharif,8984.84
F1529,Rice,356.9,Flood,16.64,7.04,4064.85,Silty,Rabi,134470.16
F1530,Barley,200.46,Flood,4.08,2.94,1267.39,Loamy,Rabi,36520.88
F1531,Wheat,270.26,Drip,3.81,2.83,2369.7,Silty,Kharif,75629.5
F1532,Maize,447.96,Manual,12.35,6.27,4474.18,Peaty,Rabi,146246.24
F1533,Carrot,135.8,Manual,4.7,1.12,2230.64,Clay,Kharif,52444.53
F1534,Tomato,127.73,Drip,2.46,1.85,2712.92,Clay,Kharif,54790.4
F1535,Tomato,138.96,Manual,4.48,0.75,2882.27,Sandy,Rabi,56137.88
F1536,Barley,175.67,Drip,7.43,1.78,889.72,Clay,Zaid,19556.71
F1537,Rice,62.6,Sprinkler,1.27,1.01,692.31,Silty,Rabi,23054.04
F1538,Barley,351.64,Flood,11.68,6.02,3053.22,Peaty,Zaid,105113.7
F1539,Sugarcane,111.63,Sprinkler,2.63,0.98,2494.06,Loamy,Kharif,36785.55
F1540,Maize,463.81,Rain-fed,14.47,6.07,3897.86,Clay,Zaid,115575.54
F1541,Wheat,115.69,Rain-fed,4.24,1.5,1268.71,Loamy,Rabi,44609.85
F1542,Potato,135.26,Rain-fed,3.25,1.53,2433.31,Clay,Rabi,49987.76
F1543,Cotton,155.54,Drip,7.74,1.31,1409.01,Peaty,Zaid,51607.3
F1544,Cotton,386.58,Manual,12.58,6.01,4293.63,Silty,Rabi,171891.42
F1545,Barley,219.53,Sprinkler,9.43,1.93,1243.11,Peaty,Zaid,30900.65
F1546,Sugarcane,411.47,Sprinkler,16.05,7.68,8334.09,Loamy,Kharif,90692.69
F1547,Maize,394.58,Sprinkler,17.41,5.1,3782.1,Clay,Zaid,117604.92
F1548,Carrot,465.45,Sprinkler,7.89,8.4,8527.18,Loamy,Zaid,225018.19
F1549,Cotton,380.74,Rain-fed,7.2,3.56,1769.98,Silty,Zaid,49033.23
F1550,Maize,35.44,Sprinkler,1.05,0.61,290.98,Peaty,Zaid,8321.58
F1551,Wheat,420.27,Manual,18.53,2.82,5358.31,Loamy,Kharif,197675.59
F1552,Soybean,469.66,Rain-fed,8.41,7.75,5620.51,Loamy,Kharif,215655.99
F1553,Sugarcane,496.91,Sprinkler,24.27,5.37,12348.3,Silty,Kharif,221669.65
F1554,Rice,71.38,Drip,1.08,0.86,576.89,Clay,Zaid,15943.41
F1555,Maize,310.5,Flood,5.28,2.33,3800.01,Loamy,Kharif,136228.72
F1556,Wheat,107.73,Flood,1.8,0.57,991.2,Silty,Rabi,32550.52
F1557,Carrot,138.63,Flood,4.64,2.08,2172.44,Clay,Kharif,48230.88
F1558,Potato,375.34,Rain-fed,17.53,5.19,5499.72,Clay,Zaid,73389.5
F1559,Rice,489.06,Sprinkler,9.88,7.01,5542.0,Peaty,Rabi,187147.29
F1560,Potato,301.48,Rain-fed,9.68,2.66,4613.26,Silty,Zaid,69665.46
F1561,Carrot,426.79,Manual,7.27,3.67,5685.44,Clay,Rabi,101384.03
F1562,Wheat,14.35,Drip,0.51,0.25,148.9,Peaty,Zaid,5091.42
F1563,Cotton,27.95,Drip,0.42,0.46,167.11,Sandy,Zaid,5476.22
F1564,Potato,302.39,Flood,8.97,3.04,4397.6,Silty,Rabi,57387.14
F1565,Rice,200.6,Flood,7.26,2.92,1735.06,Sandy,Kharif,49682.06
F1566,Barley,445.98,Flood,14.79,7.77,4877.95,Clay,Rabi,183398.87
F1567,Tomato,157.97,Sprinkler,2.46,2.9,2598.19,Silty,Rabi,29994.43
F1568,Maize,221.71,Manual,3.65,1.13,2592.82,Peaty,Rabi,91991.47
F1569,Cotton,268.68,Manual,9.9,4.62,2624.44,Clay,Rabi,101624.39
F1570,Potato,143.79,Manual,6.09,1.47,2622.82,Silty,Rabi,53436.6
F1571,Soybean,455.16,Manual,21.08,7.18,4001.47,Silty,Zaid,131952.64
F1572,Maize,237.62,Flood,10.11,2.51,2734.01,Sandy,Zaid,94657.73
F1573,Barley,217.84,Drip,10.66,3.07,1090.82,Clay,Kharif,22961.64
F1574,Carrot,426.38,Flood,11.23,6.27,5594.69,Peaty,Kharif,94759.71
F1575,Tomato,162.87,Manual,3.79,1.8,3268.11,Peaty,Rabi,60531.23
F1576,Wheat,410.56,Flood,4.57,5.21,5312.34,Clay,Kharif,203192.62
F1577,Barley,69.91,Manual,1.96,1.11,324.85,Clay,Kharif,7061.68
F1578,Barley,99.57,Rain-fed,3.59,1.21,879.35,Loamy,Rabi,30267.08
F1579,Carrot,475.91,Drip,20.28,2.48,8664.46,Sandy,Zaid,223457.33
F1580,Sugarcane,422.8,Rain-fed,8.75,2.2,10345.19,Clay,Zaid,188321.46
F1581,Carrot,200.07,Sprinkler,6.11,2.98,2183.71,Clay,Kharif,21858.59
F1582,Sugarcane,322.84,Flood,11.78,5.72,7104.23,Loamy,Zaid,100670.16
F1583,Sugarcane,472.06,Sprinkler,15.14,7.92,8407.53,Loamy,Zaid,48015.04
F1584,Cotton,113.81,Flood,2.39,1.1,1193.34,Silty,Kharif,47325.97
F1585,Cotton,38.92,Rain-fed,1.63,0.47,261.88,Peaty,Rabi,8699.47
F1586,Rice,273.36,Manual,4.63,2.33,3183.18,Sandy,Kharif,111048.48
F1587,Potato,79.87,Manual,3.69,1.58,1626.08,Silty,Kharif,38172.44
F1588,Potato,101.79,Flood,4.9,0.91,2102.58,Clay,Kharif,49919.49
F1589,Wheat,446.85,Manual,11.0,5.02,5512.46,Loamy,Rabi,204500.36
F1590,Potato,13.63,Rain-fed,0.34,0.21,194.17,Peaty,Rabi,2475.57
F1591,Cotton,410.24,Manual,16.3,7.44,2387.7,Silty,Rabi,72957.43
F1592,Rice,263.31,Rain-fed,7.44,1.52,2810.77,Peaty,Rabi,92239.26
F1593,Rice,284.05,Sprinkler,3.17,2.7,2841.41,Loamy,Kharif,90221.73
F1594,Sugarcane,339.17,Rain-fed,15.87,4.59,6057.52,Silty,Zaid,35210.16
F1595,Carrot,221.41,Drip,6.03,3.16,3077.31,Silty,Kharif,56833.44
F1596,Wheat,66.65,Drip,1.21,0.4,830.49,Peaty,Rabi,30837.3
F1597,Sugarcane,60.38,Drip,1.95,0.9,1508.93,Loamy,Zaid,27736.04
F1598,Carrot,379.64,Flood,7.12,4.91,4643.93,Clay,Kharif,68928.03
F1599,Potato,118.31,Flood,2.16,2.06,1852.62,Silty,Zaid,29906.32
F1600,Sugarcane,23.77,Flood,0.76,0.2,527.99,Clay,Rabi,7704.9
F1601,Maize,490.01,Rain-fed,12.56,3.88,6014.21,Loamy,Zaid,216150.48
F1602,Potato,490.39,Flood,16.14,8.29,8326.17,Silty,Zaid,153393.48
F1603,Carrot,195.29,Sprinkler,9.74,3.04,3647.59,Silty,Rabi,95160.53
F1604,Wheat,22.51,Drip,1.0,0.38,263.93,Clay,Zaid,9444.27
F1605,Carrot,366.36,Rain-fed,3.78,6.13,6611.69,Sandy,Kharif,176305.74
F1606,Sugarcane,417.2,Drip,5.02,2.74,9786.76,Clay,Zaid,163789.82
F1607,Sugarcane,71.26,Flood,2.45,0.65,1764.22,Clay,Kharif,32140.31
F1608,Barley,76.37,Rain-fed,2.68,0.68,860.88,Sandy,Zaid,33024.55
F1609,Wheat,412.89,Manual,18.63,7.85,3024.28,Loamy,Zaid,83211.9
F1610,Soybean,461.73,Sprinkler,16.24,5.68,3177.04,Loamy,Rabi,88567.43
F1611,Potato,397.47,Flood,7.6,2.65,7785.62,Silty,Rabi,177173.53
F1612,Rice,108.37,Flood,3.11,1.01,692.38,Peaty,Kharif,14506.94
F1613,Wheat,211.65,Sprinkler,8.97,3.83,1822.93,Peaty,Rabi,55752.78
F1614,Rice,304.41,Sprinkler,14.28,5.39,3795.25,Silty,Rabi,130368.77
F1615,Wheat,88.54,Manual,1.72,1.64,1025.89,Peaty,Rabi,37657.3
F1616,Wheat,113.2,Flood,3.58,1.23,716.58,Clay,Rabi,17603.34
F1617,Carrot,148.61,Flood,2.43,2.17,2153.22,Clay,Rabi,43853.65
F1618,Wheat,259.66,Drip,7.76,2.38,2352.58,Sandy,Kharif,75803.75
F1619,Barley,260.29,Rain-fed,3.54,2.01,1839.1,Sandy,Kharif,59734.59
F1620,Soybean,409.0,Rain-fed,19.5,2.18,5064.63,Silty,Rabi,190952.85
F1621,Sugarcane,378.97,Drip,13.46,3.17,8748.28,Silty,Rabi,136903.6
F1622,Tomato,457.73,Rain-fed,20.22,6.44,10355.08,Silty,Kharif,225237.72
F1623,Rice,418.12,Sprinkler,20.88,7.76,2670.92,Clay,Zaid,52978.75
F1624,Sugarcane,134.4,Rain-fed,2.33,0.94,2785.07,Peaty,Kharif,34640.26
F1625,Tomato,172.34,Rain-fed,6.51,3.23,3684.0,Silty,Zaid,74803.05
F1626,Soybean,255.21,Drip,11.61,2.6,2173.03,Silty,Rabi,68669.74
F1627,Soybean,16.99,Manual,0.56,0.19,118.7,Clay,Rabi,3479.31
F1628,Rice,452.91,Rain-fed,16.12,4.74,6189.38,Clay,Kharif,226058.8
F1629,Rice,31.73,Rain-fed,0.83,0.35,399.85,Clay,Rabi,14254.1
F1630,Soybean,168.0,Manual,6.21,1.49,1560.86,Peaty,Zaid,53521.83
F1631,Tomato,288.9,Drip,7.46,4.47,5553.68,Silty,Zaid,93799.71
F1632,Wheat,263.74,Manual,7.67,4.32,1384.2,Loamy,Kharif,27098.25
F1633,Potato,330.69,Drip,4.67,5.74,6778.67,Loamy,Zaid,162828.75
F1634,Maize,268.48,Sprinkler,2.77,2.72,3187.59,Silty,Kharif,113439.71
F1635,Sugarcane,122.21,Drip,1.49,2.01,2191.49,Silty,Kharif,14016.56
F1636,Carrot,108.53,Sprinkler,1.92,1.58,1308.69,Silty,Zaid,18507.56
F1637,Sugarcane,454.55,Sprinkler,12.85,8.8,11039.34,Silty,Zaid,194735.35
F1638,Carrot,139.34,Drip,1.51,1.58,1574.24,Peaty,Zaid,18776.04
F1639,Tomato,147.68,Flood,2.4,2.94,3268.8,Loamy,Zaid,70400.62
F1640,Carrot,212.35,Drip,8.76,3.42,3985.94,Sandy,Zaid,106164.21
F1641,Rice,78.32,Rain-fed,3.17,1.3,1005.33,Loamy,Zaid,35604.34
F1642,Potato,258.56,Rain-fed,10.75,1.39,4834.57,Loamy,Zaid,102277.87
F1643,Potato,335.87,Flood,15.74,4.19,5620.97,Clay,Rabi,99051.1
F1644,Rice,395.14,Sprinkler,5.83,5.11,2492.85,Silty,Kharif,52542.52
F1645,Barley,358.61,Flood,5.93,2.01,3761.47,Silty,Kharif,140640.14
F1646,Tomato,82.34,Rain-fed,1.92,0.8,1464.25,Silty,Zaid,21305.57
F1647,Barley,233.47,Flood,10.88,4.51,2186.86,Clay,Kharif,76600.46
F1648,Barley,28.91,Drip,1.19,0.33,207.87,Peaty,Zaid,6283.17
F1649,Sugarcane,18.72,Flood,0.43,0.15,367.26,Peaty,Rabi,3685.46
F1650,Soybean,225.66,Sprinkler,3.05,2.87,1659.6,Sandy,Kharif,51839.24
F1651,Sugarcane,133.95,Drip,4.64,0.74,3260.54,Peaty,Kharif,57000.18
F1652,Soybean,344.85,Manual,6.99,4.39,2833.23,Peaty,Rabi,93314.37
F1653,Maize,364.88,Rain-fed,11.4,5.08,2912.42,Silty,Rabi,81981.94
F1654,Carrot,448.75,Rain-fed,21.39,4.65,6423.4,Loamy,Rabi,122592.59
F1655,Soybean,382.73,Flood,12.59,6.29,1983.41,Peaty,Kharif,43216.44
F1656,Rice,33.64,Drip,1.58,0.24,438.98,Peaty,Kharif,15347.8
F1657,Sugarcane,192.1,Manual,4.94,3.49,4230.97,Clay,Rabi,61605.84
F1658,Tomato,143.78,Drip,5.08,2.78,2240.59,Sandy,Rabi,20406.97
F1659,Carrot,199.2,Rain-fed,9.11,1.0,2609.23,Clay,Rabi,42901.32
F1660,Maize,88.44,Drip,2.96,1.56,1192.46,Silty,Rabi,43636.72
F1661,Soybean,57.88,Manual,2.0,0.73,561.59,Loamy,Rabi,19516.78
F1662,Maize,265.28,Flood,10.25,3.16,2078.41,Sandy,Zaid,57450.08
F1663,Tomato,362.99,Sprinkler,16.44,3.11,6638.05,Clay,Rabi,98201.83
F1664,Barley,353.94,Drip,4.79,4.14,2368.15,Peaty,Zaid,71987.08
F1665,Potato,230.96,Sprinkler,5.42,4.45,2987.38,Peaty,Kharif,26034.51
F1666,Tomato,265.92,Rain-fed,6.89,2.17,5666.42,Sandy,Kharif,116155.61
F1667,Cotton,263.0,Flood,12.2,2.02,1756.29,Peaty,Zaid,57068.99
F1668,Tomato,348.87,Flood,16.83,3.01,7524.18,Clay,Rabi,151885.32
F1669,Maize,33.48,Drip,0.5,0.44,309.96,Clay,Kharif,9757.81
F1670,Rice,357.85,Flood,5.28,6.78,2520.84,Peaty,Rabi,61964.38
F1671,Sugarcane,295.28,Drip,13.99,4.02,7185.09,Peaty,Rabi,124237.66
F1672,Rice,107.07,Drip,2.34,0.93,935.35,Silty,Zaid,26858.75
F1673,Maize,34.04,Sprinkler,0.67,0.4,380.36,Loamy,Kharif,13040.0
F1674,Sugarcane,63.18,Flood,0.72,0.69,1529.34,Sandy,Kharif,27475.87
F1675,Cotton,267.1,Drip,5.62,1.52,3174.46,Clay,Zaid,129594.78
F1676,Potato,381.62,Sprinkler,14.4,4.83,5132.97,Sandy,Rabi,51261.44
F1677,Carrot,173.98,Manual,4.7,1.2,1872.53,Silty,Rabi,17981.85
F1678,Maize,195.77,Sprinkler,6.01,3.45,1940.07,Clay,Kharif,62523.29
F1679,Soybean,467.73,Sprinkler,21.84,6.19,3366.62,Silty,Zaid,96210.73
F1680,Maize,114.38,Drip,1.67,2.02,1050.72,Silty,Zaid,32899.31
F1681,Maize,60.84,Rain-fed,0.78,1.18,358.09,Peaty,Rabi,7851.86
F1682,Sugarcane,178.27,Rain-fed,7.86,3.41,3869.89,Sandy,Rabi,53594.6
F1683,Wheat,375.5,Rain-fed,15.39,2.44,2319.58,Sandy,Zaid,56303.59
F1684,Tomato,316.78,Sprinkler,6.51,6.07,6768.14,Peaty,Kharif,137936.21
F1685,Wheat,213.74,Drip,4.91,3.62,2400.05,Sandy,Rabi,86306.99
F1686,Cotton,482.73,Flood,10.82,8.04,2274.56,Peaty,Zaid,62575.85
F1687,Soybean,370.15,Sprinkler,13.29,2.35,4319.28,Clay,Zaid,160844.28
F1688,Potato,40.31,Sprinkler,0.5,0.31,613.8,Silty,Zaid,9271.11
F1689,Barley,374.87,Drip,11.09,7.36,2845.49,Silty,Kharif,90397.47
F1690,Cotton,21.78,Manual,0.33,0.18,118.84,Sandy,Rabi,3744.26
F1691,Barley,328.66,Sprinkler,14.06,2.48,3813.14,Loamy,Rabi,142677.74
F1692,Barley,113.14,Manual,2.85,1.18,894.7,Silty,Rabi,29628.47
F1693,Potato,351.26,Manual,10.93,6.57,4585.1,Peaty,Kharif,41987.24
F1694,Rice,161.79,Rain-fed,1.81,1.96,2149.07,Loamy,Rabi,78711.78
F1695,Wheat,437.77,Drip,5.4,8.23,3156.04,Loamy,Rabi,88585.52
F1696,Maize,175.09,Manual,6.48,1.75,2285.84,Silty,Rabi,83074.06
F1697,Carrot,313.65,Drip,12.76,2.63,4174.72,Silty,Rabi,69158.58
F1698,Barley,150.1,Rain-fed,5.76,1.87,1709.89,Silty,Kharif,64930.8
F1699,Soybean,459.44,Drip,18.14,6.54,4749.17,Peaty,Zaid,168011.07
F1700,Cotton,392.69,Sprinkler,5.57,4.27,4335.72,Loamy,Zaid,174555.08
F1701,Rice,129.22,Manual,4.88,1.32,1744.48,Sandy,Rabi,63374.81
F1702,Barley,474.91,Drip,8.2,3.93,5539.93,Peaty,Rabi,213041.7
F1703,Rice,185.01,Flood,2.58,1.69,1630.53,Clay,Rabi,48373.11
F1704,Rice,329.41,Drip,13.27,4.97,4079.14,Silty,Kharif,140264.87
F1705,Barley,374.0,Manual,17.05,3.94,3944.25,Loamy,Rabi,143862.22
F1706,Sugarcane,21.22,Rain-fed,0.82,0.13,386.95,Peaty,Kharif,2645.15
F1707,Tomato,479.89,Rain-fed,20.26,3.39,10651.08,Clay,Rabi,226463.92
F1708,Soybean,178.78,Manual,8.88,1.89,1568.42,Peaty,Rabi,51198.73
F1709,Maize,102.99,Sprinkler,1.59,1.94,666.57,Peaty,Zaid,15838.08
F1710,Maize,426.85,Sprinkler,20.75,4.56,3867.15,Sandy,Rabi,115313.2
F1711,Soybean,354.42,Rain-fed,12.07,2.09,3427.17,Sandy,Kharif,120948.35
F1712,Sugarcane,52.5,Rain-fed,2.23,0.59,1171.89,Peaty,Zaid,17283.25
F1713,Maize,67.35,Manual,2.43,1.01,679.67,Clay,Kharif,22220.55
F1714,Rice,360.44,Sprinkler,11.82,5.01,2824.95,Loamy,Zaid,72930.7
F1715,Potato,46.64,Rain-fed,1.78,0.43,831.62,Loamy,Kharif,16469.04
F1716,Cotton,459.42,Sprinkler,10.48,7.04,5258.4,Silty,Zaid,212693.94
F1717,Wheat,373.35,Rain-fed,17.54,5.4,3140.56,Silty,Kharif,95379.71
F1718,Maize,174.39,Drip,2.55,1.32,1839.62,Loamy,Kharif,61426.17
F1719,Soybean,187.84,Flood,4.27,1.4,1283.2,Peaty,Rabi,37116.21
F1720,Potato,258.18,Drip,2.9,3.41,3352.92,Peaty,Zaid,30804.45
F1721,Barley,186.88,Rain-fed,3.9,2.78,1715.14,Sandy,Zaid,62470.92
F1722,Tomato,393.9,Flood,7.38,7.65,5881.69,Sandy,Rabi,46881.9
F1723,Soybean,487.62,Flood,5.84,5.52,5159.31,Silty,Kharif,189896.16
F1724,Rice,296.42,Rain-fed,8.79,4.88,3272.65,Loamy,Kharif,109122.74
F1725,Tomato,228.56,Rain-fed,6.57,1.54,4021.33,Peaty,Zaid,56620.75
F1726,Cotton,119.16,Sprinkler,1.56,2.19,885.37,Loamy,Kharif,31519.55
F1727,Cotton,330.18,Rain-fed,6.76,4.79,3754.96,Clay,Zaid,154229.63
F1728,Sugarcane,345.93,Manual,16.65,4.99,6204.93,Loamy,Zaid,36410.61
F1729,Carrot,345.74,Rain-fed,4.99,2.47,5196.68,Clay,Kharif,112477.71
F1730,Sugarcane,23.22,Manual,0.52,0.13,579.58,Sandy,Kharif,10899.43
F1731,Potato,450.57,Rain-fed,5.15,6.99,8897.32,Sandy,Kharif,209783.01
F1732,Tomato,175.67,Sprinkler,2.8,1.19,3401.83,Silty,Rabi,58650.33
F1733,Carrot,374.64,Manual,14.23,2.59,5178.64,Loamy,Zaid,94593.91
F1734,Barley,382.31,Drip,9.43,2.99,2131.41,Loamy,Kharif,53355.08
F1735,Rice,328.77,Manual,9.23,2.13,2319.66,Clay,Rabi,55731.34
F1736,Tomato,203.48,Sprinkler,3.31,2.93,4072.64,Sandy,Kharif,75669.68
F1737,Sugarcane,308.11,Manual,11.49,3.49,5492.76,Clay,Zaid,32860.87
F1738,Wheat,29.7,Rain-fed,1.19,0.27,364.13,Sandy,Rabi,13464.61
F1739,Carrot,383.33,Rain-fed,6.61,4.45,5832.96,Clay,Zaid,128481.81
F1740,Carrot,58.8,Sprinkler,0.69,1.04,640.47,Sandy,Kharif,6941.67
F1741,Rice,204.41,Flood,2.71,3.86,1524.34,Clay,Kharif,40044.94
F1742,Maize,60.77,Rain-fed,2.2,0.75,619.7,Sandy,Kharif,20521.92
F1743,Cotton,420.17,Drip,6.48,5.67,1860.36,Clay,Rabi,48000.03
F1744,Cotton,279.65,Sprinkler,8.32,2.48,2950.67,Loamy,Rabi,115213.64
F1745,Wheat,348.57,Manual,5.61,4.43,4339.71,Silty,Rabi,163118.96
F1746,Potato,344.47,Manual,5.79,5.59,6970.44,Clay,Rabi,166889.34
F1747,Potato,422.39,Drip,4.3,5.23,7815.65,Silty,Kharif,166193.97
F1748,Barley,74.96,Rain-fed,1.71,0.71,861.93,Loamy,Kharif,33186.62
F1749,Tomato,333.27,Sprinkler,4.53,4.58,6513.1,Loamy,Kharif,114738.08
F1750,Soybean,291.82,Drip,7.52,5.6,2491.18,Sandy,Rabi,82705.66
F1751,Maize,25.14,Rain-fed,0.85,0.46,281.6,Silty,Rabi,9685.13
F1752,Sugarcane,108.7,Sprinkler,2.68,1.8,2118.67,Peaty,Kharif,20616.85
F1753,Soybean,141.11,Manual,5.39,1.29,813.71,Sandy,Kharif,20307.67
F1754,Soybean,45.55,Sprinkler,1.81,0.39,508.65,Silty,Rabi,18436.99
F1755,Carrot,183.81,Flood,6.96,3.23,3379.52,Clay,Zaid,88832.03
F1756,Wheat,23.33,Sprinkler,1.11,0.18,233.44,Clay,Kharif,7721.78
F1757,Cotton,281.06,Flood,5.48,3.96,2255.23,Loamy,Kharif,82355.32
F1758,Barley,113.64,Sprinkler,2.0,1.32,1014.89,Peaty,Kharif,35654.46
F1759,Potato,150.63,Flood,5.18,1.81,2495.48,Clay,Rabi,43891.87
F1760,Wheat,456.13,Manual,15.41,5.39,3996.85,Silty,Kharif,126293.63
F1761,Carrot,256.38,Rain-fed,7.79,4.74,4674.84,Silty,Kharif,122758.53
F1762,Sugarcane,141.82,Flood,1.44,0.89,3033.54,Clay,Kharif,41397.08
F1763,Barley,303.25,Flood,9.77,5.08,1633.36,Silty,Kharif,40162.23
F1764,Carrot,108.82,Manual,5.15,1.91,1843.4,Silty,Kharif,44203.01
F1765,Cotton,46.45,Flood,1.09,0.89,338.75,Loamy,Zaid,11921.21
F1766,Cotton,20.24,Drip,0.99,0.24,204.26,Peaty,Zaid,7779.36
F1767,Cotton,476.25,Manual,11.56,5.95,4192.52,Loamy,Kharif,158032.71
F1768,Wheat,365.06,Drip,5.69,7.09,3957.95,Peaty,Kharif,140647.14
F1769,Wheat,401.97,Manual,10.43,4.77,2274.3,Silty,Kharif,50165.46
F1770,Potato,490.65,Flood,14.61,6.16,6369.42,Peaty,Kharif,55712.94
F1771,Potato,466.5,Drip,16.41,4.66,7407.9,Silty,Rabi,117285.38
F1772,Sugarcane,371.09,Flood,11.21,2.03,8650.22,Silty,Rabi,139998.85
F1773,Barley,350.05,Manual,11.02,4.02,2284.7,Loamy,Rabi,66325.72
F1774,Rice,175.06,Flood,1.92,2.6,1582.59,Loamy,Zaid,47853.49
F1775,Rice,60.97,Drip,1.23,0.94,821.34,Sandy,Kharif,30016.24
F1776,Carrot,291.12,Drip,6.53,1.48,3622.49,Clay,Rabi,54134.46
F1777,Cotton,292.36,Flood,14.47,4.97,3238.92,Sandy,Kharif,128399.71
F1778,Barley,476.6,Sprinkler,10.4,5.9,5352.71,Sandy,Kharif,205024.26
F1779,Soybean,226.86,Manual,10.4,2.91,2747.11,Peaty,Zaid,103570.72
F1780,Wheat,348.5,Manual,7.73,6.77,4324.96,Silty,Zaid,162418.77
F1781,Tomato,291.74,Flood,4.04,2.7,5450.06,Silty,Rabi,88374.91
F1782,Maize,96.61,Sprinkler,1.92,1.59,1057.47,Silty,Rabi,36014.59
F1783,Sugarcane,300.11,Drip,6.28,4.09,6784.79,Clay,Zaid,104305.67
F1784,Cotton,274.66,Rain-fed,13.49,4.26,1853.41,Peaty,Zaid,61407.69
F1785,Cotton,252.01,Rain-fed,9.32,2.84,1625.56,Peaty,Kharif,53405.54
F1786,Cotton,261.58,Flood,12.36,2.4,1860.63,Silty,Kharif,61896.5
F1787,Wheat,90.35,Sprinkler,3.92,1.19,637.47,Sandy,Rabi,16930.83
F1788,Wheat,237.1,Sprinkler,7.86,2.52,2686.95,Clay,Rabi,95541.9
F1789,Maize,306.77,Manual,11.36,2.56,4042.52,Sandy,Zaid,149037.86
F1790,Soybean,249.83,Drip,8.74,4.39,2995.3,Loamy,Rabi,111701.21
F1791,Barley,249.46,Sprinkler,9.14,3.03,1634.02,Peaty,Kharif,46692.26
F1792,Cotton,47.98,Rain-fed,0.99,0.85,213.86,Peaty,Zaid,5794.81
F1793,Rice,103.48,Drip,2.72,1.25,1214.95,Sandy,Kharif,41685.36
F1794,Potato,167.28,Drip,5.64,2.23,2656.57,Clay,Zaid,42837.12
F1795,Rice,215.48,Flood,2.46,4.29,2611.32,Peaty,Zaid,92623.02
F1796,Carrot,301.03,Sprinkler,8.82,5.8,5087.57,Sandy,Kharif,123932.07
F1797,Rice,433.04,Flood,19.22,3.93,4690.32,Clay,Rabi,151634.75
F1798,Carrot,87.99,Sprinkler,2.61,1.59,1119.79,Sandy,Rabi,17786.07
F1799,Tomato,17.39,Manual,0.56,0.19,269.88,Clay,Rabi,2463.12
F1800,Potato,230.13,Flood,4.16,1.4,3380.0,Silty,Rabi,46269.02
F1801,Rice,221.73,Flood,9.26,3.02,2186.56,Clay,Kharif,67384.73
F1802,Tomato,280.43,Rain-fed,6.83,5.51,6293.33,Loamy,Zaid,137912.11
F1803,Sugarcane,418.28,Flood,20.19,8.2,7682.42,Silty,Kharif,52483.47
F1804,Barley,403.16,Sprinkler,20.06,2.78,2611.6,Sandy,Rabi,72579.81
F1805,Tomato,59.02,Rain-fed,2.75,0.98,1169.9,Silty,Rabi,20711.24
F1806,Barley,467.66,Flood,6.26,7.97,3283.4,Silty,Kharif,103701.12
F1807,Rice,64.1,Flood,1.5,0.68,798.28,Sandy,Zaid,28423.4
F1808,Soybean,320.94,Manual,15.34,4.78,1945.9,Sandy,Kharif,49991.72
F1809,Tomato,339.48,Flood,14.32,4.18,7657.2,Loamy,Kharif,164736.64
F1810,Potato,343.14,Drip,15.94,2.89,6916.1,Sandy,Kharif,159542.91
F1811,Rice,140.02,Rain-fed,4.61,2.3,1784.47,Peaty,Zaid,63711.67
F1812,Cotton,171.87,Drip,5.02,1.54,973.03,Peaty,Kharif,29085.0
F1813,Wheat,278.85,Rain-fed,3.98,2.82,2149.87,Loamy,Kharif,64637.38
F1814,Tomato,107.8,Manual,4.7,0.85,2287.24,Clay,Rabi,45451.76
F1815,Potato,19.95,Flood,0.79,0.32,383.55,Clay,Kharif,8442.21
F1816,Sugarcane,285.45,Flood,3.53,3.39,6629.48,Peaty,Rabi,109062.23
F1817,Cotton,237.99,Flood,4.37,2.77,1822.14,Sandy,Rabi,66450.67
F1818,Sugarcane,331.8,Rain-fed,10.71,4.67,6705.26,Loamy,Rabi,74533.74
F1819,Rice,81.88,Flood,3.06,0.6,1101.38,Clay,Zaid,39728.39
F1820,Wheat,422.05,Drip,6.54,7.8,2634.77,Clay,Rabi,65715.75
F1821,Tomato,81.65,Flood,1.62,0.98,1224.93,Silty,Kharif,9593.83
F1822,Tomato,446.76,Manual,7.92,4.69,6546.5,Peaty,Kharif,46307.49
F1823,Soybean,230.27,Drip,4.33,1.59,2544.41,Sandy,Rabi,94411.28
F1824,Soybean,279.4,Flood,13.08,2.1,1555.09,Loamy,Rabi,34277.93
F1825,Rice,449.32,Flood,17.36,8.45,4516.52,Clay,Kharif,141742.87
F1826,Rice,156.96,Sprinkler,6.2,1.86,1381.02,Silty,Rabi,38755.45
F1827,Wheat,99.1,Rain-fed,4.14,1.57,633.4,Peaty,Zaid,15732.67
F1828,Soybean,228.42,Drip,5.54,1.42,2485.25,Peaty,Rabi,90508.05
F1829,Potato,129.74,Sprinkler,5.28,1.9,1724.45,Loamy,Zaid,15828.63
F1830,Potato,268.64,Manual,13.2,5.06,4113.95,Clay,Zaid,61078.13
F1831,Wheat,144.88,Rain-fed,5.5,1.38,1411.46,Loamy,Zaid,47066.92
F1832,Potato,433.6,Drip,11.56,5.93,6942.64,Loamy,Rabi,113154.95
F1833,Carrot,307.59,Flood,11.89,5.88,3947.94,Silty,Zaid,62643.36
F1834,Barley,10.12,Drip,0.47,0.16,124.24,Peaty,Zaid,4759.48
F1835,Wheat,404.68,Flood,6.13,2.4,5063.04,Sandy,Rabi,191167.04
F1836,Wheat,171.8,Rain-fed,3.54,1.84,1441.71,Peaty,Zaid,45775.09
F1837,Maize,166.9,Flood,7.81,1.05,1472.95,Peaty,Rabi,42976.87
F1838,Cotton,197.7,Manual,9.46,3.54,1340.04,Silty,Kharif,44078.18
F1839,Cotton,318.83,Flood,9.36,4.57,3496.91,Sandy,Zaid,141018.7
F1840,Carrot,226.61,Manual,5.66,4.38,3432.04,Clay,Rabi,74139.03
F1841,Soybean,318.03,Rain-fed,6.78,1.68,1736.7,Sandy,Kharif,43191.49
F1842,Rice,81.92,Rain-fed,2.45,0.93,1019.29,Clay,Zaid,36154.74
F1843,Rice,485.38,Drip,23.0,3.19,4916.15,Sandy,Zaid,152387.42
F1844,Sugarcane,367.51,Manual,5.88,3.77,7696.3,Loamy,Rabi,97843.88
F1845,Carrot,132.6,Manual,3.55,0.99,1764.26,Sandy,Kharif,31180.71
F1846,Wheat,364.84,Sprinkler,16.95,3.62,2268.35,Silty,Rabi,50994.37
F1847,Carrot,291.76,Sprinkler,6.99,5.04,5340.27,Clay,Zaid,140828.16
F1848,Carrot,63.5,Sprinkler,2.59,0.47,1064.53,Peaty,Zaid,25178.62
F1849,Carrot,97.32,Flood,2.49,1.18,1141.76,Silty,Zaid,14861.26
F1850,Cotton,30.24,Sprinkler,1.28,0.57,253.46,Clay,Zaid,9208.61
F1851,Carrot,406.53,Manual,20.02,8.12,6190.82,Clay,Kharif,130995.12
F1852,Barley,280.34,Flood,7.15,2.46,1690.68,Peaty,Kharif,46859.59
F1853,Rice,165.21,Rain-fed,7.24,3.14,1521.74,Loamy,Rabi,44752.65
F1854,Sugarcane,71.91,Drip,3.56,0.64,1663.65,Silty,Rabi,25764.88
F1855,Barley,247.18,Sprinkler,12.2,2.77,1778.06,Peaty,Rabi,52799.22
F1856,Sugarcane,267.38,Rain-fed,7.31,4.86,5413.65,Peaty,Zaid,62203.79
F1857,Maize,353.95,Manual,10.42,5.94,2294.08,Loamy,Rabi,52672.5
F1858,Sugarcane,485.27,Drip,10.74,8.67,10200.08,Silty,Kharif,128740.11
F1859,Rice,223.12,Rain-fed,5.03,3.79,2289.32,Peaty,Rabi,74421.2
F1860,Rice,208.96,Drip,6.21,1.78,1413.43,Loamy,Rabi,30635.2
F1861,Carrot,191.27,Sprinkler,3.45,2.56,2982.27,Silty,Kharif,66161.44
F1862,Tomato,415.19,Manual,15.96,4.48,7418.48,Sandy,Kharif,107583.61
F1863,Maize,86.6,Drip,2.72,1.03,950.07,Clay,Zaid,32150.54
F1864,Wheat,178.47,Rain-fed,8.2,1.3,1401.72,Loamy,Kharif,40322.2
F1865,Potato,365.24,Sprinkler,15.49,3.56,6350.78,Clay,Kharif,119578.06
F1866,Sugarcane,17.69,Sprinkler,0.41,0.32,398.6,Sandy,Rabi,6105.37
F1867,Tomato,151.8,Rain-fed,4.59,2.8,3060.3,Peaty,Kharif,57106.31
F1868,Carrot,324.31,Rain-fed,12.98,4.59,5436.46,Peaty,Zaid,130623.79
F1869,Cotton,101.12,Drip,1.79,1.26,535.43,Silty,Rabi,15626.62
F1870,Wheat,158.33,Flood,1.78,2.48,2025.81,Loamy,Zaid,76962.87
F1871,Soybean,248.16,Sprinkler,10.94,3.51,2940.6,Loamy,Kharif,108560.53
F1872,Tomato,216.79,Drip,3.36,4.28,4147.94,Silty,Zaid,70441.54
F1873,Cotton,61.95,Rain-fed,2.82,0.49,704.65,Clay,Zaid,28259.61
F1874,Maize,469.74,Drip,21.86,5.51,4117.99,Peaty,Kharif,118830.44
F1875,Carrot,31.7,Rain-fed,0.9,0.6,345.42,Peaty,Kharif,3605.14
F1876,Wheat,377.37,Manual,15.95,7.06,4195.74,Loamy,Rabi,147482.48
F1877,Wheat,45.0,Rain-fed,1.1,0.56,571.72,Loamy,Rabi,21478.84
F1878,Wheat,238.97,Rain-fed,10.59,1.68,1579.25,Silty,Rabi,39369.18
F1879,Maize,95.95,Rain-fed,4.12,1.65,1020.27,Sandy,Kharif,34307.43
F1880,Sugarcane,79.14,Flood,1.04,1.09,1902.57,Clay,Zaid,33662.91
F1881,Soybean,71.69,Rain-fed,2.39,1.19,862.23,Sandy,Zaid,33122.71
F1882,Maize,231.87,Sprinkler,8.25,2.77,1799.56,Sandy,Rabi,48833.44
F1883,Potato,262.59,Sprinkler,2.63,2.12,3593.77,Loamy,Rabi,39780.32
F1884,Soybean,75.36,Drip,3.71,0.4,540.34,Loamy,Kharif,15006.88
F1885,Rice,489.9,Flood,12.87,6.56,5056.65,Loamy,Zaid,162201.63
F1886,Carrot,136.31,Drip,4.18,1.01,2466.19,Sandy,Rabi,63721.54
F1887,Maize,234.83,Sprinkler,4.18,1.83,2373.97,Clay,Kharif,78202.51
F1888,Cotton,115.97,Sprinkler,3.99,1.34,1356.62,Loamy,Rabi,54257.37
F1889,Soybean,252.02,Manual,10.69,2.93,2806.22,Peaty,Kharif,102828.75
F1890,Potato,380.45,Rain-fed,12.72,3.47,6633.97,Clay,Zaid,129107.27
F1891,Rice,265.34,Sprinkler,11.02,1.85,1601.49,Peaty,Kharif,28847.61
F1892,Sugarcane,149.97,Drip,5.89,2.88,3071.5,Clay,Rabi,34977.07
F1893,Cotton,131.71,Drip,2.57,0.92,621.01,Loamy,Rabi,16198.73
F1894,Soybean,381.88,Rain-fed,10.48,3.92,2832.24,Silty,Zaid,87410.67
F1895,Carrot,67.94,Rain-fed,1.08,0.65,751.89,Loamy,Zaid,8487.56
F1896,Cotton,191.28,Manual,2.23,3.44,1014.18,Sandy,Rabi,31968.53
F1897,Rice,84.23,Flood,1.05,0.94,742.22,Sandy,Rabi,22258.91
F1898,Cotton,136.41,Drip,6.51,0.94,1164.94,Clay,Rabi,41734.61
F1899,Barley,84.81,Rain-fed,4.19,0.44,550.17,Sandy,Zaid,15848.21
F1900,Tomato,444.52,Drip,6.13,7.04,9131.98,Loamy,Rabi,174709.54
F1901,Sugarcane,368.63,Rain-fed,8.63,5.79,8217.95,Peaty,Zaid,123914.47
F1902,Rice,284.85,Sprinkler,4.15,3.21,3195.18,Loamy,Rabi,107305.83
F1903,Cotton,119.97,Drip,5.2,0.83,1228.28,Clay,Kharif,47160.31
F1904,Tomato,260.01,Sprinkler,7.76,2.75,5333.47,Sandy,Kharif,101604.07
F1905,Tomato,265.21,Drip,9.24,3.67,5916.04,Peaty,Rabi,125839.62
F1906,Cotton,299.3,Flood,9.46,4.66,1835.85,Silty,Kharif,58329.59
F1907,Carrot,39.44,Manual,1.51,0.24,508.8,Peaty,Zaid,8206.33
F1908,Barley,486.72,Sprinkler,11.08,6.5,2650.54,Peaty,Kharif,67012.09
F1909,Maize,238.07,Rain-fed,3.69,2.18,2410.95,Loamy,Kharif,80236.16
F1910,Barley,464.0,Flood,4.97,6.62,3579.46,Silty,Zaid,119746.58
F1911,Cotton,14.81,Drip,0.41,0.22,121.38,Clay,Kharif,4419.28
F1912,Sugarcane,131.3,Sprinkler,6.08,2.45,2521.44,Clay,Kharif,22049.63
F1913,Maize,60.96,Drip,1.35,0.68,653.27,Peaty,Rabi,21921.9
F1914,Rice,387.11,Drip,6.91,5.06,4105.58,Peaty,Zaid,134563.1
F1915,Barley,166.86,Drip,7.85,1.51,1160.94,Sandy,Zaid,34359.03
F1916,Cotton,421.84,Manual,6.0,3.92,3294.24,Silty,Rabi,120716.93
F1917,Barley,417.87,Manual,5.04,2.38,4894.88,Peaty,Rabi,191267.08
F1918,Maize,337.22,Rain-fed,15.23,3.13,3949.36,Sandy,Kharif,138057.51
F1919,Potato,336.23,Sprinkler,12.79,2.0,4933.2,Silty,Kharif,64145.72
F1920,Soybean,353.08,Flood,9.49,6.87,4193.7,Clay,Kharif,159429.64
F1921,Barley,340.14,Flood,13.64,4.89,1794.66,Sandy,Rabi,43172.88
F1922,Rice,199.59,Flood,7.92,1.52,1819.4,Silty,Zaid,53004.1
F1923,Rice,344.59,Drip,4.0,2.33,2144.53,Sandy,Kharif,45501.59
F1924,Wheat,449.73,Manual,16.66,4.75,5683.89,Peaty,Rabi,211231.47
F1925,Barley,172.96,Sprinkler,6.16,1.66,891.07,Loamy,Zaid,20112.08
F1926,Soybean,473.0,Drip,22.96,4.35,2994.42,Clay,Rabi,75913.96
F1927,Carrot,16.65,Manual,0.81,0.2,302.18,Peaty,Kharif,7761.49
F1928,Tomato,181.05,Manual,4.55,3.38,3491.03,Peaty,Rabi,60265.0
F1929,Soybean,74.73,Sprinkler,2.51,1.01,849.64,Silty,Rabi,31242.01
F1930,Tomato,72.04,Sprinkler,1.13,0.92,1060.34,Sandy,Rabi,7677.17
F1931,Tomato,409.56,Sprinkler,5.18,7.0,7348.63,Clay,Rabi,109613.95
F1932,Potato,460.0,Drip,12.56,2.33,9489.37,Peaty,Zaid,227141.91
F1933,Wheat,391.1,Rain-fed,14.7,3.11,3866.21,Silty,Kharif,129817.41
F1934,Soybean,488.54,Sprinkler,15.98,6.08,5731.48,Clay,Zaid,214896.36
F1935,Soybean,116.0,Rain-fed,3.15,1.81,1447.61,Sandy,Rabi,56309.74
F1936,Potato,78.99,Drip,3.37,0.97,1450.71,Peaty,Rabi,29544.27
F1937,Barley,265.14,Rain-fed,11.08,1.98,1957.54,Peaty,Kharif,61262.3
F1938,Barley,416.23,Flood,16.35,7.89,3011.92,Peaty,Kharif,93003.24
F1939,Barley,29.52,Rain-fed,0.39,0.29,149.23,Clay,Zaid,3793.79
F1940,Sugarcane,497.83,Sprinkler,20.84,8.38,10562.19,Clay,Zaid,134965.35
F1941,Tomato,305.1,Drip,14.27,5.61,6770.86,Clay,Kharif,142224.36
F1942,Sugarcane,489.68,Sprinkler,6.06,4.99,10480.62,Clay,Zaid,142607.48
F1943,Wheat,188.89,Flood,4.92,3.34,2358.0,Silty,Rabi,87720.13
F1944,Potato,234.43,Sprinkler,11.61,3.67,4568.24,Loamy,Rabi,100068.75
F1945,Soybean,378.66,Sprinkler,12.86,7.03,4869.36,Silty,Kharif,186933.49
F1946,Tomato,398.42,Sprinkler,12.17,3.49,8896.63,Peaty,Zaid,190875.84
F1947,Sugarcane,124.19,Manual,2.12,2.36,2885.06,Silty,Rabi,47512.81
F1948,Sugarcane,465.6,Flood,15.19,2.78,11483.04,Sandy,Kharif,208816.64
F1949,Cotton,435.04,Sprinkler,11.99,7.35,4421.89,Clay,Zaid,173680.42
F1950,Sugarcane,18.92,Sprinkler,0.29,0.22,439.21,Sandy,Rabi,7215.52
F1951,Carrot,73.0,Sprinkler,2.09,0.56,1197.18,Sandy,Zaid,28193.71
F1952,Soybean,253.09,Drip,4.2,1.57,2690.92,Peaty,Zaid,98303.64
F1953,Carrot,235.87,Manual,9.25,2.56,3242.39,Clay,Zaid,59383.97
F1954,Soybean,357.11,Drip,17.48,3.87,3020.29,Sandy,Kharif,96214.76
F1955,Potato,53.96,Manual,1.55,0.46,811.4,Peaty,Rabi,11742.92
F1956,Soybean,325.98,Sprinkler,11.51,2.68,2012.51,Clay,Kharif,51929.85
F1957,Carrot,312.02,Flood,8.5,3.43,4497.0,Loamy,Rabi,88419.76
F1958,Soybean,124.47,Rain-fed,1.93,1.39,1487.51,Peaty,Rabi,57255.33
F1959,Potato,275.77,Rain-fed,13.46,3.21,4973.78,Silty,Kharif,99417.8
F1960,Potato,118.88,Sprinkler,1.8,2.14,1551.03,Clay,Kharif,14559.68
F1961,Wheat,81.99,Drip,1.19,1.16,949.7,Sandy,Rabi,34804.08
F1962,Soybean,290.84,Flood,8.25,1.54,3593.06,Sandy,Rabi,137903.03
F1963,Cotton,488.96,Manual,17.78,6.25,5323.76,Silty,Rabi,211118.79
F1964,Barley,126.1,Sprinkler,3.05,2.07,1325.86,Silty,Zaid,49306.15
F1965,Rice,184.11,Flood,3.26,1.08,1249.22,Sandy,Rabi,29467.22
F1966,Potato,135.72,Flood,5.8,1.54,2115.9,Clay,Kharif,32518.72
F1967,Maize,140.57,Manual,3.45,1.65,1399.07,Peaty,Kharif,45840.42
F1968,Barley,208.05,Flood,3.7,4.02,1087.94,Silty,Kharif,27201.9
F1969,Tomato,353.91,Drip,8.71,4.29,5524.73,Silty,Rabi,50434.92
F1970,Soybean,29.01,Drip,0.54,0.47,359.02,Silty,Rabi,13744.08
F1971,Carrot,478.99,Drip,14.74,4.57,7869.4,Loamy,Zaid,182532.15
F1972,Rice,32.68,Flood,1.2,0.55,258.62,Clay,Zaid,6863.34
F1973,Maize,441.81,Drip,18.55,4.35,3656.11,Clay,Kharif,102034.36
F1974,Barley,448.25,Manual,8.56,5.13,3417.38,Clay,Zaid,113751.97
F1975,Soybean,267.0,Flood,4.45,3.26,1433.1,Clay,Zaid,34717.58
F1976,Wheat,77.13,Rain-fed,0.83,1.46,838.62,Clay,Kharif,30517.47
F1977,Tomato,286.92,Flood,5.49,1.66,4593.69,Sandy,Rabi,48987.15
F1978,Rice,318.03,Manual,3.48,2.53,3808.33,Silty,Zaid,134223.83
F1979,Cotton,430.3,Rain-fed,10.25,6.71,4651.9,Sandy,Rabi,188622.39
F1980,Wheat,279.94,Flood,4.43,3.82,2867.44,Loamy,Kharif,99482.86
F1981,Maize,211.25,Drip,7.01,1.85,2485.98,Peaty,Kharif,86176.77
F1982,Rice,420.76,Sprinkler,10.67,3.93,2987.19,Silty,Zaid,70997.0
F1983,Wheat,490.67,Sprinkler,6.74,5.16,4796.72,Loamy,Kharif,162104.2
F1984,Tomato,326.1,Drip,8.48,3.83,6553.67,Sandy,Kharif,120891.91
F1985,Cotton,438.45,Sprinkler,8.06,7.57,4137.94,Peaty,Kharif,159869.37
F1986,Wheat,303.38,Sprinkler,11.29,1.58,1908.37,Loamy,Zaid,44571.39
F1987,Sugarcane,348.0,Drip,8.55,6.43,7115.22,Peaty,Zaid,82737.12
F1988,Cotton,347.2,Drip,5.51,3.89,2355.34,Loamy,Zaid,79861.65
F1989,Maize,355.35,Flood,8.52,3.01,3552.29,Sandy,Kharif,116912.53
F1990,Tomato,167.3,Flood,3.17,2.11,3472.38,Peaty,Rabi,67938.28
F1991,Soybean,292.07,Drip,12.22,4.35,2822.8,Loamy,Kharif,95869.27
F1992,Carrot,301.13,Manual,14.86,1.71,5060.82,Sandy,Zaid,121032.04
F1993,Carrot,164.39,Sprinkler,1.81,2.59,1876.08,Silty,Rabi,22946.03
F1994,Carrot,181.43,Flood,6.82,2.98,3217.92,Sandy,Rabi,81870.23
F1995,Rice,383.5,Sprinkler,7.88,2.87,3798.55,Sandy,Zaid,120667.35
F1996,Maize,295.53,Rain-fed,3.74,2.22,1672.34,Silty,Rabi,33986.33
F1997,Tomato,83.11,Drip,0.88,0.67,1639.51,Sandy,Rabi,29695.21
F1998,Cotton,420.44,Manual,19.02,7.13,3540.06,Silty,Zaid,129050.03
F1999,Rice,442.73,Rain-fed,10.69,4.02,3280.1,Silty,Rabi,83297.94
F2000,Maize,238.41,Rain-fed,11.87,4.04,2799.6,Silty,Rabi,96739.33
F2001,Soybean,112.36,Rain-fed,3.11,1.47,1384.42,Loamy,Zaid,53196.49
F2002,Sugarcane,474.33,Drip,8.3,7.83,9606.06,Peaty,Rabi,108655.73
F2003,Tomato,442.31,Flood,18.17,5.89,8315.51,Loamy,Rabi,131617.16
F2004,Carrot,129.75,Drip,6.11,1.3,1553.3,Silty,Rabi,19626.84
F2005,Wheat,56.84,Flood,2.42,1.06,724.35,Peaty,Rabi,26824.37
F2006,Tomato,225.92,Rain-fed,8.99,3.55,3897.5,Peaty,Zaid,51401.02
F2007,Potato,341.43,Rain-fed,7.99,4.19,4841.06,Silty,Kharif,60745.94
F2008,Maize,95.94,Manual,1.21,1.4,878.28,Peaty,Kharif,27954.3
F2009,Barley,261.47,Flood,4.72,3.72,1298.99,Peaty,Rabi,30674.32
F2010,Soybean,218.45,Rain-fed,6.09,2.27,1503.96,Loamy,Zaid,43938.6
F2011,Sugarcane,446.37,Sprinkler,21.54,5.07,8223.55,Peaty,Zaid,56717.16
F2012,Soybean,220.49,Manual,8.58,2.16,1323.14,Silty,Rabi,33282.27
F2013,Tomato,271.55,Drip,11.71,5.43,4272.12,Clay,Kharif,39337.62
F2014,Barley,478.09,Manual,10.08,6.55,5530.07,Clay,Rabi,214647.21
F2015,Potato,156.85,Sprinkler,5.86,1.0,3173.55,Clay,Zaid,74059.99
F2016,Cotton,151.61,Flood,6.75,1.94,1231.61,Silty,Zaid,43936.63
F2017,Wheat,401.8,Drip,11.72,2.31,4142.37,Clay,Kharif,141501.19
F2018,Barley,145.99,Drip,3.97,1.36,1510.57,Loamy,Zaid,55238.44
F2019,Maize,417.61,Flood,16.19,4.88,3639.78,Silty,Zaid,107128.64
F2020,Carrot,56.81,Manual,1.84,0.74,775.59,Silty,Zaid,14094.27
F2021,Potato,64.52,Rain-fed,3.21,1.27,1175.09,Silty,Kharif,23886.35
F2022,Wheat,451.65,Manual,12.2,8.91,3667.63,Peaty,Zaid,113221.86
F2023,Sugarcane,275.0,Sprinkler,4.69,1.78,6139.32,Peaty,Rabi,91410.39
F2024,Carrot,362.22,Rain-fed,10.46,4.73,5347.56,Peaty,Kharif,110866.95
F2025,Tomato,120.39,Manual,2.34,2.08,2253.63,Sandy,Rabi,37295.41
F2026,Barley,91.47,Flood,2.97,0.78,1045.44,Loamy,Rabi,39493.5
F2027,Wheat,419.13,Sprinkler,6.3,6.81,4515.65,Silty,Kharif,159948.66
F2028,Rice,185.73,Sprinkler,8.91,3.38,2524.92,Silty,Rabi,89941.84
F2029,Cotton,232.97,Sprinkler,10.34,3.48,2489.97,Peaty,Kharif,97004.86
F2030,Cotton,23.71,Rain-fed,0.38,0.24,124.37,Silty,Rabi,3753.1
F2031,Potato,199.08,Drip,3.36,3.75,3698.24,Silty,Kharif,78715.52
F2032,Sugarcane,387.51,Rain-fed,11.82,7.07,8883.54,Clay,Zaid,141930.69
F2033,Potato,412.42,Manual,16.87,6.49,7390.02,Silty,Zaid,147820.32
F2034,Rice,352.39,Drip,6.61,3.68,3342.31,Sandy,Rabi,103002.79
F2035,Maize,349.17,Manual,4.34,5.89,2024.68,Peaty,Zaid,43640.97
F2036,Sugarcane,258.06,Drip,8.21,2.51,6566.84,Loamy,Kharif,124020.74
F2037,Soybean,273.78,Rain-fed,10.31,2.41,3227.97,Loamy,Rabi,120674.58
F2038,Maize,373.89,Sprinkler,7.39,4.76,3486.33,Clay,Zaid,110193.93
F2039,Sugarcane,131.18,Flood,5.19,2.62,2499.66,Loamy,Zaid,21438.71
F2040,Sugarcane,123.44,Sprinkler,5.93,2.11,3027.92,Loamy,Rabi,53054.61
F2041,Rice,475.46,Rain-fed,7.36,7.58,4256.06,Peaty,Zaid,129453.71
F2042,Tomato,23.57,Drip,0.72,0.28,421.38,Peaty,Zaid,6034.49
F2043,Rice,78.34,Sprinkler,0.96,0.76,853.27,Sandy,Rabi,28683.71
F2044,Sugarcane,289.46,Rain-fed,5.29,5.16,6823.22,Clay,Zaid,116789.64
F2045,Wheat,371.54,Manual,5.05,5.02,2066.1,Loamy,Zaid,46493.02
F2046,Maize,273.57,Flood,7.16,4.71,3153.71,Sandy,Zaid,111347.79
F2047,Rice,183.98,Sprinkler,7.88,2.27,2150.23,Clay,Zaid,72410.68
F2048,Tomato,489.21,Drip,16.19,7.98,9563.74,Loamy,Rabi,164219.32
F2049,Barley,354.89,Manual,6.71,6.39,2595.84,Loamy,Kharif,83529.08
F2050,Potato,417.38,Rain-fed,4.84,4.54,5771.82,Peaty,Kharif,69252.3
F2051,Sugarcane,29.72,Flood,0.96,0.15,552.0,Silty,Zaid,4192.48
F2052,Soybean,125.6,Drip,1.92,1.11,607.34,Clay,Zaid,12619.55
F2053,Barley,193.34,Rain-fed,4.58,3.62,1213.27,Loamy,Kharif,35301.5
F2054,Cotton,99.47,Rain-fed,3.02,1.52,735.92,Clay,Zaid,26314.51
F2055,Carrot,45.72,Sprinkler,2.11,0.73,583.4,Sandy,Kharif,9027.89
F2056,Tomato,120.29,Sprinkler,1.6,1.19,2050.83,Sandy,Rabi,26896.94
F2057,Soybean,271.48,Drip,9.98,4.21,2218.28,Silty,Rabi,69548.38
F2058,Carrot,350.92,Rain-fed,3.71,5.16,4564.19,Loamy,Rabi,78361.09
F2059,Tomato,389.27,Sprinkler,13.7,2.99,8025.01,Peaty,Rabi,151756.39
F2060,Wheat,31.04,Flood,1.0,0.61,285.3,Loamy,Rabi,9208.9
F2061,Potato,219.71,Flood,9.33,2.27,2848.25,Clay,Rabi,23669.89
F2062,Barley,69.88,Rain-fed,2.19,0.69,448.91,Sandy,Kharif,13324.53
F2063,Maize,221.29,Sprinkler,5.33,2.33,2467.03,Clay,Zaid,84944.41
F2064,Tomato,222.65,Drip,4.39,1.42,3815.3,Silty,Kharif,49065.47
F2065,Maize,254.12,Drip,3.41,3.65,3238.88,Sandy,Rabi,118944.32
F2066,Potato,447.49,Drip,14.04,3.84,8268.06,Peaty,Zaid,172311.86
F2067,Sugarcane,404.5,Flood,18.42,6.9,8115.23,Sandy,Zaid,87359.49
F2068,Cotton,321.99,Sprinkler,9.85,3.51,2718.67,Loamy,Rabi,98711.51
F2069,Barley,443.85,Sprinkler,17.56,5.27,4535.61,Loamy,Rabi,162846.47
F2070,Potato,342.45,Flood,7.51,5.03,4841.67,Sandy,Rabi,60732.19
F2071,Potato,411.24,Drip,11.48,6.76,6063.15,Silty,Rabi,81620.64
F2072,Wheat,286.25,Drip,6.58,2.42,2672.29,Loamy,Rabi,86691.08
F2073,Carrot,267.36,Rain-fed,3.84,5.21,4800.56,Loamy,Rabi,125646.5
F2074,Cotton,364.81,Manual,9.73,5.23,2507.15,Peaty,Zaid,86679.81
F2075,Barley,19.65,Sprinkler,0.8,0.1,157.7,Sandy,Rabi,5125.16
F2076,Sugarcane,348.29,Sprinkler,8.99,3.91,6721.08,Loamy,Rabi,61384.57
F2077,Sugarcane,467.91,Sprinkler,16.85,5.41,10551.02,Silty,Zaid,157819.64
F2078,Rice,359.83,Manual,14.52,6.17,4189.36,Clay,Kharif,142515.02
F2079,Potato,28.03,Rain-fed,0.64,0.27,450.7,Sandy,Rabi,7743.18
F2080,Tomato,195.16,Manual,8.18,1.95,4051.08,Peaty,Zaid,78085.05
F2081,Wheat,406.69,Drip,9.58,2.46,3123.87,Loamy,Zaid,89896.6
F2082,Cotton,479.72,Drip,9.71,4.44,4739.65,Silty,Kharif,183633.13
F2083,Sugarcane,191.38,Sprinkler,3.62,3.02,3764.57,Sandy,Rabi,38914.8
F2084,Barley,422.19,Flood,7.6,6.13,4595.74,Silty,Rabi,174049.95
F2085,Rice,433.27,Sprinkler,17.11,2.7,5425.52,Silty,Rabi,187282.46
F2086,Barley,70.41,Flood,3.2,0.47,789.7,Peaty,Zaid,29508.23
F2087,Wheat,424.44,Manual,8.16,4.52,2871.58,Sandy,Rabi,79025.4
F2088,Tomato,168.88,Drip,2.26,2.73,3416.97,Loamy,Rabi,63786.86
F2089,Rice,300.69,Flood,6.78,5.26,2993.71,Peaty,Rabi,94841.37
F2090,Rice,274.09,Manual,9.95,1.43,3750.43,Loamy,Rabi,135514.86
F2091,Carrot,334.9,Drip,8.29,3.33,4558.19,Clay,Kharif,81925.95
F2092,Cotton,372.83,Flood,11.92,4.24,3885.48,Silty,Kharif,152300.31
F2093,Rice,226.03,Sprinkler,8.99,4.22,1978.41,Clay,Kharif,56062.93
F2094,Carrot,445.27,Sprinkler,11.73,5.58,6201.76,Silty,Rabi,115211.09
F2095,Carrot,406.65,Sprinkler,20.33,3.68,4806.94,Peaty,Rabi,58719.6
F2096,Wheat,394.86,Manual,8.65,4.28,2783.77,Loamy,Zaid,77338.33
F2097,Maize,234.54,Sprinkler,11.52,2.71,1652.17,Loamy,Zaid,38885.42
F2098,Barley,28.41,Rain-fed,0.51,0.43,164.88,Peaty,Zaid,4650.27
F2099,Tomato,251.21,Drip,3.63,1.41,3690.41,Sandy,Rabi,26026.56
F2100,Soybean,450.24,Manual,18.02,4.88,5082.28,Clay,Kharif,187980.04
F2101,Barley,103.32,Sprinkler,3.94,1.52,881.75,Clay,Kharif,29670.83
F2102,Rice,491.47,Drip,20.86,4.55,6072.2,Loamy,Kharif,207236.83
F2103,Tomato,405.77,Flood,9.63,5.63,7956.6,Loamy,Rabi,139998.28
F2104,Sugarcane,357.82,Sprinkler,16.9,3.71,8797.81,Loamy,Kharif,154768.23
F2105,Maize,341.81,Drip,5.05,5.6,3229.82,Peaty,Zaid,103057.28
F2106,Sugarcane,297.64,Rain-fed,3.34,1.76,5415.4,Sandy,Zaid,40960.52
F2107,Sugarcane,363.13,Flood,8.0,6.82,8186.36,Clay,Kharif,125898.62
F2108,Cotton,216.73,Rain-fed,9.08,1.64,2098.97,Silty,Zaid,80431.17
F2109,Barley,424.19,Drip,15.66,3.13,4180.51,Peaty,Kharif,148722.13
F2110,Soybean,351.21,Rain-fed,9.64,6.18,3936.16,Clay,Kharif,147695.73
F2111,Wheat,387.91,Drip,7.86,7.0,4247.61,Sandy,Zaid,152294.93
F2112,Soybean,398.32,Drip,4.93,2.55,3302.4,Peaty,Zaid,108762.15
F2113,Sugarcane,55.11,Rain-fed,1.3,1.03,1327.98,Clay,Zaid,23569.17
F2114,Rice,37.26,Drip,1.06,0.34,420.49,Peaty,Zaid,14037.89
F2115,Maize,402.48,Sprinkler,15.09,5.75,2636.24,Clay,Kharif,59626.54
F2116,Potato,137.1,Drip,4.91,0.83,2346.79,Clay,Zaid,43316.05
F2117,Soybean,295.17,Manual,14.14,3.16,3178.77,Sandy,Zaid,115534.25
F2118,Sugarcane,227.42,Drip,3.19,2.67,5026.66,Silty,Rabi,73072.98
F2119,Maize,20.8,Manual,0.49,0.29,268.89,Sandy,Zaid,9975.54
F2120,Tomato,29.74,Drip,0.87,0.38,462.05,Clay,Zaid,4181.03
F2121,Barley,415.29,Drip,15.29,4.95,4405.17,Peaty,Kharif,161518.72
F2122,Carrot,307.76,Rain-fed,9.18,5.97,5283.03,Sandy,Kharif,132270.05
F2123,Cotton,266.68,Sprinkler,12.4,2.07,2680.16,Silty,Rabi,101622.61
F2124,Maize,472.73,Sprinkler,16.24,3.48,4087.88,Clay,Zaid,120184.68
F2125,Rice,94.83,Flood,1.1,1.49,811.66,Sandy,Zaid,24104.11
F2126,Rice,136.41,Rain-fed,1.98,0.83,1385.96,Sandy,Zaid,45645.03
F2127,Maize,380.8,Rain-fed,15.29,4.66,3286.77,Sandy,Zaid,98566.53
F2128,Rice,389.87,Sprinkler,15.06,4.78,4993.29,Sandy,Zaid,176715.47
F2129,Barley,208.4,Rain-fed,3.36,2.01,1127.36,Peaty,Zaid,30003.76
F2130,Rice,475.98,Sprinkler,5.88,9.02,5109.75,Silty,Rabi,169288.24
F2131,Soybean,469.74,Rain-fed,15.57,4.34,2799.86,Silty,Zaid,72174.39
F2132,Carrot,16.08,Drip,0.57,0.15,242.93,Clay,Zaid,5082.55
F2133,Rice,94.44,Sprinkler,1.46,0.8,1075.91,Loamy,Zaid,36476.06
F2134,Carrot,411.91,Sprinkler,11.92,2.96,4981.64,Peaty,Rabi,68460.83
F2135,Sugarcane,174.26,Manual,3.87,1.82,4044.27,Clay,Zaid,66498.47
F2136,Wheat,56.78,Rain-fed,2.68,0.86,362.93,Clay,Rabi,8856.71
F2137,Barley,394.65,Rain-fed,7.41,6.37,3731.88,Sandy,Kharif,137425.47
F2138,Wheat,232.75,Sprinkler,9.15,4.0,2182.57,Loamy,Zaid,70340.75
F2139,Sugarcane,251.28,Drip,7.72,2.0,5082.54,Loamy,Rabi,55088.39
F2140,Barley,101.32,Drip,1.06,0.56,560.25,Peaty,Kharif,14652.99
F2141,Maize,333.84,Drip,10.24,6.55,3836.94,Loamy,Rabi,131646.46
F2142,Maize,280.11,Rain-fed,3.92,1.46,2350.28,Clay,Rabi,70789.53
F2143,Carrot,111.27,Manual,4.05,2.16,1272.36,Loamy,Kharif,14978.28
F2144,Sugarcane,176.76,Sprinkler,5.77,3.08,4235.4,Loamy,Zaid,72316.3
F2145,Carrot,302.47,Flood,3.15,5.65,3750.77,Silty,Zaid,58424.63
F2146,Cotton,463.19,Manual,8.42,5.01,4615.52,Clay,Rabi,182764.87
F2147,Rice,460.98,Flood,18.92,3.67,4782.12,Loamy,Kharif,150262.24
F2148,Potato,151.07,Manual,3.18,2.13,2141.05,Loamy,Zaid,26862.69
F2149,Cotton,370.45,Drip,11.1,5.97,1786.58,Sandy,Rabi,48367.36
F2150,Rice,390.0,Rain-fed,8.77,2.72,4054.07,Loamy,Kharif,131548.31
F2151,Barley,406.32,Flood,19.04,6.89,2066.43,Loamy,Rabi,44729.99
F2152,Carrot,289.67,Manual,9.11,2.35,3256.23,Silty,Kharif,36552.68
F2153,Barley,15.15,Rain-fed,0.57,0.19,155.93,Clay,Zaid,5770.04
F2154,Barley,383.22,Flood,5.11,6.84,3393.1,Peaty,Zaid,120925.33
F2155,Rice,62.23,Sprinkler,0.72,0.49,511.53,Clay,Rabi,14345.78
F2156,Sugarcane,67.27,Manual,1.37,0.58,1469.17,Sandy,Zaid,21235.59
F2157,Rice,306.76,Sprinkler,6.86,1.82,3191.58,Clay,Zaid,103272.44
F2158,Tomato,491.93,Drip,18.45,3.54,9548.63,Loamy,Kharif,160423.82
F2159,Maize,128.84,Sprinkler,4.22,0.93,1372.32,Sandy,Zaid,46000.21
F2160,Maize,326.45,Sprinkler,8.16,2.63,4252.96,Clay,Kharif,155426.55
F2161,Cotton,158.79,Manual,5.74,1.48,1156.26,Sandy,Kharif,40572.67
F2162,Maize,450.38,Drip,7.45,7.76,3544.4,Peaty,Rabi,99290.1
F2163,Rice,300.82,Sprinkler,3.77,5.64,1769.32,Clay,Kharif,34707.17
F2164,Soybean,111.66,Rain-fed,4.93,1.24,688.6,Loamy,Zaid,17735.49
F2165,Carrot,138.44,Flood,4.51,0.96,1597.6,Sandy,Kharif,19728.29
F2166,Rice,221.92,Sprinkler,7.98,1.85,1889.88,Silty,Kharif,51967.67
F2167,Rice,69.8,Drip,1.56,1.12,735.02,Sandy,Rabi,24011.4
F2168,Potato,48.58,Sprinkler,1.21,0.74,635.14,Silty,Zaid,5758.28
F2169,Carrot,343.23,Flood,4.56,6.7,5628.68,Loamy,Zaid,134225.62
F2170,Tomato,209.51,Drip,9.28,1.09,3785.45,Peaty,Zaid,54257.7
F2171,Maize,365.85,Manual,12.33,5.95,4836.12,Silty,Kharif,177584.56
F2172,Carrot,63.93,Drip,0.85,0.8,969.55,Peaty,Zaid,20927.26
F2173,Maize,308.83,Manual,13.03,5.73,3595.67,Sandy,Zaid,126172.61
F2174,Cotton,227.22,Drip,6.31,3.1,2540.47,Loamy,Kharif,100993.19
F2175,Carrot,38.42,Flood,1.56,0.45,689.26,Silty,Rabi,17501.49
F2176,Maize,276.95,Flood,2.91,4.15,2616.31,Sandy,Rabi,85131.11
F2177,Tomato,50.57,Drip,0.56,0.89,898.23,Clay,Kharif,13083.37
F2178,Wheat,415.58,Sprinkler,6.99,3.84,3985.88,Sandy,Rabi,134734.4
F2179,Barley,319.66,Flood,5.89,2.11,2513.87,Peaty,Rabi,83376.11
F2180,Barley,282.91,Manual,11.47,3.25,1905.62,Loamy,Rabi,55532.07
F2181,Tomato,75.4,Manual,2.89,0.62,1309.16,Loamy,Zaid,17309.38
F2182,Potato,150.85,Rain-fed,5.23,1.73,2188.13,Sandy,Rabi,29131.1
F2183,Wheat,251.51,Manual,11.42,5.0,1858.42,Clay,Zaid,52257.34
F2184,Cotton,320.31,Rain-fed,6.37,4.36,1546.17,Peaty,Rabi,44024.25
F2185,Tomato,99.78,Drip,4.61,1.54,1818.54,Sandy,Zaid,26999.81
F2186,Barley,14.34,Drip,0.67,0.22,96.36,Sandy,Kharif,2784.46
F2187,Barley,178.93,Drip,4.9,3.1,1496.58,Loamy,Kharif,49984.19
F2188,Barley,246.61,Sprinkler,3.4,4.73,2700.42,Peaty,Rabi,102805.36
F2189,Sugarcane,100.37,Sprinkler,3.92,1.49,2144.39,Clay,Zaid,28036.52
F2190,Tomato,251.16,Rain-fed,5.9,3.05,5595.44,Loamy,Kharif,121020.66
F2191,Rice,175.86,Manual,7.35,1.72,1213.03,Sandy,Kharif,27985.13
F2192,Cotton,232.99,Manual,3.86,2.42,2542.73,Loamy,Kharif,102542.03
F2193,Barley,180.25,Drip,5.69,1.81,1229.09,Loamy,Kharif,35925.27
F2194,Maize,317.95,Flood,9.64,3.14,4141.11,Silty,Rabi,150572.3
F2195,Tomato,31.02,Sprinkler,0.43,0.48,510.37,Loamy,Zaid,5920.36
F2196,Sugarcane,93.74,Sprinkler,2.3,1.3,2223.65,Loamy,Kharif,37383.51
F2197,Tomato,222.05,Drip,2.97,1.78,3366.24,Peaty,Rabi,27722.05
F2198,Cotton,184.59,Sprinkler,5.28,3.61,1716.38,Loamy,Kharif,64960.28
F2199,Sugarcane,201.9,Drip,8.83,2.3,3960.24,Clay,Kharif,37850.07
F2200,Cotton,403.84,Rain-fed,8.4,5.45,3786.98,Sandy,Kharif,148642.0
F2201,Tomato,444.3,Manual,18.04,6.9,8812.64,Peaty,Kharif,157430.48
F2202,Rice,131.85,Flood,2.29,1.87,1720.04,Loamy,Rabi,61899.64
F2203,Cotton,419.83,Manual,15.51,4.06,3866.65,Clay,Zaid,147222.59
F2204,Sugarcane,234.81,Manual,10.95,3.98,4932.84,Sandy,Rabi,61824.58
F2205,Sugarcane,144.17,Rain-fed,3.31,0.96,2764.1,Peaty,Rabi,25580.04
F2206,Cotton,492.87,Sprinkler,22.68,6.67,4744.96,Clay,Rabi,178903.41
F2207,Soybean,414.15,Flood,12.51,3.77,2441.58,Loamy,Kharif,60692.71
F2208,Tomato,497.18,Sprinkler,11.27,7.08,10598.38,Silty,Zaid,214488.58
F2209,Soybean,92.41,Manual,4.24,0.76,647.89,Silty,Kharif,18384.17
F2210,Potato,80.48,Drip,0.91,1.33,1353.22,Peaty,Rabi,24922.62
F2211,Tomato,256.66,Manual,2.85,2.16,4948.65,Clay,Kharif,86846.71
F2212,Cotton,322.94,Sprinkler,10.98,5.93,2288.58,Sandy,Zaid,79117.89
F2213,Wheat,93.82,Manual,3.93,1.68,987.19,Clay,Zaid,34295.65
F2214,Cotton,431.61,Drip,17.29,4.5,2754.08,Silty,Kharif,86359.66
F2215,Soybean,270.69,Rain-fed,3.57,2.92,1356.16,Peaty,Rabi,30817.62
F2216,Rice,211.36,Sprinkler,10.15,3.28,2874.87,Loamy,Kharif,102237.06
F2217,Cotton,305.01,Manual,11.63,1.94,2075.96,Clay,Rabi,69547.03
F2218,Cotton,321.13,Sprinkler,15.4,2.0,3250.7,Silty,Zaid,123757.62
F2219,Rice,30.96,Rain-fed,0.72,0.22,297.7,Sandy,Kharif,9382.45
F2220,Cotton,499.95,Manual,18.88,6.72,4781.37,Peaty,Zaid,183780.4
F2221,Barley,188.32,Manual,8.36,1.36,1081.14,Loamy,Rabi,27188.71
F2222,Wheat,40.16,Sprinkler,1.01,0.37,376.06,Clay,Rabi,12349.51
F2223,Maize,427.64,Sprinkler,20.78,6.29,3751.41,Sandy,Kharif,109855.09
F2224,Wheat,496.58,Drip,10.23,2.6,4406.59,Loamy,Kharif,139409.55
F2225,Cotton,410.02,Rain-fed,9.28,3.16,4861.78,Silty,Kharif,199465.79
F2226,Barley,427.42,Drip,20.01,8.1,2555.12,Silty,Zaid,66043.42
F2227,Tomato,316.71,Manual,15.45,4.74,6588.49,Sandy,Rabi,127278.72
F2228,Cotton,461.94,Sprinkler,9.89,4.43,3171.33,Silty,Rabi,107233.31
F2229,Soybean,27.51,Manual,0.43,0.16,194.77,Peaty,Zaid,5946.51
F2230,Barley,385.69,Manual,15.57,5.32,2645.0,Sandy,Kharif,80344.43
F2231,Rice,338.65,Flood,15.98,2.83,2937.0,Silty,Kharif,81110.47
F2232,Barley,34.3,Flood,1.17,0.67,258.63,Clay,Zaid,8328.83
F2233,Rice,276.55,Manual,9.78,4.23,2185.58,Silty,Rabi,57604.42
F2234,Potato,262.38,Sprinkler,10.63,5.15,4766.19,Peaty,Rabi,96292.58
F2235,Maize,348.85,Manual,5.62,6.19,2015.51,Loamy,Rabi,41544.34
F2236,Carrot,47.99,Flood,2.35,0.59,651.38,Loamy,Rabi,11177.8
F2237,Barley,404.59,Sprinkler,9.94,6.09,2809.09,Silty,Zaid,85805.63
F2238,Sugarcane,78.31,Manual,2.75,1.35,1860.66,Loamy,Rabi,31367.49
F2239,Soybean,215.15,Rain-fed,6.18,2.94,1293.22,Silty,Zaid,34121.98
F2240,Cotton,441.83,Rain-fed,12.69,2.62,5163.92,Peaty,Kharif,210433.06
F2241,Soybean,284.66,Manual,10.85,3.43,1799.87,Loamy,Zaid,47882.01
F2242,Wheat,196.0,Sprinkler,9.76,1.36,1642.01,Clay,Rabi,48610.03
F2243,Carrot,33.62,Manual,1.22,0.53,414.57,Silty,Kharif,6047.41
F2244,Wheat,339.41,Manual,14.17,5.16,2570.06,Loamy,Zaid,72865.12
F2245,Potato,493.41,Flood,5.48,9.82,9181.02,Peaty,Zaid,199539.04
F2246,Carrot,456.78,Rain-fed,19.38,6.59,6640.34,Peaty,Zaid,132722.93
F2247,Carrot,361.48,Flood,7.95,6.15,4307.19,Clay,Kharif,59654.34
F2248,Wheat,61.59,Flood,0.93,0.56,336.09,Peaty,Zaid,7308.31
F2249,Rice,127.33,Manual,1.85,1.29,942.88,Peaty,Rabi,24442.26
F2250,Wheat,101.56,Flood,3.78,1.9,1305.62,Loamy,Kharif,48568.26
F2251,Soybean,184.18,Rain-fed,9.19,3.01,2170.11,Silty,Kharif,80692.51
F2252,Rice,125.4,Flood,4.6,1.86,1153.72,Sandy,Zaid,34620.06
F2253,Soybean,129.78,Rain-fed,2.66,1.14,1123.01,Peaty,Rabi,37997.97
F2254,Potato,312.2,Flood,5.66,4.83,6182.62,Peaty,Kharif,143531.77
F2255,Cotton,166.16,Rain-fed,5.16,3.04,1461.28,Sandy,Zaid,55920.63
F2256,Tomato,341.81,Flood,4.31,2.89,7397.3,Peaty,Rabi,154602.91
F2257,Rice,474.47,Flood,12.32,7.4,4567.08,Loamy,Zaid,140790.95
F2258,Potato,322.85,Sprinkler,11.83,3.52,4659.19,Loamy,Zaid,58126.36
F2259,Sugarcane,378.31,Rain-fed,18.43,2.57,8915.57,Sandy,Kharif,147681.87
F2260,Potato,378.27,Rain-fed,10.22,6.22,6365.6,Peaty,Kharif,117475.89
F2261,Wheat,172.04,Rain-fed,3.1,1.29,1789.1,Peaty,Zaid,63204.94
F2262,Wheat,17.33,Drip,0.74,0.15,115.47,Silty,Kharif,2822.83
F2263,Tomato,36.97,Flood,1.47,0.62,737.94,Peaty,Kharif,13274.99
F2264,Potato,148.21,Rain-fed,6.58,2.39,2351.31,Loamy,Rabi,37482.61
F2265,Maize,347.88,Drip,6.47,3.07,2831.1,Clay,Rabi,80985.26
F2266,Cotton,454.27,Sprinkler,11.9,8.68,4331.06,Clay,Zaid,167441.22
F2267,Wheat,479.81,Rain-fed,23.64,3.95,4806.42,Clay,Zaid,161646.29
F2268,Tomato,22.67,Rain-fed,0.37,0.45,445.92,Clay,Zaid,8151.61
F2269,Cotton,495.14,Drip,18.25,7.96,5951.28,Peaty,Zaid,240705.34
F2270,Potato,168.02,Flood,3.27,1.83,3066.9,Peaty,Rabi,63929.4
F2271,Potato,423.05,Sprinkler,12.69,2.94,7579.5,Silty,Kharif,150757.41
F2272,Carrot,98.34,Rain-fed,4.13,0.96,1541.57,Peaty,Rabi,33970.37
F2273,Tomato,40.82,Flood,1.21,0.32,729.55,Clay,Zaid,10592.24
F2274,Wheat,195.39,Sprinkler,8.25,2.8,2340.49,Sandy,Zaid,85128.68
F2275,Maize,430.87,Manual,11.66,4.46,3642.12,Sandy,Rabi,108741.87
F2276,Potato,118.2,Manual,5.91,1.11,2186.01,Loamy,Rabi,44929.12
F2277,Maize,85.44,Sprinkler,2.34,1.4,673.73,Loamy,Zaid,18562.28
F2278,Potato,455.8,Drip,7.28,3.86,6314.93,Peaty,Kharif,72519.61
F2279,Wheat,469.79,Sprinkler,12.25,6.48,2901.06,Sandy,Zaid,71362.88
F2280,Cotton,16.15,Sprinkler,0.64,0.13,151.96,Clay,Rabi,5713.76
F2281,Barley,366.44,Drip,16.09,5.76,2732.87,Clay,Zaid,84715.13
F2282,Cotton,161.51,Drip,4.59,2.32,1036.02,Clay,Zaid,33920.66
F2283,Potato,193.61,Flood,6.54,3.29,3381.47,Peaty,Kharif,65210.81
F2284,Soybean,239.86,Flood,10.5,1.45,1253.9,Peaty,Zaid,26448.91
F2285,Barley,219.13,Drip,9.32,1.79,1502.27,Silty,Zaid,43494.69
F2286,Barley,262.34,Manual,9.53,1.92,1947.3,Clay,Zaid,61969.0
F2287,Maize,295.36,Manual,12.58,2.32,3321.06,Clay,Rabi,113225.03
F2288,Tomato,238.14,Sprinkler,7.87,1.56,4563.91,Peaty,Rabi,75729.21
F2289,Maize,353.77,Rain-fed,3.6,4.75,4294.4,Peaty,Kharif,156504.53
F2290,Maize,362.11,Sprinkler,4.22,5.03,2925.0,Silty,Zaid,84663.37
F2291,Soybean,225.78,Sprinkler,11.11,3.99,1691.54,Silty,Rabi,49349.31
F2292,Cotton,79.81,Rain-fed,1.26,0.9,347.01,Loamy,Kharif,9040.45
F2293,Cotton,323.91,Drip,8.48,4.21,3813.83,Sandy,Zaid,155700.78
F2294,Sugarcane,388.75,Manual,18.41,7.72,8467.39,Clay,Kharif,116856.66
F2295,Potato,322.67,Sprinkler,5.74,4.19,5373.7,Clay,Kharif,97127.86
F2296,Soybean,298.15,Rain-fed,13.04,4.06,3687.09,Silty,Kharif,139942.51
F2297,Sugarcane,122.41,Flood,5.23,2.44,2464.32,Silty,Kharif,26436.96
F2298,Wheat,326.12,Sprinkler,16.13,6.49,2635.92,Loamy,Kharif,75933.92
F2299,Potato,174.08,Manual,3.7,1.98,3098.07,Sandy,Kharif,63110.64
F2300,Potato,460.58,Drip,10.42,6.69,8764.33,Loamy,Kharif,190714.13
F2301,Carrot,330.32,Sprinkler,15.23,4.03,5416.23,Sandy,Zaid,125431.61
F2302,Carrot,146.31,Sprinkler,2.83,2.31,2476.59,Clay,Zaid,60789.14
F2303,Rice,241.73,Rain-fed,7.72,4.61,2487.19,Loamy,Kharif,79782.73
F2304,Rice,424.82,Flood,16.27,4.1,5391.03,Silty,Zaid,189102.02
F2305,Maize,174.38,Flood,3.64,3.01,1720.41,Loamy,Kharif,55808.19
F2306,Wheat,267.47,Drip,12.71,3.96,1941.95,Loamy,Zaid,51282.9
F2307,Barley,343.04,Manual,12.56,3.16,3107.59,Clay,Rabi,108633.52
F2308,Barley,379.72,Drip,4.51,6.44,3925.45,Silty,Kharif,146259.5
F2309,Carrot,95.21,Sprinkler,1.47,1.09,1513.59,Silty,Rabi,34410.74
F2310,Carrot,286.92,Sprinkler,5.06,1.95,3619.49,Peaty,Kharif,56583.46
F2311,Carrot,456.98,Flood,9.05,9.09,4998.11,Peaty,Kharif,53206.53
F2312,Soybean,484.5,Manual,19.01,5.52,3381.55,Peaty,Rabi,97380.03
F2313,Tomato,331.51,Rain-fed,4.49,4.35,7419.69,Clay,Rabi,163639.44
F2314,Rice,491.99,Manual,11.82,8.42,3511.14,Loamy,Rabi,85501.88
F2315,Soybean,289.66,Sprinkler,13.46,5.62,2548.54,Silty,Kharif,82770.05
F2316,Cotton,226.88,Rain-fed,7.32,4.1,2107.82,Silty,Rabi,80617.9
F2317,Barley,280.28,Manual,5.78,3.61,3274.24,Loamy,Rabi,126626.53
F2318,Potato,66.7,Manual,3.22,0.88,1260.53,Silty,Zaid,26953.33
F2319,Rice,206.84,Rain-fed,4.09,1.91,2662.49,Loamy,Zaid,95887.52
F2320,Sugarcane,234.62,Sprinkler,10.84,2.8,5327.92,Clay,Rabi,80181.68
F2321,Cotton,425.83,Manual,16.62,8.18,4742.52,Clay,Rabi,189973.42
F2322,Rice,381.74,Rain-fed,15.12,6.07,2985.19,Clay,Rabi,78461.32
F2323,Soybean,304.7,Sprinkler,12.37,1.58,2606.32,Loamy,Rabi,82946.98
F2324,Wheat,180.17,Rain-fed,5.45,1.22,2151.55,Loamy,Zaid,78824.18
F2325,Potato,101.65,Rain-fed,4.33,1.92,1553.02,Sandy,Kharif,23401.72
F2326,Rice,180.4,Manual,7.84,3.2,2302.72,Silty,Rabi,80909.57
F2327,Tomato,343.1,Sprinkler,8.38,4.22,6053.52,Silty,Rabi,84144.89
F2328,Carrot,138.89,Manual,3.61,1.98,1869.79,Sandy,Zaid,34077.39
F2329,Carrot,219.17,Drip,9.98,2.05,2921.3,Sandy,Rabi,49010.3
F2330,Potato,199.52,Drip,6.18,3.37,3418.29,Clay,Rabi,63601.61
F2331,Soybean,385.14,Sprinkler,17.21,5.41,2317.7,Sandy,Zaid,58397.68
F2332,Carrot,443.06,Rain-fed,15.54,6.83,4885.63,Loamy,Rabi,50792.37
F2333,Rice,352.69,Manual,11.9,3.75,4548.8,Peaty,Rabi,161873.25
F2334,Sugarcane,177.39,Manual,1.99,2.03,4430.56,Loamy,Zaid,83650.44
F2335,Barley,222.26,Sprinkler,4.69,1.8,1165.5,Sandy,Kharif,28997.45
F2336,Barley,80.24,Sprinkler,2.41,1.54,735.06,Silty,Rabi,25667.6
F2337,Cotton,92.37,Drip,3.09,1.77,798.78,Loamy,Rabi,29176.47
F2338,Maize,90.5,Flood,3.19,1.56,772.84,Silty,Kharif,22532.83
F2339,Wheat,73.99,Sprinkler,2.86,1.41,730.5,Loamy,Zaid,24235.43
F2340,Potato,97.99,Flood,3.55,1.47,1611.04,Silty,Kharif,27756.81
F2341,Cotton,109.32,Sprinkler,4.8,0.93,912.04,Loamy,Rabi,32341.94
F2342,Maize,64.8,Rain-fed,1.41,1.06,741.24,Silty,Kharif,26060.15
F2343,Soybean,323.73,Rain-fed,11.55,3.2,2943.77,Peaty,Zaid,100479.95
F2344,Tomato,495.3,Drip,5.97,5.75,8524.46,Clay,Rabi,113652.4
F2345,Tomato,440.8,Drip,12.87,4.02,8572.69,Loamy,Zaid,146602.84
F2346,Wheat,32.35,Flood,0.67,0.37,331.47,Peaty,Zaid,11524.69
F2347,Carrot,217.3,Sprinkler,5.48,3.3,3473.48,Clay,Kharif,79297.67
F2348,Rice,431.06,Manual,10.43,2.87,4582.18,Loamy,Kharif,149717.66
F2349,Cotton,75.99,Drip,0.94,0.5,717.84,Peaty,Zaid,27800.51
F2350,Cotton,425.35,Manual,12.19,6.49,2813.37,Peaty,Zaid,95293.32
F2351,Potato,300.42,Manual,14.96,5.02,4926.12,Peaty,Rabi,83653.94
F2352,Potato,466.34,Sprinkler,10.24,6.19,8373.3,Sandy,Zaid,171370.41
F2353,Tomato,439.26,Flood,17.33,3.39,9152.99,Silty,Zaid,176471.24
F2354,Tomato,341.75,Sprinkler,10.91,3.92,6228.02,Clay,Kharif,93521.9
F2355,Sugarcane,332.33,Drip,7.65,5.44,6855.24,Silty,Zaid,81798.19
F2356,Sugarcane,114.45,Manual,1.55,1.75,2662.1,Silty,Zaid,44218.29
F2357,Carrot,67.21,Sprinkler,1.25,0.45,838.53,Silty,Kharif,12693.71
F2358,Sugarcane,213.54,Sprinkler,8.81,4.17,3824.02,Peaty,Rabi,22165.07
F2359,Rice,101.42,Sprinkler,2.15,0.85,961.86,Silty,Kharif,29257.48
F2360,Rice,60.18,Drip,0.95,0.5,421.18,Sandy,Kharif,10192.15
F2361,Cotton,158.14,Flood,3.68,1.88,1139.65,Loamy,Zaid,39742.68
F2362,Barley,431.64,Sprinkler,14.4,4.28,3063.37,Peaty,Zaid,93447.34
F2363,Rice,18.4,Drip,0.7,0.36,221.27,Clay,Rabi,7561.71
F2364,Maize,153.39,Manual,3.91,0.94,1246.59,Loamy,Zaid,35673.47
F2365,Tomato,217.79,Rain-fed,6.52,2.09,4320.0,Loamy,Rabi,77590.53
F2366,Potato,260.18,Drip,7.34,2.79,4736.47,Loamy,Rabi,96153.13
F2367,Sugarcane,98.97,Rain-fed,1.03,1.23,2095.98,Silty,Rabi,27967.95
F2368,Cotton,482.47,Sprinkler,12.46,2.53,2373.49,Silty,Rabi,63893.79
F2369,Wheat,293.65,Sprinkler,9.84,1.83,3195.52,Peaty,Zaid,111629.04
F2370,Potato,265.83,Drip,8.72,2.36,3569.39,Silty,Kharif,34576.3
F2371,Maize,14.32,Rain-fed,0.57,0.19,90.86,Silty,Kharif,2000.72
F2372,Sugarcane,248.0,Sprinkler,9.13,4.1,4802.02,Silty,Zaid,44243.03
F2373,Maize,420.46,Manual,8.86,6.43,3202.08,Peaty,Zaid,89200.43
F2374,Tomato,117.63,Flood,2.38,1.59,2518.71,Peaty,Rabi,51588.41
F2375,Tomato,182.09,Flood,5.2,2.0,3646.39,Sandy,Zaid,67368.23
F2376,Carrot,20.08,Sprinkler,0.79,0.36,278.07,Sandy,Kharif,5118.1
F2377,Cotton,488.69,Rain-fed,6.72,5.81,5753.57,Sandy,Zaid,240169.38
F2378,Potato,42.66,Sprinkler,2.04,0.4,630.24,Sandy,Zaid,8422.71
F2379,Soybean,450.13,Rain-fed,14.28,6.5,4406.31,Loamy,Rabi,154810.73
F2380,Soybean,163.36,Manual,3.64,2.51,1899.86,Loamy,Rabi,71698.11
F2381,Potato,297.9,Rain-fed,11.24,3.27,5685.51,Sandy,Rabi,125360.12
F2382,Wheat,342.86,Sprinkler,4.04,1.86,1988.79,Sandy,Rabi,46671.79
F2383,Cotton,79.01,Manual,2.32,0.51,769.83,Clay,Kharif,29936.25
F2384,Maize,227.44,Drip,6.7,4.02,1736.6,Loamy,Zaid,46203.84
F2385,Wheat,169.48,Flood,2.79,0.99,1343.99,Clay,Zaid,41063.49
F2386,Barley,37.74,Sprinkler,1.64,0.52,330.49,Clay,Rabi,11154.41
F2387,Potato,418.26,Sprinkler,17.51,3.24,8033.91,Silty,Kharif,174123.7
F2388,Maize,32.13,Sprinkler,0.52,0.27,217.96,Peaty,Kharif,5349.39
F2389,Soybean,330.1,Manual,8.1,3.0,1890.65,Loamy,Zaid,47343.12
F2390,Rice,163.9,Drip,2.3,0.91,1121.54,Sandy,Rabi,26449.27
F2391,Carrot,104.14,Rain-fed,4.58,0.8,1296.0,Sandy,Zaid,19504.95
F2392,Soybean,336.87,Drip,7.73,4.97,1807.39,Peaty,Zaid,41705.02
F2393,Cotton,291.52,Manual,8.04,3.64,3382.84,Loamy,Kharif,137174.21
F2394,Tomato,164.48,Sprinkler,3.78,2.79,2824.94,Sandy,Kharif,37440.13
F2395,Rice,261.35,Flood,5.85,1.55,1831.35,Sandy,Zaid,44636.16
F2396,Carrot,130.66,Sprinkler,5.21,2.4,2083.55,Silty,Rabi,46400.41
F2397,Carrot,433.21,Rain-fed,17.29,8.64,7362.58,Clay,Rabi,179695.36
F2398,Barley,163.77,Flood,5.03,0.86,1750.04,Sandy,Zaid,65720.35
F2399,Barley,130.12,Sprinkler,4.72,2.54,1373.02,Loamy,Zaid,50421.2
F2400,Sugarcane,378.4,Flood,11.53,3.23,6865.04,Peaty,Rabi,45488.04
F2401,Soybean,18.62,Drip,0.21,0.29,206.69,Silty,Rabi,7687.66
F2402,Soybean,141.33,Manual,1.79,1.33,1244.8,Loamy,Rabi,42503.92
F2403,Soybean,193.94,Sprinkler,4.92,2.49,1960.19,Silty,Zaid,69748.81
F2404,Sugarcane,442.3,Rain-fed,17.69,5.6,11218.12,Clay,Kharif,213439.0
F2405,Wheat,475.72,Drip,22.13,4.96,5635.51,Sandy,Rabi,201831.76
F2406,Carrot,361.07,Sprinkler,4.04,5.69,6226.79,Loamy,Rabi,155315.64
F2407,Rice,251.34,Drip,6.21,3.52,1806.52,Peaty,Rabi,43378.09
F2408,Cotton,323.9,Rain-fed,6.14,4.09,2537.82,Clay,Zaid,94115.93
F2409,Carrot,212.86,Sprinkler,9.07,4.2,3917.96,Clay,Kharif,102115.62
F2410,Barley,156.42,Rain-fed,6.86,2.99,1474.29,Silty,Kharif,52101.0
F2411,Maize,475.84,Flood,8.69,9.2,2954.35,Clay,Rabi,67109.48
F2412,Tomato,66.54,Rain-fed,2.56,1.21,1369.24,Loamy,Zaid,26132.59
F2413,Sugarcane,179.73,Flood,7.06,1.59,3264.15,Silty,Kharif,21059.43
F2414,Potato,450.55,Sprinkler,7.7,4.62,8359.7,Clay,Zaid,178833.24
F2415,Maize,364.34,Flood,9.96,3.08,4569.39,Peaty,Kharif,164648.23
F2416,Cotton,24.26,Sprinkler,0.84,0.48,187.31,Loamy,Rabi,6552.55
F2417,Soybean,21.32,Sprinkler,0.24,0.16,172.8,Peaty,Zaid,5658.98
F2418,Barley,263.09,Manual,6.89,2.76,1865.75,Peaty,Rabi,58323.23
F2419,Barley,247.28,Sprinkler,4.01,1.97,2891.03,Silty,Kharif,111469.52
F2420,Barley,227.07,Flood,7.19,1.9,2057.36,Sandy,Kharif,72459.86
F2421,Soybean,158.15,Manual,6.91,1.38,1527.35,Silty,Rabi,52458.47
F2422,Potato,493.45,Manual,15.29,7.2,8886.0,Loamy,Kharif,179953.89
F2423,Sugarcane,143.27,Sprinkler,1.64,0.88,2876.21,Loamy,Rabi,31533.47
F2424,Maize,250.12,Rain-fed,2.8,3.4,2198.81,Silty,Rabi,68311.32
F2425,Soybean,208.4,Rain-fed,7.13,3.6,2241.26,Sandy,Rabi,82659.31
F2426,Cotton,93.42,Manual,2.16,1.54,1121.94,Silty,Kharif,46168.77
F2427,Sugarcane,109.28,Sprinkler,3.6,0.79,1976.48,Loamy,Zaid,12427.93
F2428,Cotton,459.97,Rain-fed,7.61,8.61,1985.86,Sandy,Rabi,53843.62
F2429,Sugarcane,430.56,Sprinkler,17.68,7.13,9159.5,Loamy,Zaid,116781.28
F2430,Potato,107.53,Sprinkler,4.78,0.55,1947.09,Sandy,Kharif,39125.28
F2431,Tomato,439.07,Manual,20.01,7.05,7823.12,Sandy,Kharif,111764.64
F2432,Cotton,112.5,Manual,2.49,1.81,1360.84,Silty,Zaid,56234.34
F2433,Soybean,317.01,Drip,11.55,3.95,2097.62,Silty,Rabi,56472.93
F2434,Sugarcane,49.83,Rain-fed,1.05,0.28,881.23,Silty,Kharif,5140.71
F2435,Barley,441.38,Rain-fed,17.88,6.05,2738.34,Sandy,Rabi,77705.92
F2436,Carrot,35.24,Rain-fed,0.52,0.58,618.86,Sandy,Rabi,16022.72
F2437,Barley,281.92,Flood,11.42,2.56,1688.17,Loamy,Zaid,44560.48
F2438,Wheat,392.06,Sprinkler,10.82,5.88,3551.07,Peaty,Kharif,114320.35
F2439,Tomato,67.25,Manual,2.97,0.69,1220.37,Silty,Zaid,18003.27
F2440,Tomato,208.2,Rain-fed,8.24,2.83,4182.94,Loamy,Kharif,76259.89
F2441,Barley,30.56,Drip,0.77,0.33,158.73,Loamy,Zaid,3722.84
F2442,Maize,344.55,Rain-fed,15.9,3.29,3735.07,Clay,Kharif,125243.5
F2443,Potato,160.65,Sprinkler,3.43,2.87,2494.12,Silty,Kharif,38861.41
F2444,Cotton,284.1,Sprinkler,13.83,4.63,3363.46,Loamy,Kharif,133646.86
F2445,Soybean,467.04,Manual,19.0,4.76,5485.87,Clay,Rabi,205289.21
F2446,Tomato,159.87,Flood,7.93,1.84,2893.42,Silty,Rabi,41534.75
F2447,Barley,33.83,Manual,0.41,0.52,418.93,Sandy,Zaid,16817.55
F2448,Barley,341.06,Rain-fed,7.15,5.85,1685.42,Clay,Zaid,41192.09
F2449,Potato,395.55,Drip,15.68,6.04,7551.28,Sandy,Kharif,164333.29
F2450,Potato,479.36,Manual,22.48,6.29,7802.22,Peaty,Kharif,131120.35
F2451,Rice,87.32,Flood,0.97,1.69,787.45,Peaty,Rabi,23867.15
F2452,Rice,202.15,Manual,2.02,3.36,1389.01,Peaty,Rabi,33971.78
F2453,Maize,423.63,Sprinkler,8.58,2.85,4075.66,Peaty,Rabi,129610.07
F2454,Maize,405.37,Rain-fed,17.88,5.42,2537.81,Loamy,Zaid,54273.53
F2455,Wheat,316.15,Rain-fed,12.86,3.52,3219.88,Peaty,Rabi,109587.31
F2456,Maize,141.99,Rain-fed,3.35,2.4,1042.33,Loamy,Zaid,27920.49
F2457,Sugarcane,149.18,Rain-fed,1.5,0.85,3485.15,Loamy,Rabi,58170.67
F2458,Potato,70.76,Rain-fed,2.28,0.79,1242.78,Silty,Rabi,24267.26
F2459,Soybean,461.71,Rain-fed,9.01,4.51,4980.94,Loamy,Kharif,184019.39
F2460,Sugarcane,94.74,Drip,3.77,0.67,2262.8,Loamy,Zaid,37884.8
F2461,Cotton,290.71,Flood,8.1,3.11,1681.63,Peaty,Rabi,51945.91
F2462,Barley,296.33,Rain-fed,11.01,4.47,1406.77,Loamy,Kharif,29713.2
F2463,Maize,191.11,Flood,8.43,1.99,1620.12,Sandy,Zaid,47070.43
F2464,Barley,182.73,Rain-fed,5.74,2.5,2191.51,Peaty,Zaid,85451.5
F2465,Tomato,337.61,Manual,7.91,4.69,6491.88,Clay,Rabi,111802.29
F2466,Wheat,200.27,Rain-fed,8.17,2.77,2209.9,Peaty,Zaid,78304.13
F2467,Tomato,135.01,Sprinkler,2.78,1.75,2936.74,Loamy,Kharif,60999.75
F2468,Wheat,205.57,Drip,9.39,1.39,2590.96,Sandy,Kharif,95062.45
F2469,Rice,405.75,Manual,5.22,3.36,3960.26,Peaty,Zaid,126437.16
F2470,Barley,483.57,Manual,21.0,8.22,4368.56,Sandy,Kharif,152991.75
F2471,Wheat,321.62,Sprinkler,4.39,4.03,3823.75,Clay,Zaid,141631.65
F2472,Carrot,393.23,Rain-fed,4.82,6.13,6661.73,Clay,Kharif,166333.83
F2473,Sugarcane,271.08,Drip,6.65,3.67,6320.72,Silty,Zaid,102888.22
F2474,Wheat,316.16,Manual,15.26,1.76,3216.98,Silty,Zaid,108060.11
F2475,Wheat,494.16,Drip,24.38,8.37,5105.49,Peaty,Zaid,171418.06
F2476,Sugarcane,224.83,Manual,4.07,1.34,4613.43,Silty,Kharif,55119.18
F2477,Barley,42.46,Rain-fed,0.68,0.81,474.22,Sandy,Zaid,18530.24
F2478,Barley,478.93,Manual,11.55,3.94,4588.42,Silty,Zaid,166243.47
F2479,Sugarcane,398.6,Manual,9.36,5.06,7716.12,Sandy,Rabi,75499.36
F2480,Tomato,205.17,Flood,8.29,1.22,3439.5,Silty,Rabi,40200.87
F2481,Carrot,491.37,Rain-fed,13.64,9.05,8603.77,Silty,Zaid,218484.94
F2482,Soybean,179.31,Sprinkler,7.39,3.53,1803.19,Silty,Rabi,62810.13
F2483,Cotton,192.34,Sprinkler,7.68,1.38,1453.63,Loamy,Zaid,49908.41
F2484,Carrot,308.77,Rain-fed,10.23,2.91,3777.33,Loamy,Rabi,53985.15
F2485,Barley,144.43,Sprinkler,6.26,0.76,1412.92,Silty,Kharif,49696.47
F2486,Soybean,352.3,Rain-fed,6.28,5.92,2169.0,Sandy,Kharif,61203.02
F2487,Rice,84.9,Sprinkler,1.4,0.82,797.53,Peaty,Zaid,24455.91
F2488,Maize,62.93,Flood,2.52,0.87,690.29,Clay,Zaid,23348.19
F2489,Wheat,272.09,Sprinkler,5.39,1.52,2654.21,Loamy,Kharif,88746.63
F2490,Sugarcane,282.19,Manual,2.85,4.44,7026.72,Silty,Kharif,132302.84
F2491,Sugarcane,62.26,Rain-fed,2.89,0.81,1126.35,Clay,Rabi,7215.33
F2492,Wheat,482.45,Drip,16.85,7.66,3647.33,Loamy,Zaid,102239.05
F2493,Maize,290.91,Drip,8.09,4.9,1745.04,Peaty,Kharif,35733.82
F2494,Cotton,84.01,Rain-fed,3.28,0.53,482.21,Sandy,Kharif,14939.97
F2495,Maize,162.61,Flood,3.79,2.22,1048.41,Silty,Zaid,24324.9
F2496,Soybean,402.11,Sprinkler,19.36,5.93,4408.07,Peaty,Rabi,158057.1
F2497,Maize,266.38,Flood,3.4,3.4,2231.95,Loamy,Rabi,65996.6
F2498,Soybean,102.19,Drip,3.64,0.79,1273.55,Silty,Rabi,48032.37
F2499,Maize,60.4,Rain-fed,2.48,1.02,344.56,Clay,Rabi,6604.37
F2500,Cotton,221.08,Rain-fed,6.36,4.41,2052.42,Sandy,Kharif,79847.2
F2501,Cotton,175.33,Flood,7.05,3.43,2114.05,Loamy,Zaid,85600.81
F2502,Barley,331.4,Flood,15.6,5.52,2042.53,Sandy,Zaid,56449.1
F2503,Wheat,463.37,Sprinkler,18.42,5.22,4121.09,Silty,Kharif,128341.21
F2504,Cotton,131.39,Manual,2.94,1.32,1278.92,Peaty,Kharif,50026.7
F2505,Soybean,429.06,Manual,13.93,2.59,4254.95,Sandy,Kharif,151569.31
F2506,Cotton,461.03,Sprinkler,21.42,5.18,4092.16,Clay,Zaid,150484.01
F2507,Barley,451.98,Manual,12.64,3.32,3302.06,Loamy,Zaid,104273.19
F2508,Sugarcane,476.52,Drip,17.76,4.2,11258.83,Clay,Zaid,186451.91
F2509,Soybean,422.63,Manual,12.1,7.77,4234.73,Sandy,Rabi,152698.28
F2510,Barley,300.81,Sprinkler,4.47,5.87,1778.57,Peaty,Kharif,49669.47
F2511,Tomato,210.82,Manual,2.6,4.05,4685.32,Peaty,Kharif,102384.07
F2512,Tomato,250.93,Rain-fed,12.07,1.98,4826.93,Clay,Kharif,80866.04
F2513,Rice,437.58,Flood,15.1,8.1,4346.99,Silty,Zaid,135730.58
F2514,Maize,157.69,Drip,2.23,1.12,1934.44,Silty,Kharif,69270.27
F2515,Wheat,88.04,Rain-fed,3.9,1.11,914.7,Peaty,Kharif,31356.17
F2516,Potato,79.0,Rain-fed,2.44,1.16,1045.91,Clay,Rabi,10253.73
F2517,Carrot,415.23,Sprinkler,16.97,4.96,6167.75,Clay,Zaid,125662.64
F2518,Barley,383.13,Flood,5.77,7.39,4136.82,Clay,Kharif,157940.14
F2519,Sugarcane,253.85,Flood,11.75,2.54,5932.4,Sandy,Zaid,96459.54
F2520,Carrot,144.69,Drip,4.86,1.87,2686.32,Silty,Zaid,70651.75
F2521,Sugarcane,342.03,Sprinkler,13.52,2.1,6172.68,Silty,Zaid,37611.9
F2522,Carrot,28.83,Drip,0.32,0.51,364.62,Sandy,Rabi,5895.83
F2523,Barley,288.43,Manual,6.52,3.23,2604.7,Loamy,Zaid,92200.8
F2524,Potato,205.23,Rain-fed,4.25,3.18,3580.2,Sandy,Zaid,71377.58
F2525,Carrot,489.15,Drip,23.47,7.45,6389.79,Clay,Zaid,102595.75
F2526,Barley,258.7,Rain-fed,4.5,3.92,2871.18,Sandy,Kharif,111429.38
F2527,Cotton,280.61,Sprinkler,10.74,3.54,1577.94,Clay,Rabi,46508.25
F2528,Potato,359.06,Manual,4.2,3.29,4503.66,Peaty,Kharif,36027.72
F2529,Soybean,247.42,Sprinkler,4.43,3.56,3082.72,Clay,Rabi,119000.13
F2530,Sugarcane,120.04,Manual,2.83,2.33,2492.3,Silty,Rabi,30804.64
F2531,Tomato,273.27,Manual,11.42,4.78,6102.48,Sandy,Zaid,131986.43
F2532,Maize,472.69,Rain-fed,19.66,3.13,3661.64,Clay,Zaid,99819.56
F2533,Tomato,210.86,Sprinkler,10.14,1.13,3261.18,Loamy,Kharif,26437.06
F2534,Potato,343.02,Sprinkler,16.01,4.28,6543.55,Peaty,Rabi,140299.53
F2535,Soybean,489.24,Drip,6.49,8.14,5642.23,Loamy,Zaid,212489.13
F2536,Sugarcane,416.66,Sprinkler,18.0,4.05,9092.87,Loamy,Zaid,123679.74
F2537,Soybean,332.93,Drip,9.34,5.17,1850.61,Loamy,Zaid,43127.37
F2538,Carrot,370.64,Flood,16.54,7.03,5938.82,Peaty,Zaid,134042.68
F2539,Sugarcane,468.88,Flood,6.36,5.57,8927.45,Peaty,Kharif,81048.91
F2540,Carrot,480.28,Flood,20.61,4.16,8463.64,Peaty,Kharif,211203.74
F2541,Barley,484.79,Sprinkler,7.94,9.1,3295.13,Peaty,Zaid,101617.39
F2542,Potato,316.56,Sprinkler,7.39,3.83,6173.71,Loamy,Zaid,138997.9
F2543,Barley,198.51,Drip,2.21,2.21,1596.26,Silty,Zaid,53750.17
F2544,Rice,75.25,Manual,1.12,0.78,777.33,Silty,Zaid,25477.6
F2545,Soybean,198.92,Drip,5.54,2.26,2238.85,Peaty,Zaid,82715.3
F2546,Carrot,472.05,Flood,20.17,7.13,5230.33,Sandy,Rabi,54840.53
F2547,Cotton,446.0,Drip,18.26,5.13,4871.39,Clay,Rabi,191096.26
F2548,Barley,266.59,Manual,5.18,2.63,1507.56,Sandy,Rabi,41444.38
F2549,Rice,273.13,Sprinkler,4.39,4.41,2307.28,Sandy,Rabi,66471.79
F2550,Wheat,161.37,Drip,4.13,1.3,1444.7,Sandy,Zaid,46654.35
F2551,Tomato,232.71,Flood,10.55,1.87,5129.36,Silty,Rabi,106620.37
F2552,Sugarcane,360.08,Flood,4.92,5.56,6388.69,Clay,Rabi,39240.14
F2553,Rice,207.19,Sprinkler,6.57,3.73,2105.76,Sandy,Kharif,67063.82
F2554,Potato,102.11,Drip,1.38,0.88,1817.88,Peaty,Rabi,36454.94
F2555,Barley,275.02,Manual,7.92,2.16,1991.02,Silty,Rabi,62328.86
F2556,Potato,120.42,Sprinkler,1.81,1.81,1797.71,Peaty,Zaid,26033.1
F2557,Tomato,487.4,Drip,6.44,6.98,9049.34,Peaty,Rabi,144362.13
F2558,Cotton,201.27,Rain-fed,3.55,2.36,1107.52,Sandy,Rabi,35189.48
F2559,Soybean,455.74,Flood,9.21,2.93,3908.99,Peaty,Zaid,130909.01
F2560,Soybean,120.52,Manual,2.54,0.77,1317.24,Clay,Rabi,48932.93
F2561,Potato,102.71,Manual,3.68,1.71,1997.72,Peaty,Zaid,45004.29
F2562,Carrot,312.28,Manual,3.81,3.68,4235.65,Sandy,Rabi,79339.67
F2563,Cotton,391.9,Flood,5.19,7.0,3527.32,Peaty,Kharif,135956.74
F2564,Soybean,287.71,Drip,5.05,3.92,1406.83,Silty,Kharif,28773.82
F2565,Cotton,122.6,Sprinkler,5.5,1.75,1078.76,Silty,Rabi,39249.25
F2566,Rice,28.57,Drip,1.0,0.54,388.99,Silty,Kharif,14001.14
F2567,Cotton,312.96,Sprinkler,12.27,2.34,2146.74,Loamy,Zaid,70386.93
F2568,Maize,74.21,Manual,1.84,0.98,758.21,Silty,Rabi,25075.74
F2569,Tomato,178.16,Drip,3.3,1.05,3705.45,Silty,Zaid,72137.94
F2570,Soybean,341.13,Manual,3.93,3.54,3289.38,Loamy,Kharif,117204.68
F2571,Cotton,58.03,Rain-fed,1.71,0.42,435.97,Silty,Zaid,15517.62
F2572,Potato,72.35,Manual,2.39,0.57,1003.61,Sandy,Kharif,11651.06
F2573,Wheat,40.22,Manual,1.85,0.76,362.33,Silty,Kharif,11481.01
F2574,Maize,498.08,Sprinkler,22.55,7.05,4008.57,Silty,Kharif,108538.18
F2575,Maize,199.67,Rain-fed,5.39,3.67,2195.97,Loamy,Zaid,75547.86
F2576,Carrot,453.84,Manual,12.23,5.29,6410.89,Sandy,Kharif,125606.97
F2577,Cotton,153.86,Manual,2.53,2.15,1672.23,Peaty,Rabi,67689.66
F2578,Carrot,379.07,Rain-fed,7.69,2.08,4595.27,Clay,Kharif,67219.96
F2579,Carrot,117.34,Rain-fed,5.52,1.41,1652.4,Sandy,Rabi,31340.82
F2580,Wheat,254.18,Drip,3.98,3.42,2446.42,Peaty,Rabi,82100.36
F2581,Rice,414.06,Sprinkler,20.18,2.17,2849.72,Sandy,Rabi,62277.31
F2582,Cotton,410.0,Rain-fed,12.38,6.91,3630.28,Peaty,Rabi,137418.54
F2583,Barley,399.2,Rain-fed,11.28,3.76,2776.5,Peaty,Zaid,86373.8
F2584,Soybean,413.63,Flood,7.03,4.88,2728.64,Sandy,Rabi,79340.36
F2585,Carrot,113.62,Rain-fed,4.14,1.48,1349.58,Loamy,Kharif,17811.78
F2586,Tomato,246.29,Sprinkler,6.99,4.9,4301.77,Sandy,Rabi,59097.0
F2587,Sugarcane,247.59,Manual,6.15,1.61,6194.88,Sandy,Kharif,116760.3
F2588,Tomato,446.35,Manual,9.19,5.95,6616.06,Peaty,Zaid,50170.36
F2589,Wheat,155.48,Manual,1.97,2.01,1840.79,Clay,Rabi,68543.97
F2590,Wheat,466.43,Manual,14.35,2.81,3907.3,Peaty,Kharif,120780.19
F2591,Potato,230.89,Flood,5.2,3.35,3957.32,Silty,Zaid,74956.25
F2592,Rice,338.2,Rain-fed,12.96,3.15,3297.78,Sandy,Zaid,103191.91
F2593,Soybean,141.75,Manual,5.52,0.93,1744.66,Sandy,Kharif,66665.75
F2594,Carrot,211.05,Drip,4.91,1.62,3576.02,Loamy,Rabi,86117.71
F2595,Tomato,357.8,Manual,13.15,6.21,8075.83,Peaty,Zaid,176729.16
F2596,Sugarcane,261.25,Rain-fed,5.32,1.71,6266.91,Loamy,Kharif,109141.3
F2597,Wheat,466.05,Manual,18.22,5.59,3525.08,Sandy,Rabi,101763.86
F2598,Wheat,371.19,Flood,3.95,2.94,4734.33,Peaty,Zaid,180084.72
F2599,Rice,286.56,Sprinkler,4.6,2.13,3875.61,Peaty,Kharif,141394.98
F2600,Sugarcane,444.47,Sprinkler,8.8,3.59,8297.73,Silty,Zaid,66331.31
F2601,Sugarcane,336.12,Rain-fed,13.75,4.17,8385.76,Silty,Zaid,154756.8
F2602,Rice,327.19,Sprinkler,4.14,2.8,3572.61,Clay,Kharif,119646.04
F2603,Wheat,130.72,Sprinkler,2.29,0.84,1640.14,Silty,Zaid,61282.13
F2604,Soybean,203.48,Drip,4.95,3.46,2490.51,Peaty,Kharif,94881.79
F2605,Cotton,344.82,Rain-fed,3.57,4.52,3846.33,Silty,Rabi,157426.75
F2606,Cotton,446.98,Rain-fed,18.1,3.29,5057.12,Clay,Kharif,202977.26
F2607,Rice,164.62,Sprinkler,5.33,1.99,1097.05,Sandy,Rabi,24208.51
F2608,Sugarcane,115.59,Sprinkler,5.32,0.7,2201.75,Silty,Zaid,18194.27
F2609,Carrot,300.91,Sprinkler,3.38,4.12,3472.83,Peaty,Kharif,44267.55
F2610,Rice,42.93,Flood,0.9,0.43,271.07,Sandy,Kharif,5855.68
F2611,Soybean,360.13,Manual,14.13,2.36,2805.6,Peaty,Kharif,86903.35
F2612,Rice,354.54,Flood,13.12,2.75,3968.86,Sandy,Kharif,132449.46
F2613,Maize,183.93,Rain-fed,3.63,1.87,1512.81,Peaty,Rabi,44489.26
F2614,Tomato,447.41,Drip,15.13,7.65,9208.52,Silty,Rabi,173649.62
F2615,Sugarcane,256.07,Manual,10.69,1.95,6233.6,Silty,Zaid,109626.43
F2616,Potato,326.42,Drip,3.7,2.17,5852.95,Clay,Zaid,119630.09
F2617,Potato,112.69,Rain-fed,4.36,1.44,1843.92,Sandy,Zaid,32235.05
F2618,Sugarcane,214.5,Rain-fed,4.31,2.87,4267.34,Clay,Zaid,46804.69
F2619,Soybean,432.58,Drip,20.73,2.75,2668.82,Loamy,Kharif,64784.45
F2620,Maize,114.34,Drip,3.61,1.06,1094.65,Silty,Rabi,34011.77
F2621,Maize,201.38,Drip,2.28,1.8,2243.52,Sandy,Rabi,78103.7
F2622,Wheat,165.86,Rain-fed,4.34,1.29,1577.58,Clay,Rabi,52957.85
F2623,Tomato,84.04,Sprinkler,4.09,0.82,1737.35,Clay,Rabi,32658.89
F2624,Cotton,151.96,Drip,5.96,0.84,1074.19,Loamy,Zaid,35572.41
F2625,Barley,124.06,Manual,2.73,1.83,634.71,Clay,Kharif,15720.49
F2626,Soybean,462.56,Rain-fed,15.27,9.17,5103.61,Peaty,Rabi,188927.98
F2627,Barley,373.13,Flood,12.67,5.41,2431.3,Silty,Kharif,70107.0
F2628,Barley,164.89,Flood,1.8,1.72,1562.58,Clay,Kharif,57136.62
F2629,Sugarcane,384.04,Manual,6.59,5.77,9207.85,Clay,Kharif,161954.6
F2630,Potato,20.85,Sprinkler,0.67,0.28,290.19,Loamy,Kharif,3244.96
F2631,Potato,268.0,Drip,7.0,4.74,4696.31,Peaty,Rabi,90957.65
F2632,Cotton,132.66,Rain-fed,2.34,1.9,1267.32,Clay,Rabi,49848.44
F2633,Sugarcane,66.02,Drip,2.7,0.96,1574.92,Silty,Rabi,26315.52
F2634,Barley,443.04,Rain-fed,13.1,3.69,2588.62,Silty,Zaid,70473.15
F2635,Carrot,107.68,Flood,2.41,1.21,1857.04,Clay,Rabi,46306.05
F2636,Potato,412.97,Drip,6.8,4.2,5535.65,Peaty,Zaid,56849.44
F2637,Soybean,212.48,Manual,7.32,1.1,1930.74,Silty,Zaid,65408.16
F2638,Soybean,17.0,Sprinkler,0.62,0.16,145.57,Silty,Zaid,4715.89
F2639,Wheat,368.94,Manual,13.57,4.53,2586.84,Peaty,Rabi,69621.56
F2640,Rice,302.22,Sprinkler,5.69,4.23,2443.1,Peaty,Rabi,66720.98
F2641,Carrot,178.64,Drip,6.04,3.4,2159.62,Clay,Rabi,29614.62
F2642,Potato,147.96,Drip,6.84,1.27,2402.8,Sandy,Zaid,39991.51
F2643,Maize,46.11,Sprinkler,1.11,0.34,268.59,Loamy,Zaid,5265.82
F2644,Potato,471.3,Flood,8.69,8.5,9263.2,Sandy,Kharif,214707.64
F2645,Wheat,252.05,Rain-fed,10.31,4.82,1625.14,Sandy,Zaid,41688.22
F2646,Soybean,51.91,Manual,0.89,0.64,615.5,Silty,Zaid,23586.92
F2647,Barley,435.65,Manual,8.78,2.93,5022.92,Peaty,Rabi,194053.36
F2648,Maize,146.63,Manual,2.06,1.8,1316.54,Silty,Kharif,41154.28
F2649,Sugarcane,109.77,Drip,2.27,0.73,2386.03,Loamy,Kharif,32829.74
F2650,Tomato,147.66,Manual,3.9,2.69,2513.44,Clay,Kharif,32598.08
F2651,Barley,286.64,Rain-fed,3.6,4.48,3591.22,Loamy,Rabi,142961.66
F2652,Tomato,46.29,Rain-fed,2.08,0.4,933.59,Silty,Kharif,17048.16
F2653,Carrot,246.06,Sprinkler,7.52,4.5,4521.11,Silty,Kharif,118287.2
F2654,Rice,448.91,Drip,15.05,6.54,4104.36,Silty,Rabi,119374.72
F2655,Maize,102.2,Rain-fed,2.54,1.97,1275.0,Silty,Kharif,46319.57
F2656,Cotton,172.28,Flood,6.34,3.4,1335.38,Sandy,Zaid,48117.44
F2657,Maize,204.1,Drip,5.57,1.03,2544.65,Clay,Zaid,91177.8
F2658,Potato,297.25,Drip,12.02,2.02,4114.1,Sandy,Zaid,45291.89
F2659,Soybean,460.43,Rain-fed,19.73,6.08,4626.48,Silty,Zaid,163335.38
F2660,Potato,203.32,Flood,7.5,3.93,3691.68,Peaty,Zaid,75531.16
F2661,Potato,43.88,Sprinkler,1.3,0.87,785.4,Sandy,Zaid,15906.88
F2662,Carrot,180.5,Rain-fed,7.45,2.44,2583.98,Silty,Zaid,50324.26
F2663,Barley,103.14,Flood,3.07,0.78,1051.7,Silty,Zaid,38530.33
F2664,Cotton,329.37,Drip,4.76,2.45,1989.08,Clay,Zaid,64485.69
F2665,Cotton,24.34,Flood,0.36,0.4,216.48,Loamy,Rabi,8234.65
F2666,Potato,153.05,Drip,7.34,2.12,2647.05,Sandy,Rabi,49233.87
F2667,Tomato,277.14,Rain-fed,5.14,3.67,4718.32,Sandy,Zaid,63002.71
F2668,Carrot,145.89,Rain-fed,6.22,1.75,2470.86,Sandy,Rabi,60041.92
F2669,Potato,279.99,Manual,5.56,4.45,3712.16,Silty,Rabi,37056.04
F2670,Rice,66.21,Manual,1.8,1.18,461.2,Clay,Zaid,11161.25
F2671,Soybean,471.97,Manual,17.08,4.5,4106.25,Silty,Zaid,136145.83
F2672,Barley,152.54,Rain-fed,2.49,1.27,1787.79,Silty,Rabi,69666.19
F2673,Sugarcane,462.27,Sprinkler,18.25,6.96,10355.8,Peaty,Zaid,152578.74
F2674,Rice,169.66,Rain-fed,6.38,3.18,2102.27,Clay,Zaid,74111.75
F2675,Tomato,393.1,Flood,12.47,4.02,7387.83,Sandy,Zaid,120693.18
F2676,Maize,130.63,Rain-fed,4.26,1.19,1539.82,Loamy,Zaid,54105.39
F2677,Maize,338.19,Rain-fed,4.81,2.84,2670.0,Sandy,Rabi,77890.82
F2678,Rice,168.62,Drip,4.63,1.49,2074.74,Silty,Kharif,71842.12
F2679,Potato,259.49,Drip,3.49,1.82,4115.51,Clay,Rabi,67641.88
F2680,Sugarcane,340.17,Drip,7.59,4.75,7537.23,Clay,Kharif,110055.69
F2681,Wheat,298.55,Rain-fed,13.74,2.75,1993.59,Clay,Kharif,50859.18
F2682,Wheat,292.38,Sprinkler,9.64,4.16,3694.09,Peaty,Kharif,136883.31
F2683,Tomato,42.18,Flood,1.68,0.26,859.31,Sandy,Rabi,16054.39
F2684,Potato,132.05,Flood,4.35,0.89,2592.66,Peaty,Rabi,58568.67
F2685,Cotton,290.2,Sprinkler,5.16,3.78,1702.3,Loamy,Rabi,53148.96
F2686,Cotton,18.98,Sprinkler,0.64,0.24,92.1,Silty,Rabi,2411.28
F2687,Barley,132.82,Flood,5.34,1.2,997.74,Peaty,Rabi,31196.24
F2688,Sugarcane,122.3,Manual,1.9,2.13,2650.94,Peaty,Kharif,37506.48
F2689,Sugarcane,132.43,Drip,5.65,1.03,3222.93,Silty,Rabi,55745.92
F2690,Maize,272.45,Drip,8.78,2.84,2386.19,Clay,Kharif,70588.88
F2691,Carrot,295.16,Flood,3.0,3.94,3760.65,Silty,Rabi,61388.48
F2692,Tomato,455.41,Sprinkler,14.02,8.2,8048.29,Sandy,Rabi,113405.06
F2693,Wheat,199.16,Manual,5.14,2.25,2145.23,Silty,Zaid,75966.36
F2694,Tomato,464.02,Flood,10.14,5.09,8037.67,Clay,Kharif,108807.63
F2695,Cotton,329.46,Drip,13.46,4.51,4025.66,Silty,Rabi,161983.2
F2696,Cotton,457.2,Rain-fed,21.02,4.46,2605.34,Peaty,Rabi,77720.79
F2697,Rice,418.4,Sprinkler,16.95,6.54,4979.77,Loamy,Rabi,167878.7
F2698,Barley,346.92,Rain-fed,15.22,3.03,3284.62,Peaty,Zaid,116447.51
F2699,Sugarcane,184.49,Flood,8.55,3.2,3640.68,Loamy,Kharif,35650.89
F2700,Soybean,128.14,Drip,5.96,1.16,1431.84,Silty,Rabi,51442.87
F2701,Tomato,118.97,Manual,1.74,2.37,2148.31,Sandy,Rabi,33195.05
F2702,Cotton,476.57,Rain-fed,13.47,4.65,4592.18,Silty,Rabi,177739.42
F2703,Carrot,479.7,Manual,4.8,8.72,7557.02,Clay,Zaid,175044.35
F2704,Maize,365.17,Drip,11.05,4.0,2371.52,Silty,Rabi,52678.09
F2705,Wheat,443.06,Rain-fed,20.81,3.85,5343.1,Loamy,Kharif,193171.17
F2706,Barley,460.31,Manual,8.27,3.86,4621.65,Peaty,Kharif,171506.19
F2707,Carrot,260.66,Manual,9.28,4.63,4401.59,Sandy,Kharif,107454.14
F2708,Barley,318.24,Rain-fed,11.39,3.07,2644.39,Silty,Kharif,88822.59
F2709,Rice,215.19,Drip,3.53,2.17,1562.62,Silty,Rabi,38309.08
F2710,Soybean,215.06,Manual,4.2,1.71,1589.76,Peaty,Zaid,49568.3
F2711,Cotton,28.83,Flood,0.82,0.56,326.11,Sandy,Zaid,13278.82
F2712,Maize,222.57,Rain-fed,3.9,1.93,2864.14,Silty,Zaid,105768.12
F2713,Carrot,340.01,Sprinkler,11.36,2.96,4989.98,Silty,Rabi,99536.76
F2714,Barley,216.77,Sprinkler,6.37,4.15,1547.3,Loamy,Zaid,47585.24
F2715,Sugarcane,437.48,Drip,13.46,8.1,10343.4,Loamy,Kharif,171546.9
F2716,Rice,172.96,Flood,2.66,1.51,2027.87,Clay,Rabi,70288.77
F2717,Sugarcane,75.01,Manual,2.3,1.35,1812.74,Peaty,Zaid,31970.04
F2718,Maize,407.66,Sprinkler,4.88,3.57,2286.28,Sandy,Kharif,45835.07
F2719,Carrot,340.23,Drip,15.4,2.13,3746.38,Silty,Kharif,35348.17
F2720,Rice,128.49,Flood,3.05,2.22,1096.7,Silty,Rabi,31205.75
F2721,Carrot,272.86,Flood,12.08,4.52,3280.96,Clay,Rabi,43930.27
F2722,Cotton,206.91,Drip,7.88,1.95,2231.73,Silty,Zaid,87313.53
F2723,Potato,470.04,Drip,19.11,2.99,8046.58,Peaty,Zaid,147187.57
F2724,Rice,307.59,Manual,6.95,2.49,3749.29,Clay,Zaid,132307.7
F2725,Sugarcane,87.61,Drip,1.67,1.45,1673.23,Peaty,Rabi,14960.87
F2726,Maize,256.05,Manual,6.73,4.99,2662.83,Clay,Zaid,89846.11
F2727,Soybean,432.65,Manual,4.75,3.84,4055.03,Silty,Zaid,143670.53
F2728,Cotton,339.03,Rain-fed,15.85,5.86,2364.83,Clay,Kharif,80063.18
F2729,Potato,422.8,Flood,10.77,3.56,7130.65,Loamy,Kharif,129729.26
F2730,Soybean,132.7,Flood,6.57,2.02,1288.87,Sandy,Kharif,44534.13
F2731,Wheat,445.29,Flood,18.02,2.78,5535.34,Silty,Zaid,202962.0
F2732,Cotton,380.25,Rain-fed,5.03,5.24,1676.72,Sandy,Rabi,46487.54
F2733,Maize,367.17,Manual,13.37,3.32,4457.83,Silty,Kharif,157643.3
F2734,Barley,179.81,Manual,3.75,3.4,2224.42,Sandy,Rabi,88475.37
F2735,Rice,444.95,Drip,8.79,4.16,5149.95,Loamy,Zaid,174737.29
F2736,Carrot,322.61,Rain-fed,6.54,3.54,5290.14,Sandy,Zaid,127411.16
F2737,Maize,427.4,Drip,19.94,7.53,3168.8,Clay,Kharif,80005.14
F2738,Rice,186.88,Rain-fed,5.61,2.16,1829.49,Sandy,Rabi,57787.54
F2739,Soybean,81.37,Drip,2.99,0.7,871.14,Silty,Kharif,31113.76
F2740,Carrot,172.85,Sprinkler,3.67,2.28,2675.39,Peaty,Zaid,58925.08
F2741,Tomato,233.08,Flood,7.21,4.1,4133.81,Sandy,Rabi,59214.47
F2742,Sugarcane,271.37,Flood,6.51,3.12,6819.11,Sandy,Kharif,129184.79
F2743,Wheat,260.3,Manual,5.95,1.82,2385.27,Sandy,Zaid,79545.23
F2744,Cotton,277.57,Sprinkler,5.52,2.98,3318.53,Silty,Kharif,135438.79
F2745,Maize,422.44,Flood,11.14,8.16,4192.23,Sandy,Rabi,137524.1
F2746,Wheat,93.35,Manual,3.4,0.57,1084.73,Silty,Rabi,38959.78
F2747,Barley,164.87,Sprinkler,3.11,1.83,1753.15,Silty,Rabi,65420.01
F2748,Rice,445.42,Flood,21.66,6.56,4967.02,Peaty,Rabi,162278.98
F2749,Rice,284.62,Drip,4.26,1.76,1644.28,Clay,Rabi,30108.82
F2750,Maize,295.86,Rain-fed,8.64,3.01,1802.56,Silty,Kharif,38749.41
F2751,Potato,244.25,Sprinkler,3.27,4.67,4223.52,Loamy,Kharif,81236.23
F2752,Potato,279.0,Manual,3.04,1.52,5517.21,Sandy,Kharif,129653.68
F2753,Tomato,107.06,Sprinkler,5.02,1.74,2111.8,Loamy,Kharif,36448.97
F2754,Sugarcane,277.96,Manual,11.79,4.9,5438.22,Sandy,Zaid,54035.91
F2755,Carrot,498.61,Sprinkler,18.83,4.57,6664.69,Peaty,Zaid,113727.74
F2756,Barley,287.36,Manual,12.82,2.36,2818.31,Silty,Kharif,100365.64
F2757,Wheat,31.76,Flood,1.34,0.59,318.44,Clay,Zaid,10760.03
F2758,Potato,400.25,Drip,14.36,6.59,8186.53,Silty,Zaid,193034.71
F2759,Tomato,204.27,Flood,8.97,1.37,3886.03,Sandy,Rabi,63658.36
F2760,Tomato,85.3,Drip,2.19,0.7,1498.8,Clay,Kharif,20643.43
F2761,Maize,432.63,Flood,13.89,6.2,4206.88,Silty,Zaid,134115.51
F2762,Barley,107.01,Flood,4.39,1.21,1182.9,Clay,Zaid,44353.67
F2763,Soybean,461.18,Sprinkler,6.18,5.79,4188.57,Sandy,Kharif,145798.73
F2764,Carrot,226.48,Rain-fed,10.04,4.36,3026.99,Peaty,Rabi,52185.82
F2765,Sugarcane,373.97,Manual,6.09,4.23,7582.28,Peaty,Kharif,88050.06
F2766,Cotton,278.03,Manual,12.39,5.07,2879.39,Silty,Rabi,111968.74
F2767,Maize,135.75,Manual,3.05,2.02,808.57,Loamy,Zaid,17182.78
F2768,Carrot,338.83,Drip,7.82,2.31,4364.91,Sandy,Rabi,71122.01
F2769,Cotton,479.38,Manual,6.21,7.75,2530.85,Silty,Rabi,77282.8
F2770,Cotton,387.12,Manual,17.59,4.96,4596.1,Silty,Kharif,184994.14
F2771,Barley,305.97,Sprinkler,5.2,2.56,1640.44,Peaty,Zaid,41623.3
F2772,Barley,495.41,Flood,17.44,4.63,5354.89,Clay,Kharif,199784.8
F2773,Wheat,140.01,Manual,5.01,1.87,1428.02,Sandy,Kharif,49307.38
F2774,Tomato,40.55,Rain-fed,0.86,0.57,794.74,Clay,Zaid,14318.14
F2775,Carrot,25.74,Manual,1.27,0.5,433.9,Sandy,Kharif,10435.98
F2776,Maize,358.24,Drip,4.5,6.38,3102.68,Loamy,Kharif,93211.56
F2777,Rice,416.81,Drip,14.3,3.37,3766.41,Peaty,Rabi,108495.54
F2778,Maize,321.2,Drip,9.37,5.34,2538.52,Loamy,Kharif,69212.76
F2779,Wheat,453.46,Manual,8.99,2.32,4487.1,Silty,Zaid,153769.32
F2780,Sugarcane,352.01,Sprinkler,5.82,2.45,8835.39,Peaty,Kharif,166120.48
F2781,Tomato,191.77,Rain-fed,7.57,1.53,4250.29,Silty,Rabi,90052.86
F2782,Rice,98.82,Manual,4.61,1.38,1132.94,Loamy,Kharif,37667.32
F2783,Potato,463.08,Sprinkler,6.62,3.67,9182.89,Sandy,Kharif,214161.34
F2784,Sugarcane,60.76,Sprinkler,1.08,0.64,1542.69,Silty,Kharif,29494.63
F2785,Barley,276.06,Manual,13.65,2.39,3089.3,Clay,Rabi,115406.47
F2786,Cotton,163.86,Manual,1.74,1.65,1181.01,Sandy,Zaid,43118.05
F2787,Potato,142.99,Sprinkler,4.34,2.74,2362.4,Sandy,Zaid,41938.52
F2788,Maize,326.46,Sprinkler,10.0,6.52,4255.5,Loamy,Rabi,154252.82
F2789,Maize,123.31,Sprinkler,2.53,1.88,1341.38,Loamy,Rabi,45377.04
F2790,Barley,459.02,Manual,16.76,6.24,5180.93,Peaty,Kharif,196587.51
F2791,Wheat,208.96,Sprinkler,9.99,3.27,1315.29,Peaty,Zaid,30601.5
F2792,Carrot,341.91,Drip,9.58,5.67,4200.6,Clay,Rabi,60710.43
F2793,Potato,366.6,Manual,14.66,5.9,5650.93,Sandy,Zaid,87120.14
F2794,Potato,344.64,Drip,12.35,2.15,4936.64,Clay,Kharif,60414.35
F2795,Soybean,452.67,Flood,13.09,4.37,5501.75,Clay,Rabi,209397.02
F2796,Sugarcane,123.25,Manual,1.48,1.25,2377.65,Loamy,Zaid,23018.47
F2797,Tomato,52.17,Flood,2.07,0.55,1002.29,Clay,Zaid,16843.25
F2798,Sugarcane,37.18,Sprinkler,0.91,0.38,683.31,Clay,Kharif,4988.63
F2799,Carrot,440.14,Sprinkler,8.35,7.4,5247.0,Silty,Rabi,71296.55
F2800,Maize,486.91,Rain-fed,23.34,7.89,3673.31,Peaty,Zaid,96878.69
F2801,Maize,158.24,Sprinkler,6.48,0.8,2140.24,Peaty,Kharif,78036.24
F2802,Maize,349.82,Flood,16.96,3.3,4186.0,Sandy,Zaid,146514.3
F2803,Soybean,14.37,Sprinkler,0.29,0.21,147.37,Peaty,Kharif,5307.58
F2804,Maize,102.43,Manual,4.45,0.7,1315.93,Sandy,Zaid,47783.82
F2805,Carrot,347.74,Sprinkler,11.93,2.11,6417.95,Silty,Zaid,167780.95
F2806,Barley,42.28,Rain-fed,2.08,0.74,356.05,Peaty,Kharif,11900.15
F2807,Tomato,239.57,Sprinkler,11.46,2.82,4204.2,Silty,Rabi,55358.81
F2808,Carrot,334.67,Flood,16.37,5.97,4474.6,Peaty,Kharif,75676.68
F2809,Tomato,385.32,Flood,18.52,6.69,5833.1,Peaty,Rabi,44038.8
F2810,Carrot,232.37,Sprinkler,2.39,4.28,2977.67,Silty,Zaid,49228.76
F2811,Maize,318.84,Flood,12.64,1.83,2681.55,Clay,Zaid,77164.94
F2812,Barley,274.39,Flood,5.73,2.14,1352.43,Clay,Kharif,31489.11
F2813,Potato,35.63,Rain-fed,1.36,0.34,704.33,Clay,Kharif,16141.81
F2814,Sugarcane,373.97,Manual,18.41,2.63,9205.57,Clay,Rabi,164228.08
F2815,Cotton,94.46,Rain-fed,1.09,1.16,569.37,Peaty,Rabi,18948.18
F2816,Barley,25.58,Drip,0.84,0.43,287.85,Loamy,Rabi,10771.77
F2817,Potato,231.07,Rain-fed,9.1,4.45,4412.81,Silty,Kharif,96700.23
F2818,Wheat,434.16,Sprinkler,8.74,7.96,3410.84,Loamy,Zaid,101596.22
F2819,Carrot,83.91,Manual,1.59,1.0,1359.54,Loamy,Kharif,31786.04
F2820,Wheat,16.3,Sprinkler,0.2,0.24,119.72,Sandy,Zaid,3519.91
F2821,Potato,63.89,Drip,0.88,0.54,843.15,Clay,Kharif,8184.96
F2822,Barley,188.19,Manual,6.83,2.08,1649.59,Peaty,Kharif,56819.06
F2823,Carrot,294.28,Flood,8.89,5.32,4177.09,Clay,Rabi,81025.51
F2824,Cotton,104.58,Rain-fed,1.17,0.57,532.14,Clay,Zaid,16236.58
F2825,Maize,402.96,Sprinkler,19.66,5.24,3894.93,Loamy,Kharif,119366.05
F2826,Carrot,379.12,Drip,13.74,6.86,6953.23,Sandy,Kharif,181880.82
F2827,Carrot,350.97,Flood,10.75,2.4,5807.06,Clay,Zaid,137777.07
F2828,Barley,248.86,Rain-fed,5.2,4.91,2610.3,Silty,Kharif,98436.39
F2829,Barley,188.96,Flood,6.86,0.98,2049.31,Silty,Zaid,76153.23
F2830,Potato,194.04,Rain-fed,4.77,3.55,3597.21,Clay,Rabi,77198.48
F2831,Rice,256.5,Manual,9.77,2.64,1527.0,Loamy,Rabi,27692.38
F2832,Carrot,47.88,Flood,1.79,0.33,871.73,Loamy,Zaid,22499.65
F2833,Sugarcane,344.33,Flood,4.72,2.53,8349.55,Peaty,Rabi,148769.39
F2834,Carrot,182.24,Flood,8.45,2.83,2360.18,Sandy,Zaid,38239.47
F2835,Potato,120.13,Manual,3.54,2.17,2055.89,Loamy,Kharif,38574.01
F2836,Tomato,146.38,Drip,3.76,2.14,2876.66,Peaty,Kharif,50647.92
F2837,Wheat,98.34,Rain-fed,4.74,1.86,622.96,Silty,Zaid,15024.83
F2838,Maize,451.77,Flood,12.44,7.97,3401.37,Silty,Kharif,91069.88
F2839,Rice,92.83,Manual,3.61,0.48,555.24,Silty,Rabi,10146.16
F2840,Cotton,442.63,Drip,16.03,6.66,4960.21,Clay,Kharif,197229.07
F2841,Cotton,290.4,Rain-fed,4.82,2.78,1217.75,Sandy,Kharif,31932.89
F2842,Cotton,435.05,Manual,21.6,5.14,2985.01,Peaty,Zaid,98964.67
F2843,Barley,242.29,Rain-fed,6.92,1.55,1268.42,Sandy,Rabi,31812.53
F2844,Cotton,464.54,Flood,11.98,4.29,4840.46,Clay,Kharif,191651.94
F2845,Maize,113.63,Drip,5.32,1.65,1488.63,Peaty,Kharif,53405.54
F2846,Wheat,281.8,Manual,8.78,2.33,2726.98,Peaty,Zaid,91620.24
F2847,Cotton,71.66,Drip,2.74,1.05,391.84,Loamy,Zaid,11166.69
F2848,Carrot,229.14,Flood,10.05,4.32,3487.38,Sandy,Rabi,74072.13
F2849,Carrot,289.25,Drip,5.62,1.47,4863.17,Sandy,Kharif,118054.63
F2850,Barley,306.78,Drip,5.15,5.15,3197.02,Loamy,Zaid,118836.62
F2851,Maize,189.11,Sprinkler,2.41,2.76,2144.84,Silty,Zaid,75017.24
F2852,Wheat,47.4,Drip,2.18,0.27,360.91,Clay,Zaid,10034.08
F2853,Rice,331.11,Rain-fed,5.96,5.58,2014.29,Sandy,Rabi,42877.06
F2854,Potato,249.33,Manual,5.56,2.09,3449.52,Loamy,Zaid,39789.7
F2855,Wheat,77.07,Sprinkler,1.65,0.69,990.25,Peaty,Rabi,37163.66
F2856,Potato,468.58,Manual,10.39,3.0,8240.61,Loamy,Rabi,161849.89
F2857,Tomato,478.28,Manual,17.56,6.23,9837.18,Silty,Kharif,187083.01
F2858,Potato,429.74,Flood,20.7,5.36,8607.81,Clay,Kharif,197518.26
F2859,Sugarcane,423.5,Flood,9.82,4.32,10382.77,Silty,Rabi,186804.62
F2860,Carrot,58.35,Sprinkler,1.53,0.44,728.49,Peaty,Kharif,10932.3
F2861,Maize,496.78,Flood,20.29,8.73,3004.77,Peaty,Kharif,61214.72
F2862,Soybean,206.19,Flood,5.63,3.74,2526.8,Peaty,Zaid,96918.24
F2863,Barley,89.93,Flood,4.23,1.18,1142.13,Peaty,Kharif,44305.25
F2864,Sugarcane,407.93,Manual,12.29,3.53,9086.15,Loamy,Rabi,133367.64
F2865,Potato,120.61,Sprinkler,2.88,0.78,2391.56,Peaty,Kharif,54920.19
F2866,Cotton,267.83,Manual,13.09,4.83,1644.81,Peaty,Zaid,51617.13
F2867,Maize,72.73,Rain-fed,1.97,0.47,464.38,Loamy,Rabi,10503.03
F2868,Sugarcane,242.58,Manual,4.67,1.26,5241.33,Peaty,Kharif,72755.16
F2869,Barley,283.49,Rain-fed,4.85,3.41,3138.29,Silty,Rabi,120333.67
F2870,Carrot,228.5,Drip,11.38,3.65,3696.67,Silty,Kharif,82686.33
F2871,Maize,44.05,Drip,1.77,0.52,470.17,Sandy,Zaid,15634.06
F2872,Barley,247.62,Rain-fed,6.52,1.43,1189.35,Silty,Kharif,26491.28
F2873,Tomato,239.78,Rain-fed,10.32,3.68,4143.03,Clay,Rabi,54429.83
F2874,Tomato,138.19,Manual,4.4,2.02,3066.11,Clay,Rabi,65752.44
F2875,Barley,461.58,Rain-fed,10.48,7.03,2607.99,Clay,Rabi,70949.93
F2876,Sugarcane,214.72,Sprinkler,8.53,1.75,5087.6,Loamy,Kharif,83857.43
F2877,Maize,433.42,Drip,17.27,7.34,5085.01,Silty,Kharif,174980.94
F2878,Sugarcane,63.74,Drip,1.91,0.78,1505.18,Clay,Kharif,25056.46
F2879,Rice,166.25,Rain-fed,1.96,2.17,2217.71,Sandy,Zaid,82412.38
F2880,Potato,96.4,Flood,1.26,1.27,1529.78,Loamy,Zaid,25419.63
F2881,Rice,210.12,Flood,8.73,1.95,2351.69,Sandy,Zaid,78349.47
F2882,Tomato,64.7,Rain-fed,2.78,0.57,1057.65,Silty,Rabi,11482.15
F2883,Carrot,226.11,Sprinkler,8.4,1.15,3174.43,Peaty,Rabi,58761.6
F2884,Wheat,183.4,Flood,7.99,2.01,1688.74,Sandy,Rabi,54399.9
F2885,Potato,119.42,Rain-fed,4.63,1.47,1725.92,Peaty,Rabi,22204.7
F2886,Tomato,324.67,Sprinkler,14.89,5.24,7198.89,Loamy,Rabi,150231.73
F2887,Sugarcane,475.95,Sprinkler,7.62,2.86,11103.7,Sandy,Kharif,183943.44
F2888,Sugarcane,111.49,Manual,2.84,2.1,2211.6,Sandy,Rabi,23802.52
F2889,Sugarcane,358.78,Sprinkler,10.25,3.21,6770.59,Loamy,Kharif,55245.49
F2890,Carrot,373.77,Flood,8.19,3.92,4850.25,Loamy,Zaid,80414.74
F2891,Rice,254.08,Flood,9.91,1.45,2731.05,Clay,Zaid,88722.92
F2892,Wheat,449.86,Rain-fed,20.92,6.66,5348.29,Silty,Zaid,193692.2
F2893,Sugarcane,483.53,Rain-fed,12.81,7.56,10425.14,Sandy,Zaid,145672.12
F2894,Soybean,187.5,Sprinkler,8.94,3.55,1090.21,Sandy,Zaid,26437.21
F2895,Potato,329.01,Drip,10.09,3.31,4879.07,Loamy,Rabi,65711.1
F2896,Maize,334.48,Manual,10.34,2.96,2776.81,Loamy,Rabi,79626.49
F2897,Soybean,207.78,Drip,7.07,3.3,2101.39,Silty,Rabi,73649.06
F2898,Wheat,165.23,Sprinkler,3.43,2.58,1183.39,Loamy,Zaid,32823.68
F2899,Carrot,467.53,Sprinkler,11.84,8.91,5866.13,Peaty,Zaid,90501.32
F2900,Wheat,397.09,Drip,12.76,3.21,3014.88,Peaty,Kharif,85168.37
F2901,Maize,66.09,Manual,3.15,1.03,684.33,Peaty,Rabi,22272.3
F2902,Potato,68.74,Drip,2.45,0.41,1152.05,Peaty,Zaid,20420.31
F2903,Maize,462.05,Rain-fed,10.78,5.64,5606.04,Silty,Zaid,201754.39
F2904,Barley,49.89,Flood,0.52,0.34,502.72,Sandy,Zaid,18917.23
F2905,Potato,347.33,Rain-fed,17.11,5.14,6298.53,Peaty,Kharif,127374.6
F2906,Wheat,121.11,Flood,3.6,1.7,782.73,Loamy,Zaid,19603.12
F2907,Sugarcane,27.24,Sprinkler,1.3,0.16,500.0,Peaty,Kharif,3325.86
F2908,Wheat,39.22,Manual,1.25,0.38,364.63,Silty,Kharif,11923.59
F2909,Wheat,193.03,Drip,6.61,2.11,1145.44,Loamy,Rabi,24834.06
F2910,Potato,48.02,Manual,1.85,0.42,751.19,Peaty,Zaid,11793.65
F2911,Barley,302.35,Drip,6.91,1.69,1476.96,Sandy,Kharif,33393.38
F2912,Wheat,327.15,Rain-fed,12.42,3.2,2178.46,Loamy,Zaid,55853.03
F2913,Soybean,193.0,Rain-fed,6.0,3.26,1115.7,Loamy,Rabi,27820.34
F2914,Tomato,374.01,Drip,13.8,3.89,7925.98,Sandy,Rabi,157231.67
F2915,Cotton,250.12,Manual,10.86,2.46,1775.09,Loamy,Kharif,59641.43
F2916,Cotton,220.81,Drip,3.84,4.22,1058.21,Peaty,Rabi,29045.3
F2917,Wheat,209.42,Sprinkler,7.23,1.18,1567.18,Loamy,Rabi,43181.6
F2918,Soybean,221.24,Rain-fed,2.67,3.65,2249.95,Peaty,Rabi,82550.6
F2919,Sugarcane,484.26,Sprinkler,6.82,5.93,11385.56,Sandy,Zaid,192860.51
F2920,Carrot,343.89,Rain-fed,12.72,6.59,3991.62,Clay,Zaid,50877.09
F2921,Carrot,164.45,Rain-fed,2.11,1.79,2744.48,Sandy,Kharif,67660.26
F2922,Potato,369.59,Flood,12.5,5.77,5801.89,Peaty,Kharif,91741.32
F2923,Cotton,171.83,Sprinkler,3.23,1.04,1657.71,Silty,Rabi,63878.71
F2924,Wheat,71.6,Sprinkler,1.59,1.36,751.27,Sandy,Rabi,26392.1
F2925,Carrot,242.93,Flood,3.69,2.47,4122.4,Silty,Kharif,101406.56
F2926,Wheat,378.0,Manual,7.54,4.86,4044.03,Silty,Rabi,143214.68
F2927,Potato,195.05,Sprinkler,8.36,1.38,2571.3,Peaty,Kharif,22537.9
F2928,Cotton,435.9,Drip,15.5,8.36,3675.79,Peaty,Zaid,134165.29
F2929,Maize,199.61,Flood,9.58,3.01,1390.88,Clay,Rabi,33229.04
F2930,Tomato,181.42,Sprinkler,2.17,1.05,4070.71,Loamy,Rabi,88530.93
F2931,Tomato,499.14,Manual,20.81,3.66,8374.69,Sandy,Rabi,100992.8
F2932,Carrot,246.41,Sprinkler,9.35,2.71,3489.57,Peaty,Zaid,66048.81
F2933,Tomato,404.56,Rain-fed,8.27,3.34,6506.25,Sandy,Zaid,72286.84
F2934,Maize,404.44,Drip,15.84,3.87,2734.58,Silty,Rabi,62217.93
F2935,Wheat,463.92,Flood,17.94,9.26,4688.78,Loamy,Kharif,157905.64
F2936,Potato,51.6,Rain-fed,1.46,0.77,853.33,Clay,Zaid,15338.8
F2937,Maize,142.9,Manual,5.37,2.69,1209.08,Sandy,Rabi,35705.03
F2938,Potato,386.2,Rain-fed,10.73,4.46,5163.84,Loamy,Rabi,51815.07
F2939,Potato,285.67,Rain-fed,6.69,4.47,5267.3,Clay,Zaid,112665.47
F2940,Cotton,284.21,Manual,8.15,3.38,1179.6,Sandy,Kharif,29086.9
F2941,Wheat,91.45,Rain-fed,4.19,0.91,822.82,Loamy,Rabi,25884.99
F2942,Soybean,147.76,Flood,3.75,1.89,1468.09,Peaty,Kharif,52165.29
F2943,Tomato,265.45,Sprinkler,6.94,3.03,4807.54,Sandy,Kharif,72278.88
F2944,Soybean,145.82,Rain-fed,5.01,2.87,859.64,Loamy,Zaid,21943.35
F2945,Cotton,113.04,Flood,4.54,1.41,1187.99,Clay,Rabi,46492.76
F2946,Potato,53.0,Sprinkler,2.09,0.91,819.13,Loamy,Rabi,12167.72
F2947,Carrot,86.31,Sprinkler,0.93,1.29,1007.13,Peaty,Kharif,13282.65
F2948,Tomato,386.75,Rain-fed,14.5,4.72,7361.89,Sandy,Zaid,123799.59
F2949,Tomato,362.2,Flood,10.15,4.39,5350.16,Sandy,Zaid,38997.77
F2950,Wheat,32.46,Rain-fed,1.01,0.33,249.28,Sandy,Zaid,7453.3
F2951,Barley,109.61,Manual,3.56,0.72,1174.47,Peaty,Kharif,43871.84
F2952,Rice,284.62,Sprinkler,11.18,4.67,3727.59,Clay,Kharif,132373.81
F2953,Rice,168.09,Rain-fed,7.27,3.16,1752.07,Sandy,Rabi,56593.59
F2954,Rice,413.39,Sprinkler,14.82,3.42,3105.77,Clay,Zaid,77322.81
F2955,Barley,394.64,Flood,12.85,7.45,2570.64,Loamy,Kharif,74193.24
F2956,Wheat,446.87,Drip,11.15,3.79,4484.44,Clay,Zaid,152629.38
F2957,Barley,285.84,Rain-fed,4.43,3.7,2220.77,Clay,Kharif,75090.54
F2958,Rice,182.52,Rain-fed,8.82,1.85,1309.45,Sandy,Rabi,31193.28
F2959,Cotton,306.97,Sprinkler,8.74,2.06,3240.64,Silty,Zaid,127380.61
F2960,Maize,53.68,Flood,1.75,0.31,385.17,Silty,Kharif,9667.07
F2961,Potato,14.7,Manual,0.59,0.15,225.04,Peaty,Zaid,3360.6
F2962,Barley,18.38,Flood,0.23,0.1,93.46,Peaty,Kharif,2289.11
F2963,Wheat,209.7,Rain-fed,9.27,1.38,2288.81,Silty,Kharif,79799.59
F2964,Wheat,121.76,Manual,5.1,0.87,916.33,Loamy,Kharif,25582.72
F2965,Soybean,87.1,Flood,3.57,0.44,592.74,Sandy,Zaid,16822.21
F2966,Maize,311.51,Drip,3.39,2.27,2430.4,Sandy,Kharif,68950.6
F2967,Carrot,497.6,Sprinkler,15.46,6.8,8857.49,Loamy,Rabi,223745.4
F2968,Tomato,97.1,Flood,1.18,1.68,1817.66,Loamy,Zaid,29829.56
F2969,Rice,277.75,Flood,8.9,2.19,1954.13,Silty,Rabi,45315.42
F2970,Carrot,68.67,Drip,2.66,0.43,1171.94,Peaty,Rabi,28139.0
F2971,Soybean,467.78,Rain-fed,6.96,7.46,2997.88,Loamy,Zaid,85781.34
F2972,Rice,152.96,Sprinkler,5.78,0.78,1397.57,Peaty,Kharif,40532.95
F2973,Maize,440.39,Flood,12.32,7.05,4412.86,Clay,Rabi,144107.82
F2974,Soybean,148.71,Manual,6.31,1.04,1425.26,Sandy,Zaid,49635.15
F2975,Rice,404.97,Flood,12.69,3.41,2554.42,Silty,Kharif,51678.83
F2976,Maize,112.6,Sprinkler,2.64,0.77,1365.98,Sandy,Zaid,48948.31
F2977,Sugarcane,153.47,Flood,3.57,1.34,3300.39,Silty,Zaid,44777.37
F2978,Carrot,104.31,Drip,4.79,1.77,1956.95,Clay,Zaid,51708.37
F2979,Carrot,139.49,Flood,3.92,0.97,2286.68,Sandy,Kharif,53978.39
F2980,Tomato,419.08,Flood,10.99,8.35,9467.39,Clay,Rabi,208296.41
F2981,Maize,323.13,Manual,3.75,3.2,2905.17,Silty,Rabi,90924.44
F2982,Barley,208.88,Drip,5.13,3.93,1223.28,Loamy,Zaid,32650.73
F2983,Sugarcane,486.05,Drip,21.38,3.82,11488.56,Sandy,Zaid,190006.65
F2984,Cotton,237.78,Flood,9.62,1.86,2499.6,Clay,Kharif,97753.22
F2985,Rice,485.18,Manual,9.14,6.54,5978.87,Sandy,Zaid,214030.5
F2986,Sugarcane,106.33,Flood,2.82,0.61,2130.43,Sandy,Zaid,23453.7
F2987,Maize,453.27,Flood,8.1,7.71,4264.09,Sandy,Zaid,137918.95
F2988,Potato,16.77,Sprinkler,0.81,0.19,331.61,Peaty,Rabi,7430.42
F2989,Rice,277.2,Sprinkler,9.4,4.29,3507.34,Clay,Zaid,123601.32
F2990,Wheat,217.3,Manual,8.73,1.66,1187.3,Clay,Rabi,23961.96
F2991,Carrot,267.29,Rain-fed,10.3,3.91,4282.53,Sandy,Kharif,98461.86
F2992,Maize,281.19,Sprinkler,12.64,3.91,2958.48,Loamy,Kharif,95793.69
F2993,Wheat,200.63,Rain-fed,9.62,3.28,1183.99,Sandy,Rabi,26750.41
F2994,Tomato,499.12,Drip,5.64,4.72,11022.04,Peaty,Rabi,235610.37
F2995,Soybean,488.49,Sprinkler,23.94,9.28,4239.14,Silty,Rabi,135872.55
F2996,Cotton,481.26,Sprinkler,21.57,9.35,4694.34,Peaty,Rabi,177921.54
F2997,Cotton,489.75,Manual,12.4,8.83,5485.64,Loamy,Zaid,221915.85
F2998,Wheat,398.58,Rain-fed,17.33,5.41,2490.34,Sandy,Rabi,60602.87
F2999,Carrot,494.41,Sprinkler,19.51,5.59,8735.49,Clay,Rabi,218695.67
F3000,Tomato,447.26,Sprinkler,18.66,2.63,9218.24,Sandy,Rabi,174305.81
F3001,Potato,213.81,Manual,4.03,4.11,4126.42,Loamy,Zaid,93184.98
F3002,Carrot,394.54,Manual,14.18,7.61,5767.55,Clay,Zaid,117547.22
F3003,Sugarcane,456.91,Rain-fed,5.04,2.41,8119.5,Peaty,Zaid,51811.19
F3004,Cotton,359.18,Drip,15.78,3.72,3510.78,Silty,Kharif,132251.24
F3005,Sugarcane,217.16,Drip,10.43,3.95,4537.84,Silty,Zaid,54250.22
F3006,Rice,42.24,Flood,1.54,0.26,378.13,Sandy,Rabi,11022.49
F3007,Barley,406.75,Sprinkler,12.41,3.23,3368.03,Peaty,Zaid,112468.77
F3008,Maize,476.84,Rain-fed,18.61,9.38,4514.03,Loamy,Zaid,141700.8
F3009,Tomato,187.61,Sprinkler,4.33,3.32,3753.41,Silty,Rabi,68434.1
F3010,Carrot,84.43,Rain-fed,2.96,1.58,1390.51,Peaty,Zaid,32989.22
F3011,Cotton,169.99,Rain-fed,6.59,1.21,1766.74,Sandy,Kharif,69819.89
F3012,Sugarcane,295.48,Rain-fed,4.64,2.41,6761.88,Clay,Zaid,108928.31
F3013,Soybean,165.3,Sprinkler,2.58,2.33,1851.37,Sandy,Kharif,69654.04
F3014,Rice,309.2,Manual,11.95,3.87,2058.92,Sandy,Kharif,46027.89
F3015,Maize,483.76,Sprinkler,13.19,4.58,5918.43,Peaty,Kharif,210302.52
F3016,Maize,338.66,Rain-fed,15.43,6.18,2942.28,Silty,Rabi,86328.35
F3017,Carrot,187.7,Flood,4.22,3.48,2786.35,Peaty,Zaid,58471.52
F3018,Tomato,468.52,Drip,5.48,4.39,8473.49,Clay,Kharif,128145.44
F3019,Potato,287.16,Rain-fed,10.34,2.11,4744.39,Peaty,Kharif,83359.15
F3020,Soybean,72.9,Flood,2.72,0.53,531.51,Loamy,Zaid,15613.6
F3021,Carrot,254.5,Manual,8.18,3.12,3054.0,Sandy,Rabi,42751.12
F3022,Sugarcane,330.28,Rain-fed,12.33,2.31,6142.2,Silty,Rabi,46886.12
F3023,Barley,420.74,Flood,13.02,5.09,3497.44,Clay,Kharif,118043.92
F3024,Wheat,468.87,Rain-fed,17.68,5.59,2891.99,Sandy,Rabi,70379.99
F3025,Potato,165.53,Sprinkler,1.95,3.02,2405.07,Peaty,Zaid,32774.95
F3026,Tomato,86.2,Flood,2.13,0.81,1361.85,Loamy,Rabi,13227.24
F3027,Rice,46.18,Sprinkler,0.85,0.62,300.62,Peaty,Zaid,6633.12
F3028,Potato,371.79,Sprinkler,5.2,6.01,7292.0,Sandy,Kharif,168416.79
F3029,Cotton,399.63,Flood,7.74,5.57,3786.59,Clay,Zaid,147706.49
F3030,Tomato,210.59,Drip,3.72,4.07,4646.39,Silty,Kharif,98874.1
F3031,Barley,204.0,Flood,9.98,2.86,2026.04,Sandy,Zaid,72952.63
F3032,Cotton,477.58,Drip,10.25,8.85,5204.49,Clay,Zaid,208977.97
F3033,Potato,459.17,Rain-fed,8.83,3.98,7792.3,Sandy,Rabi,147908.82
F3034,Wheat,124.3,Rain-fed,5.39,1.67,1115.96,Loamy,Zaid,35432.05
F3035,Wheat,392.6,Flood,10.51,5.16,3695.3,Peaty,Kharif,122250.77
F3036,Barley,315.12,Rain-fed,8.46,6.25,2258.53,Silty,Zaid,71876.51
F3037,Maize,85.57,Manual,2.37,0.69,916.58,Clay,Kharif,31077.77
F3038,Soybean,184.82,Sprinkler,4.93,1.31,2243.57,Silty,Kharif,84807.34
F3039,Rice,96.96,Sprinkler,2.24,1.37,1158.77,Silty,Zaid,40039.52
F3040,Maize,154.63,Drip,3.32,1.29,1429.14,Silty,Rabi,44037.62
F3041,Wheat,311.5,Rain-fed,14.1,4.54,4005.8,Clay,Zaid,150007.15
F3042,Wheat,193.88,Drip,3.19,3.8,2517.8,Clay,Zaid,95809.57
F3043,Sugarcane,203.09,Sprinkler,3.5,3.9,4387.77,Silty,Rabi,60366.27
F3044,Cotton,274.43,Sprinkler,9.02,2.32,3074.87,Peaty,Kharif,122354.98
F3045,Potato,52.74,Rain-fed,1.25,0.4,663.23,Sandy,Zaid,5374.62
F3046,Rice,372.01,Manual,9.99,4.99,2309.41,Silty,Rabi,47119.7
F3047,Barley,206.84,Manual,8.74,2.85,1033.32,Loamy,Rabi,22536.16
F3048,Potato,245.39,Rain-fed,11.32,3.66,4657.51,Silty,Kharif,100431.46
F3049,Sugarcane,487.41,Rain-fed,20.29,7.86,8950.18,Clay,Rabi,64294.64
F3050,Wheat,178.74,Drip,3.47,2.5,940.09,Sandy,Kharif,19093.02
F3051,Barley,327.63,Rain-fed,16.12,2.19,1973.27,Loamy,Zaid,52082.09
F3052,Wheat,202.33,Manual,4.96,3.41,1520.69,Sandy,Rabi,45021.41
F3053,Rice,448.2,Rain-fed,7.51,2.78,4124.83,Sandy,Zaid,128131.12
F3054,Cotton,424.91,Drip,12.74,2.25,2068.11,Loamy,Rabi,53607.28
F3055,Potato,128.4,Drip,5.01,2.12,2164.02,Silty,Rabi,38466.5
F3056,Potato,348.96,Drip,4.65,4.62,5102.24,Silty,Zaid,69520.49
F3057,Maize,41.93,Drip,1.48,0.65,328.41,Silty,Rabi,8795.66
F3058,Barley,481.96,Flood,21.36,5.18,5488.37,Peaty,Zaid,206645.96
F3059,Soybean,181.01,Rain-fed,3.71,0.94,2297.62,Silty,Zaid,89555.82
F3060,Sugarcane,417.6,Sprinkler,15.75,4.16,9008.87,Loamy,Kharif,119244.69
F3061,Soybean,166.03,Rain-fed,4.32,2.34,1223.61,Peaty,Zaid,37972.75
F3062,Maize,320.06,Flood,8.5,2.68,4150.81,Silty,Kharif,151252.62
F3063,Rice,491.96,Drip,10.45,7.54,4760.94,Peaty,Zaid,147676.09
F3064,Sugarcane,439.61,Flood,15.38,7.44,10388.75,Loamy,Rabi,172388.29
F3065,Cotton,88.58,Manual,2.16,1.05,659.03,Silty,Zaid,23517.45
F3066,Soybean,278.27,Manual,12.03,5.05,1828.75,Clay,Rabi,50372.16
F3067,Cotton,180.78,Rain-fed,8.77,3.22,1728.94,Loamy,Kharif,65434.26
F3068,Soybean,222.83,Rain-fed,10.56,4.05,2282.51,Sandy,Rabi,81540.3
F3069,Cotton,174.24,Sprinkler,2.88,2.6,1348.43,Sandy,Zaid,49496.9
F3070,Soybean,174.62,Sprinkler,1.85,1.67,1225.03,Loamy,Rabi,36317.45
F3071,Cotton,275.85,Manual,7.6,3.37,2964.89,Sandy,Kharif,119367.77
F3072,Maize,104.06,Drip,4.07,1.63,820.93,Loamy,Rabi,21866.34
F3073,Tomato,273.32,Flood,13.42,2.23,5504.88,Clay,Rabi,99383.14
F3074,Sugarcane,146.69,Sprinkler,6.06,2.36,3069.45,Loamy,Zaid,37200.52
F3075,Barley,151.6,Sprinkler,5.04,2.0,1297.1,Silty,Zaid,43811.7
F3076,Rice,371.99,Drip,4.11,2.4,2737.94,Silty,Rabi,68654.23
F3077,Carrot,24.5,Drip,1.05,0.33,393.73,Peaty,Kharif,8815.21
F3078,Wheat,196.66,Rain-fed,3.36,1.18,1342.28,Sandy,Rabi,37431.02
F3079,Barley,209.69,Flood,2.56,1.09,1765.16,Sandy,Kharif,61709.29
F3080,Wheat,247.7,Drip,10.9,4.54,1990.24,Loamy,Kharif,57314.67
F3081,Sugarcane,337.82,Sprinkler,11.03,4.17,8588.28,Sandy,Kharif,163989.88
F3082,Barley,191.15,Sprinkler,2.89,2.51,2393.05,Silty,Rabi,94213.91
F3083,Cotton,114.44,Manual,2.91,1.05,1162.0,Clay,Kharif,45934.69
F3084,Cotton,443.59,Drip,5.95,5.83,5349.35,Loamy,Rabi,218940.25
F3085,Carrot,490.71,Rain-fed,17.43,3.7,5672.58,Sandy,Kharif,71359.02
F3086,Wheat,19.81,Flood,0.42,0.32,259.28,Silty,Kharif,9842.79
F3087,Rice,277.77,Rain-fed,12.4,4.82,1831.48,Peaty,Rabi,39282.71
F3088,Sugarcane,177.43,Sprinkler,4.31,3.17,3714.51,Sandy,Zaid,47229.55
F3089,Cotton,145.72,Rain-fed,4.34,0.96,880.19,Clay,Zaid,28500.73
F3090,Tomato,174.5,Sprinkler,2.19,2.33,3879.22,Clay,Rabi,84026.59
F3091,Maize,323.05,Sprinkler,6.79,5.53,3393.03,Sandy,Rabi,114461.81
F3092,Maize,103.45,Sprinkler,3.83,0.72,1067.9,Sandy,Zaid,35054.42
F3093,Soybean,457.3,Sprinkler,18.04,2.97,5956.65,Silty,Zaid,228182.32
F3094,Rice,238.4,Sprinkler,4.7,4.11,2497.28,Sandy,Zaid,82239.61
F3095,Maize,169.53,Manual,5.11,2.87,1803.77,Peaty,Rabi,60771.34
F3096,Soybean,385.11,Rain-fed,16.44,4.52,2054.41,Silty,Kharif,45408.25
F3097,Wheat,18.01,Manual,0.45,0.12,217.45,Loamy,Rabi,7989.54
F3098,Cotton,221.61,Manual,3.4,2.82,2613.93,Peaty,Zaid,108152.58
F3099,Cotton,184.1,Drip,5.02,2.01,2201.44,Silty,Kharif,89126.71
F3100,Tomato,175.72,Drip,5.98,2.25,2917.48,Silty,Rabi,33113.61
F3101,Barley,175.16,Drip,1.8,2.03,1118.41,Clay,Zaid,33345.48
F3102,Maize,25.32,Flood,0.61,0.34,213.2,Silty,Rabi,6240.06
F3103,Wheat,84.54,Drip,2.9,1.34,657.56,Peaty,Kharif,18943.4
F3104,Potato,79.52,Rain-fed,3.82,1.32,1204.76,Sandy,Zaid,17673.82
F3105,Maize,494.42,Manual,13.02,7.29,5086.72,Peaty,Rabi,169134.21
F3106,Rice,20.86,Rain-fed,0.34,0.17,251.23,Loamy,Kharif,8808.51
F3107,Barley,91.87,Drip,2.88,1.01,1130.16,Silty,Kharif,43609.5
F3108,Maize,487.35,Flood,10.44,2.96,2941.68,Silty,Rabi,61963.15
F3109,Wheat,317.85,Flood,5.91,3.74,2341.64,Silty,Kharif,67126.28
F3110,Maize,230.83,Manual,7.76,4.51,1735.9,Silty,Zaid,46628.3
F3111,Rice,48.59,Rain-fed,2.27,0.71,418.81,Clay,Kharif,11806.89
F3112,Potato,338.13,Sprinkler,14.68,2.47,5498.05,Clay,Rabi,91206.13
F3113,Sugarcane,77.52,Rain-fed,1.34,0.7,1596.57,Sandy,Zaid,19820.31
F3114,Carrot,338.88,Drip,13.77,2.02,6274.17,Silty,Kharif,162954.04
F3115,Potato,489.8,Sprinkler,9.4,3.79,7943.22,Loamy,Kharif,134621.36
F3116,Soybean,270.67,Flood,5.85,3.33,2484.4,Sandy,Zaid,86785.74
F3117,Maize,114.9,Manual,5.38,1.17,1333.2,Silty,Zaid,45897.78
F3118,Cotton,316.39,Manual,14.69,2.55,3194.91,Clay,Kharif,123402.46
F3119,Tomato,261.34,Flood,4.38,1.88,5045.37,Loamy,Zaid,87073.3
F3120,Cotton,271.24,Drip,3.41,4.03,2973.5,Sandy,Rabi,120520.27
F3121,Potato,244.27,Flood,5.31,3.27,4318.04,Loamy,Kharif,85415.35
F3122,Cotton,340.13,Drip,11.32,6.0,3847.35,Silty,Rabi,153026.99
F3123,Wheat,290.25,Sprinkler,13.08,2.25,2266.73,Peaty,Kharif,64176.82
F3124,Cotton,493.63,Flood,7.28,8.75,2557.51,Loamy,Rabi,75430.97
F3125,Barley,414.67,Drip,11.03,5.67,4705.69,Loamy,Rabi,177400.54
F3126,Sugarcane,139.7,Sprinkler,2.92,1.26,2893.25,Clay,Zaid,35345.66
F3127,Maize,365.62,Flood,3.87,3.33,3874.17,Silty,Kharif,131782.07
F3128,Cotton,115.01,Manual,4.78,1.25,1171.72,Loamy,Zaid,45419.15
F3129,Rice,393.35,Flood,16.73,4.68,3315.24,Silty,Zaid,90739.57
F3130,Sugarcane,82.3,Rain-fed,1.55,0.51,1778.03,Clay,Kharif,24860.96
F3131,Sugarcane,242.04,Flood,3.88,4.27,5996.56,Silty,Rabi,110847.84
F3132,Cotton,397.4,Rain-fed,6.27,2.71,4400.83,Clay,Kharif,179590.59
F3133,Sugarcane,147.26,Sprinkler,4.21,1.8,3492.39,Clay,Kharif,58864.22
F3134,Tomato,420.19,Flood,8.34,4.51,8688.89,Sandy,Kharif,170216.55
F3135,Cotton,325.63,Sprinkler,9.92,4.13,3724.29,Silty,Zaid,149489.96
F3136,Wheat,204.79,Sprinkler,5.2,3.75,2270.85,Peaty,Kharif,80794.8
F3137,Potato,217.47,Drip,4.01,4.31,3330.54,Sandy,Kharif,51287.84
F3138,Barley,463.74,Sprinkler,18.57,2.46,2690.01,Clay,Kharif,68778.09
F3139,Carrot,116.72,Sprinkler,1.87,1.27,1637.61,Peaty,Rabi,31368.28
F3140,Soybean,349.75,Flood,14.67,6.04,2008.46,Loamy,Rabi,47194.03
F3141,Sugarcane,356.57,Flood,11.57,3.53,6673.69,Loamy,Rabi,52169.76
F3142,Wheat,462.0,Manual,20.0,6.81,5924.43,Sandy,Rabi,221791.97
F3143,Maize,359.45,Drip,3.66,7.15,3874.5,Peaty,Zaid,133124.21
F3144,Maize,296.39,Sprinkler,11.85,4.36,3686.64,Silty,Zaid,130601.9
F3145,Soybean,452.24,Drip,5.45,3.02,4517.69,Peaty,Kharif,161520.48
F3146,Barley,416.27,Rain-fed,19.98,7.34,3350.77,Sandy,Zaid,111318.52
F3147,Sugarcane,361.22,Sprinkler,13.77,7.04,6511.96,Silty,Rabi,39757.19
F3148,Tomato,25.96,Drip,0.59,0.41,580.86,Silty,Kharif,12523.06
F3149,Soybean,193.03,Manual,4.4,2.18,1047.34,Loamy,Kharif,24779.2
F3150,Barley,319.63,Manual,14.21,6.15,3087.36,Peaty,Rabi,109972.17
F3151,Sugarcane,265.9,Sprinkler,12.26,5.19,4974.5,Silty,Rabi,37460.72
F3152,Wheat,166.47,Rain-fed,7.6,3.17,1245.4,Sandy,Rabi,35566.97
F3153,Potato,80.77,Manual,3.42,0.9,1153.51,Loamy,Zaid,14079.99
F3154,Tomato,280.97,Manual,12.01,4.73,5397.76,Silty,Kharif,90327.6
F3155,Carrot,150.1,Rain-fed,4.94,2.22,2668.09,Peaty,Rabi,68269.83
F3156,Maize,124.17,Drip,1.38,0.96,1311.35,Loamy,Kharif,43987.17
F3157,Rice,205.49,Manual,2.77,2.68,2230.01,Peaty,Kharif,75142.43
F3158,Wheat,394.89,Flood,14.21,6.4,4936.4,Peaty,Zaid,183060.56
F3159,Maize,249.05,Manual,6.49,4.59,2843.75,Peaty,Kharif,99562.03
F3160,Cotton,116.08,Drip,3.79,2.08,1306.54,Loamy,Rabi,51816.59
F3161,Rice,67.28,Drip,1.29,0.49,609.79,Silty,Rabi,17934.62
F3162,Maize,254.5,Sprinkler,9.16,3.14,3182.24,Clay,Kharif,113544.95
F3163,Barley,399.24,Flood,7.87,4.86,3919.76,Silty,Kharif,143065.31
F3164,Tomato,329.88,Drip,9.38,6.1,5227.58,Loamy,Zaid,50881.85
F3165,Maize,123.75,Rain-fed,3.61,0.62,713.78,Clay,Rabi,14291.61
F3166,Carrot,223.99,Flood,3.83,3.6,2808.99,Clay,Rabi,44262.76
F3167,Potato,429.06,Flood,19.33,6.13,6793.93,Clay,Kharif,107840.6
F3168,Barley,97.05,Rain-fed,3.01,1.83,1094.97,Sandy,Kharif,42219.99
F3169,Wheat,270.72,Manual,12.09,3.21,3048.78,Loamy,Kharif,107339.68
F3170,Wheat,184.55,Rain-fed,3.78,2.74,2336.89,Sandy,Rabi,88982.49
F3171,Wheat,70.85,Rain-fed,1.2,1.39,671.62,Clay,Kharif,22931.39
F3172,Wheat,34.45,Manual,0.37,0.56,375.85,Sandy,Zaid,13750.05
F3173,Potato,282.38,Manual,3.88,1.7,4146.5,Sandy,Zaid,59331.17
F3174,Maize,20.17,Manual,0.32,0.15,218.84,Loamy,Kharif,7498.7
F3175,Sugarcane,60.69,Manual,0.8,1.05,1405.09,Peaty,Zaid,23210.99
F3176,Maize,180.31,Manual,8.27,1.81,2220.34,Sandy,Zaid,79220.57
F3177,Cotton,31.32,Rain-fed,1.46,0.49,265.83,Sandy,Zaid,9853.6
F3178,Tomato,206.22,Sprinkler,9.79,3.2,4131.69,Clay,Zaid,74156.48
F3179,Rice,73.88,Sprinkler,3.58,1.47,551.27,Clay,Zaid,13388.29
F3180,Sugarcane,181.44,Drip,5.38,2.19,4291.97,Clay,Rabi,71614.17
F3181,Sugarcane,397.67,Sprinkler,12.41,6.39,9734.4,Silty,Kharif,173130.71
F3182,Maize,316.92,Sprinkler,4.83,1.82,3208.67,Sandy,Zaid,106958.45
F3183,Sugarcane,228.25,Rain-fed,3.53,2.73,4209.65,Clay,Kharif,33385.57
F3184,Soybean,55.0,Manual,2.25,0.43,412.31,Loamy,Zaid,12382.48
F3185,Soybean,313.38,Manual,13.86,5.52,2759.38,Silty,Rabi,90945.68
F3186,Cotton,90.22,Rain-fed,3.73,1.59,871.11,Peaty,Rabi,33458.59
F3187,Rice,47.53,Sprinkler,2.06,0.41,397.05,Sandy,Zaid,10842.44
F3188,Carrot,335.36,Rain-fed,7.06,3.28,5778.72,Sandy,Zaid,146255.15
F3189,Potato,456.91,Drip,13.09,7.1,7194.88,Loamy,Zaid,113640.63
F3190,Maize,235.69,Manual,6.69,3.79,1367.34,Peaty,Rabi,27607.53
F3191,Potato,30.09,Flood,1.5,0.45,578.47,Peaty,Rabi,12564.68
F3192,Carrot,441.35,Drip,21.17,8.81,7091.4,Silty,Kharif,157864.69
F3193,Maize,42.82,Drip,1.45,0.77,511.8,Sandy,Rabi,18016.71
F3194,Maize,435.08,Rain-fed,6.75,4.9,3520.46,Clay,Zaid,104226.35
F3195,Rice,201.99,Sprinkler,4.11,2.0,1184.49,Loamy,Kharif,21623.61
F3196,Potato,189.04,Manual,4.64,2.64,2507.58,Loamy,Rabi,24481.33
F3197,Soybean,275.97,Flood,12.4,4.76,1645.35,Loamy,Rabi,39938.57
F3198,Wheat,478.97,Drip,8.06,5.81,5570.15,Loamy,Zaid,202154.27
F3199,Potato,450.38,Flood,8.46,7.24,6757.36,Clay,Kharif,99342.71
F3200,Tomato,240.46,Sprinkler,5.77,1.27,5458.27,Clay,Rabi,120028.74
F3201,Tomato,350.95,Sprinkler,16.52,6.63,7358.46,Silty,Rabi,141558.93
F3202,Maize,294.41,Flood,8.88,4.89,3012.01,Sandy,Zaid,100235.53
F3203,Wheat,349.8,Manual,12.55,3.82,4572.96,Clay,Kharif,172606.14
F3204,Barley,416.37,Sprinkler,10.61,4.48,3027.89,Silty,Kharif,94317.77
F3205,Carrot,26.9,Flood,0.47,0.18,321.63,Peaty,Kharif,4472.35
F3206,Cotton,169.62,Drip,3.21,2.92,1697.54,Sandy,Kharif,66985.42
F3207,Wheat,480.07,Flood,20.21,7.94,3591.86,Clay,Zaid,101407.06
F3208,Cotton,475.17,Flood,21.73,6.87,5716.76,Peaty,Rabi,230181.69
F3209,Potato,15.5,Rain-fed,0.46,0.1,319.31,Silty,Rabi,7675.16
F3210,Potato,108.71,Sprinkler,2.64,0.97,2185.93,Clay,Kharif,51152.73
F3211,Cotton,496.95,Manual,21.03,5.91,5869.42,Clay,Kharif,237493.46
F3212,Carrot,251.48,Manual,9.29,2.26,3939.16,Peaty,Kharif,87079.43
F3213,Wheat,290.7,Rain-fed,3.38,3.35,3062.72,Clay,Rabi,109551.19
F3214,Barley,91.55,Manual,2.2,0.77,498.1,Loamy,Rabi,12605.73
F3215,Maize,448.22,Flood,16.71,4.59,5227.18,Clay,Kharif,181629.54
F3216,Rice,123.32,Rain-fed,4.06,1.82,888.61,Sandy,Zaid,22299.29
F3217,Potato,102.93,Drip,5.06,1.89,2021.54,Peaty,Rabi,44889.74
F3218,Tomato,121.78,Sprinkler,5.44,1.31,2742.13,Sandy,Rabi,59016.13
F3219,Carrot,460.61,Sprinkler,5.71,7.08,5675.69,Silty,Kharif,85191.16
F3220,Rice,354.39,Sprinkler,13.83,2.49,2262.96,Sandy,Zaid,46501.02
F3221,Barley,386.61,Flood,9.07,5.07,3313.04,Loamy,Kharif,113492.36
F3222,Sugarcane,194.75,Drip,7.26,3.67,4709.82,Loamy,Kharif,81135.79
F3223,Maize,455.5,Rain-fed,15.8,2.47,5282.11,Sandy,Zaid,185959.31
F3224,Potato,396.81,Rain-fed,11.95,3.58,7237.21,Silty,Zaid,150282.78
F3225,Maize,377.79,Sprinkler,16.67,2.64,4611.92,Clay,Zaid,161800.45
F3226,Rice,485.76,Drip,18.63,6.31,3540.08,Loamy,Rabi,82577.06
F3227,Maize,189.44,Drip,8.63,2.88,2054.36,Sandy,Kharif,68343.95
F3228,Sugarcane,309.38,Drip,6.58,1.82,6966.54,Sandy,Rabi,105891.03
F3229,Rice,455.87,Manual,10.91,2.76,3095.64,Sandy,Zaid,73564.25
F3230,Potato,397.54,Manual,13.87,7.17,6360.69,Clay,Rabi,105653.36
F3231,Wheat,286.06,Sprinkler,13.92,3.39,3491.02,Peaty,Zaid,126153.96
F3232,Tomato,47.34,Drip,1.18,0.57,1065.61,Silty,Zaid,23138.34
F3233,Rice,329.83,Drip,3.72,6.32,3603.86,Peaty,Kharif,120776.18
F3234,Soybean,268.01,Rain-fed,7.46,2.63,3280.15,Silty,Kharif,125637.81
F3235,Sugarcane,100.25,Rain-fed,3.18,1.85,1877.16,Silty,Kharif,15319.93
F3236,Rice,442.3,Sprinkler,18.59,8.68,6005.59,Sandy,Rabi,216739.68
F3237,Rice,178.19,Drip,6.98,1.54,1098.61,Loamy,Kharif,20207.41
F3238,Soybean,199.87,Sprinkler,9.71,2.54,1846.48,Sandy,Zaid,62138.82
F3239,Potato,339.48,Rain-fed,14.02,4.42,5108.95,Clay,Kharif,73463.9
F3240,Rice,249.51,Rain-fed,5.48,4.49,3022.3,Silty,Rabi,106182.97
F3241,Tomato,53.75,Manual,1.92,0.51,887.21,Loamy,Kharif,10051.76
F3242,Maize,199.85,Sprinkler,7.37,3.39,1140.41,Silty,Kharif,20906.33
F3243,Potato,56.29,Sprinkler,2.81,1.1,913.42,Silty,Kharif,14963.92
F3244,Tomato,103.47,Drip,1.61,1.82,1562.82,Sandy,Rabi,13000.01
F3245,Potato,13.52,Drip,0.24,0.25,202.68,Loamy,Zaid,2919.84
F3246,Tomato,98.84,Manual,1.6,1.54,1949.48,Loamy,Zaid,35336.43
F3247,Sugarcane,171.92,Flood,5.77,3.19,3452.21,Silty,Zaid,37457.97
F3248,Tomato,273.73,Flood,4.22,2.05,4548.58,Loamy,Kharif,54284.8
F3249,Cotton,460.45,Flood,16.69,7.22,2549.41,Loamy,Kharif,74683.52
F3250,Tomato,274.76,Sprinkler,11.58,4.39,4360.62,Sandy,Rabi,42332.0
F3251,Wheat,355.75,Sprinkler,9.72,4.12,3351.33,Peaty,Zaid,110403.18
F3252,Wheat,185.26,Rain-fed,6.01,1.15,1968.01,Clay,Kharif,69029.06
F3253,Carrot,378.3,Sprinkler,17.59,5.42,5485.69,Peaty,Kharif,106337.33
F3254,Cotton,314.03,Sprinkler,10.29,1.81,1671.82,Loamy,Kharif,46928.99
F3255,Cotton,235.3,Sprinkler,4.32,2.53,2206.3,Silty,Rabi,84496.49
F3256,Maize,104.95,Manual,2.49,1.14,1033.1,Clay,Zaid,33881.91
F3257,Cotton,158.74,Sprinkler,4.95,3.17,1155.56,Clay,Rabi,40082.22
F3258,Maize,314.26,Drip,5.09,2.98,2549.13,Silty,Zaid,72915.04
F3259,Carrot,218.77,Drip,7.55,3.79,2673.19,Clay,Zaid,37903.93
F3260,Carrot,445.8,Rain-fed,22.28,2.58,5359.74,Silty,Kharif,70668.03
F3261,Sugarcane,125.07,Manual,4.52,1.62,2552.73,Clay,Kharif,29455.48
F3262,Wheat,45.81,Drip,1.14,0.6,254.82,Peaty,Kharif,5343.34
F3263,Tomato,298.78,Manual,6.95,4.31,5403.72,Clay,Kharif,82060.44
F3264,Tomato,444.16,Manual,20.99,7.62,8683.09,Sandy,Kharif,151295.7
F3265,Soybean,188.72,Rain-fed,8.47,3.1,2357.67,Silty,Zaid,89956.61
F3266,Soybean,327.38,Manual,9.46,5.37,3220.93,Clay,Kharif,114690.94
F3267,Barley,123.39,Sprinkler,2.98,1.42,1199.53,Silty,Kharif,43141.66
F3268,Potato,283.65,Manual,10.9,4.51,4446.21,Sandy,Rabi,70846.41
F3269,Sugarcane,395.53,Rain-fed,8.93,4.89,7376.63,Clay,Rabi,60645.09
F3270,Barley,434.85,Rain-fed,6.43,2.61,3516.03,Clay,Zaid,121224.08
F3271,Barley,61.51,Rain-fed,1.38,1.13,571.02,Sandy,Zaid,20880.28
F3272,Rice,184.62,Drip,5.05,3.39,2118.77,Sandy,Rabi,71931.8
F3273,Rice,323.43,Sprinkler,6.54,3.18,3959.02,Sandy,Rabi,139213.68
F3274,Barley,27.01,Drip,0.5,0.51,181.82,Silty,Kharif,5466.9
F3275,Cotton,348.4,Flood,3.57,5.7,2059.96,Sandy,Kharif,68456.71
F3276,Potato,268.74,Sprinkler,9.47,2.96,4654.85,Silty,Zaid,87640.37
F3277,Sugarcane,151.4,Manual,5.24,1.51,3369.32,Peaty,Rabi,49417.06
F3278,Barley,409.18,Rain-fed,7.17,8.03,2551.19,Clay,Zaid,76590.08
F3279,Tomato,152.12,Flood,7.26,2.39,2970.19,Clay,Kharif,50960.32
F3280,Potato,495.79,Sprinkler,13.08,5.3,7692.75,Loamy,Zaid,118173.11
F3281,Rice,410.02,Drip,4.52,6.0,4390.83,Peaty,Zaid,145855.26
F3282,Tomato,356.91,Rain-fed,6.71,4.84,5998.94,Sandy,Zaid,77241.8
F3283,Rice,40.06,Drip,1.51,0.52,421.08,Sandy,Kharif,13496.99
F3284,Rice,453.11,Sprinkler,8.19,6.65,5336.3,Peaty,Zaid,184563.43
F3285,Potato,397.13,Sprinkler,4.83,5.19,8097.16,Sandy,Kharif,195411.75
F3286,Rice,122.22,Flood,4.24,1.81,1598.88,Loamy,Rabi,56763.36
F3287,Carrot,202.2,Manual,6.21,3.76,2970.01,Silty,Zaid,60946.7
F3288,Wheat,141.63,Drip,5.73,2.82,1303.09,Clay,Zaid,41828.79
F3289,Carrot,492.36,Flood,20.14,7.7,7036.83,Peaty,Kharif,135439.45
F3290,Wheat,428.56,Rain-fed,20.74,8.11,2340.96,Clay,Zaid,47612.7
F3291,Soybean,465.81,Manual,5.72,8.33,2823.86,Silty,Kharif,77502.37
F3292,Soybean,396.5,Flood,4.58,3.74,2072.78,Peaty,Zaid,49037.31
F3293,Rice,233.61,Drip,11.56,4.44,2688.8,Silty,Rabi,88431.45
F3294,Sugarcane,110.66,Sprinkler,3.96,0.67,2332.11,Sandy,Rabi,29358.16
F3295,Sugarcane,111.96,Rain-fed,4.32,1.11,2036.45,Sandy,Rabi,14051.78
F3296,Wheat,84.32,Drip,1.17,1.23,892.3,Sandy,Zaid,31725.45
F3297,Tomato,277.86,Manual,3.55,3.59,5470.78,Silty,Zaid,99410.56
F3298,Potato,460.78,Manual,7.56,6.05,8456.1,Silty,Rabi,178777.18
F3299,Rice,495.98,Sprinkler,13.44,8.39,5229.92,Silty,Rabi,168600.65
F3300,Potato,150.78,Sprinkler,2.17,1.19,2097.88,Clay,Kharif,24820.26
F3301,Carrot,351.68,Rain-fed,9.8,6.94,3912.41,Silty,Kharif,43804.69
F3302,Sugarcane,302.58,Rain-fed,9.82,3.5,7310.93,Sandy,Rabi,129157.36
F3303,Cotton,249.58,Sprinkler,2.5,4.8,1459.74,Loamy,Rabi,46502.4
F3304,Carrot,336.23,Sprinkler,4.9,3.61,5034.84,Silty,Zaid,106587.78
F3305,Carrot,191.97,Manual,4.8,2.69,2795.0,Loamy,Rabi,56455.22
F3306,Wheat,472.8,Sprinkler,5.74,5.56,5872.25,Sandy,Kharif,221468.3
F3307,Maize,355.67,Flood,5.46,5.38,3495.11,Silty,Kharif,114161.48
F3308,Carrot,379.56,Drip,7.31,2.94,5815.23,Clay,Kharif,126016.0
F3309,Rice,128.79,Sprinkler,3.5,1.42,1065.13,Clay,Kharif,29337.9
F3310,Barley,92.61,Rain-fed,3.57,0.56,1152.96,Loamy,Kharif,44772.56
F3311,Barley,203.23,Flood,3.11,2.84,1924.47,Clay,Kharif,70103.05
F3312,Rice,385.67,Rain-fed,15.24,7.5,2212.84,Clay,Rabi,39335.26
F3313,Maize,470.01,Flood,20.78,2.67,4735.45,Clay,Kharif,151546.69
F3314,Maize,219.39,Sprinkler,7.91,3.27,1852.7,Sandy,Kharif,53870.77
F3315,Wheat,389.34,Drip,4.57,6.47,2083.35,Clay,Kharif,43934.67
F3316,Sugarcane,240.5,Rain-fed,6.64,1.97,5074.26,Peaty,Kharif,65565.02
F3317,Potato,154.66,Flood,5.63,1.41,2937.41,Silty,Rabi,63322.67
F3318,Maize,372.24,Manual,18.29,2.99,3584.44,Clay,Zaid,112236.21
F3319,Cotton,401.12,Sprinkler,19.28,3.8,3803.36,Clay,Zaid,142711.59
F3320,Wheat,109.39,Drip,2.83,0.73,1130.52,Clay,Zaid,38932.24
F3321,Soybean,159.53,Sprinkler,5.53,1.68,1650.14,Peaty,Zaid,58773.21
F3322,Tomato,252.44,Manual,11.52,2.66,4514.71,Clay,Kharif,64382.08
F3323,Soybean,101.4,Drip,4.38,1.73,809.61,Clay,Zaid,25146.33
F3324,Wheat,465.13,Manual,13.57,7.91,2413.58,Silty,Zaid,47365.84
F3325,Carrot,299.75,Sprinkler,6.13,5.08,3569.02,Peaty,Rabi,48466.86
F3326,Potato,69.39,Flood,1.07,0.94,1402.35,Peaty,Rabi,33329.5
F3327,Tomato,100.17,Sprinkler,2.96,0.99,2152.33,Clay,Rabi,43772.98
F3328,Soybean,477.63,Sprinkler,18.59,5.33,3452.67,Peaty,Kharif,100323.88
F3329,Tomato,371.7,Sprinkler,18.14,3.63,6750.33,Loamy,Kharif,96819.9
F3330,Cotton,369.86,Rain-fed,16.45,5.08,4358.4,Peaty,Kharif,176041.0
F3331,Cotton,45.52,Manual,0.83,0.87,276.41,Peaty,Rabi,9112.96
F3332,Cotton,448.7,Manual,17.41,4.16,3810.68,Peaty,Zaid,140447.9
F3333,Wheat,227.43,Manual,4.9,2.7,1190.26,Sandy,Rabi,24751.68
F3334,Potato,333.26,Rain-fed,12.44,4.94,5866.11,Sandy,Kharif,115939.65
F3335,Wheat,480.25,Flood,17.59,8.49,6070.64,Sandy,Rabi,226691.06
F3336,Barley,59.01,Sprinkler,1.23,0.52,693.25,Peaty,Zaid,26782.7
F3337,Carrot,246.32,Flood,4.77,2.27,3619.15,Loamy,Kharif,74088.66
F3338,Carrot,34.31,Rain-fed,0.49,0.63,538.18,Peaty,Zaid,12346.77
F3339,Cotton,254.78,Manual,3.06,1.58,2182.41,Clay,Zaid,83546.37
F3340,Barley,133.61,Sprinkler,5.92,1.88,726.59,Loamy,Kharif,16940.01
F3341,Maize,456.42,Drip,5.47,8.17,3013.31,Sandy,Zaid,74620.17
F3342,Maize,205.26,Drip,2.78,3.86,2701.74,Silty,Rabi,99659.9
F3343,Cotton,320.6,Flood,6.27,1.66,1993.67,Loamy,Zaid,64884.92
F3344,Soybean,431.54,Manual,19.64,4.55,3451.47,Sandy,Zaid,109516.28
F3345,Wheat,492.01,Drip,11.47,4.36,4586.27,Loamy,Zaid,149362.98
F3346,Cotton,256.87,Flood,4.54,3.47,3080.88,Loamy,Rabi,126291.6
F3347,Sugarcane,233.32,Rain-fed,9.01,3.38,5416.66,Peaty,Zaid,87728.19
F3348,Tomato,47.11,Flood,1.07,0.94,924.77,Clay,Zaid,16576.01
F3349,Carrot,16.24,Flood,0.38,0.21,241.74,Silty,Rabi,5031.15
F3350,Maize,308.31,Flood,12.2,4.09,3432.16,Sandy,Kharif,117242.12
F3351,Rice,42.08,Sprinkler,0.84,0.47,464.07,Loamy,Kharif,15383.81
F3352,Maize,196.39,Flood,9.01,1.42,2532.99,Silty,Kharif,90560.58
F3353,Carrot,11.77,Flood,0.38,0.11,177.63,Loamy,Zaid,3727.06
F3354,Tomato,311.46,Sprinkler,9.82,2.71,5646.18,Clay,Kharif,83658.87
F3355,Carrot,218.45,Sprinkler,4.5,3.72,3746.69,Silty,Rabi,92376.27
F3356,Rice,72.24,Rain-fed,3.14,0.95,872.37,Sandy,Zaid,30334.61
F3357,Cotton,155.22,Manual,5.11,1.47,866.69,Loamy,Zaid,26066.83
F3358,Barley,289.13,Drip,4.69,3.57,1884.31,Clay,Zaid,56299.2
F3359,Rice,331.79,Drip,6.06,2.75,4439.43,Silty,Kharif,160405.42
F3360,Carrot,236.54,Flood,6.8,1.84,3384.81,Loamy,Kharif,65675.14
F3361,Carrot,403.94,Rain-fed,16.64,7.23,6028.03,Loamy,Kharif,124358.69
F3362,Sugarcane,65.1,Flood,3.1,1.25,1317.17,Sandy,Zaid,14585.63
F3363,Sugarcane,51.43,Drip,1.88,0.32,1115.06,Clay,Rabi,15038.83
F3364,Potato,31.68,Sprinkler,0.96,0.52,591.44,Peaty,Zaid,12587.69
F3365,Sugarcane,272.56,Manual,5.46,3.22,5860.93,Loamy,Rabi,79841.92
F3366,Wheat,356.05,Rain-fed,13.14,3.86,2752.68,Silty,Zaid,80437.43
F3367,Barley,73.96,Sprinkler,3.65,1.13,415.36,Sandy,Rabi,10235.47
F3368,Tomato,323.08,Manual,9.39,2.91,7114.78,Sandy,Zaid,152270.67
F3369,Rice,243.7,Rain-fed,4.02,1.29,3060.74,Loamy,Zaid,109341.18
F3370,Carrot,493.8,Rain-fed,6.98,4.05,8354.76,Loamy,Rabi,205689.91
F3371,Potato,361.56,Drip,7.51,2.81,6622.16,Loamy,Rabi,136536.1
F3372,Potato,332.16,Sprinkler,10.89,1.83,5623.42,Peaty,Rabi,101709.3
F3373,Tomato,289.52,Rain-fed,13.86,2.84,6378.91,Loamy,Rabi,132877.9
F3374,Barley,498.71,Rain-fed,10.95,6.04,5442.41,Clay,Rabi,207802.55
F3375,Rice,490.42,Manual,10.9,7.87,5962.44,Silty,Rabi,209119.34
F3376,Maize,273.68,Drip,8.0,2.71,2216.98,Loamy,Rabi,61254.31
F3377,Sugarcane,233.04,Flood,10.89,1.85,4953.92,Peaty,Rabi,62777.04
F3378,Cotton,236.44,Drip,6.33,2.0,2343.83,Silty,Zaid,90489.12
F3379,Potato,219.89,Flood,4.16,4.04,3413.72,Sandy,Rabi,54625.6
F3380,Sugarcane,270.39,Sprinkler,4.47,2.18,5856.49,Loamy,Rabi,80463.89
F3381,Sugarcane,144.06,Sprinkler,4.07,2.62,3297.99,Silty,Zaid,51659.33
F3382,Wheat,464.13,Rain-fed,19.51,5.43,4025.45,Sandy,Zaid,127682.76
F3383,Barley,250.21,Sprinkler,5.42,4.76,2754.97,Peaty,Kharif,104392.72
F3384,Cotton,422.58,Rain-fed,12.89,4.7,2142.87,Clay,Kharif,61913.41
F3385,Maize,242.9,Drip,8.29,1.86,2772.55,Loamy,Rabi,94055.91
F3386,Carrot,361.96,Sprinkler,10.14,4.79,4302.33,Clay,Rabi,57220.45
F3387,Wheat,175.07,Drip,3.09,2.42,2218.62,Peaty,Kharif,83183.06
F3388,Sugarcane,316.16,Drip,14.82,4.59,6460.21,Silty,Kharif,71329.41
F3389,Sugarcane,254.2,Sprinkler,8.29,2.84,6144.29,Silty,Rabi,106300.4
F3390,Soybean,189.89,Drip,7.44,1.09,1754.07,Peaty,Kharif,58592.51
F3391,Cotton,441.96,Sprinkler,15.66,6.36,2222.64,Peaty,Rabi,60299.09
F3392,Cotton,65.23,Sprinkler,3.26,1.24,591.83,Loamy,Zaid,21723.43
F3393,Soybean,248.59,Sprinkler,7.02,4.81,3016.76,Sandy,Zaid,115563.39
F3394,Cotton,105.24,Flood,2.84,1.47,570.62,Clay,Kharif,17143.08
F3395,Sugarcane,431.92,Drip,10.54,2.29,8759.19,Clay,Zaid,98702.87
F3396,Potato,134.2,Manual,3.28,0.88,2168.57,Silty,Zaid,36994.03
F3397,Rice,320.38,Sprinkler,6.74,5.61,2520.16,Silty,Zaid,67286.78
F3398,Sugarcane,91.13,Drip,4.49,1.59,2322.05,Loamy,Zaid,43513.8
F3399,Wheat,208.41,Rain-fed,9.34,4.0,1725.84,Peaty,Rabi,52310.35
F3400,Barley,450.69,Sprinkler,10.22,6.06,4482.27,Clay,Rabi,163699.99
F3401,Soybean,91.37,Sprinkler,2.03,1.64,612.66,Loamy,Kharif,17321.01
F3402,Maize,334.97,Manual,4.74,5.82,2374.46,Silty,Zaid,62934.2
F3403,Carrot,110.21,Flood,4.97,1.53,1348.52,Silty,Zaid,18773.16
F3404,Maize,213.72,Flood,5.32,3.58,1901.48,Clay,Zaid,58542.42
F3405,Sugarcane,274.9,Sprinkler,9.05,1.89,6068.59,Silty,Kharif,86083.8
F3406,Wheat,292.88,Drip,13.48,4.27,1613.87,Silty,Rabi,30547.18
F3407,Sugarcane,305.23,Rain-fed,8.03,5.89,7382.33,Sandy,Zaid,132216.53
F3408,Barley,323.66,Rain-fed,13.68,2.4,2873.47,Peaty,Rabi,98750.51
F3409,Potato,143.17,Drip,3.9,2.31,2006.75,Silty,Kharif,23319.55
F3410,Carrot,206.67,Sprinkler,7.86,2.03,2338.1,Sandy,Rabi,26230.01
F3411,Barley,28.29,Rain-fed,0.77,0.49,145.44,Loamy,Zaid,3543.68
F3412,Soybean,386.69,Flood,9.94,5.98,2691.55,Silty,Rabi,78520.45
F3413,Soybean,420.18,Drip,20.85,7.94,3846.6,Loamy,Rabi,125934.66
F3414,Sugarcane,107.63,Manual,3.71,1.69,2647.69,Silty,Kharif,47796.26
F3415,Wheat,108.71,Sprinkler,2.68,1.21,1349.91,Clay,Kharif,50134.42
F3416,Barley,30.6,Drip,0.62,0.16,346.23,Sandy,Kharif,13246.76
F3417,Tomato,485.49,Rain-fed,5.63,8.2,8282.69,Sandy,Kharif,112354.27
F3418,Wheat,405.52,Sprinkler,15.52,4.51,3148.95,Clay,Rabi,90278.44
F3419,Potato,186.74,Flood,4.65,2.81,3842.0,Peaty,Rabi,92435.45
F3420,Soybean,246.14,Sprinkler,10.55,1.62,2575.39,Sandy,Kharif,91688.32
F3421,Sugarcane,153.06,Sprinkler,3.76,2.81,3087.44,Loamy,Kharif,33977.22
F3422,Cotton,302.65,Flood,7.55,3.49,2036.08,Sandy,Zaid,70103.34
F3423,Soybean,361.48,Flood,14.88,6.79,3050.94,Peaty,Zaid,98994.42
F3424,Carrot,229.21,Sprinkler,6.78,3.58,3611.04,Loamy,Kharif,79930.92
F3425,Rice,438.06,Flood,19.89,2.99,5732.7,Loamy,Rabi,201154.03
F3426,Cotton,263.34,Drip,8.85,3.6,1544.3,Clay,Kharif,47223.36
F3427,Sugarcane,80.68,Flood,1.58,1.5,1477.83,Silty,Rabi,10792.42
F3428,Tomato,314.92,Flood,10.31,5.35,5655.03,Clay,Rabi,82604.51
F3429,Cotton,236.49,Sprinkler,2.4,2.67,1433.41,Silty,Zaid,46868.74
F3430,Carrot,468.48,Drip,10.54,9.05,7158.48,Clay,Kharif,154791.65
F3431,Wheat,202.03,Manual,3.7,1.82,2162.34,Silty,Kharif,76707.2
F3432,Tomato,207.4,Manual,7.5,2.2,3559.75,Sandy,Rabi,46519.6
F3433,Soybean,328.88,Rain-fed,5.08,5.34,3370.48,Loamy,Kharif,123060.1
F3434,Tomato,268.22,Flood,5.79,2.28,4667.76,Silty,Zaid,63638.35
F3435,Barley,193.48,Flood,4.5,2.46,1868.55,Sandy,Zaid,68489.61
F3436,Carrot,494.99,Drip,5.02,7.89,7755.37,Peaty,Kharif,174842.32
F3437,Cotton,158.07,Manual,1.88,2.32,984.19,Clay,Kharif,33394.67
F3438,Barley,145.99,Rain-fed,3.28,1.07,1412.2,Peaty,Zaid,51722.35
F3439,Tomato,433.57,Drip,8.19,6.26,7659.21,Sandy,Kharif,109425.16
F3440,Barley,11.65,Flood,0.17,0.16,84.93,Peaty,Rabi,2733.52
F3441,Maize,108.61,Manual,1.76,1.45,833.45,Peaty,Kharif,23429.69
F3442,Carrot,299.32,Rain-fed,13.0,5.21,4028.94,Sandy,Rabi,71315.15
F3443,Potato,89.6,Sprinkler,3.35,0.7,1716.69,Loamy,Kharif,37157.25
F3444,Wheat,493.04,Manual,14.48,8.02,3519.11,Silty,Kharif,97657.96
F3445,Tomato,237.46,Rain-fed,11.01,3.9,4793.64,Clay,Zaid,88522.35
F3446,Carrot,302.71,Drip,3.38,4.79,5402.41,Silty,Rabi,139321.01
F3447,Potato,88.58,Sprinkler,2.11,1.12,1370.03,Clay,Zaid,21275.12
F3448,Potato,151.8,Rain-fed,6.52,1.66,1975.89,Silty,Kharif,16971.44
F3449,Sugarcane,311.17,Rain-fed,10.93,3.4,5562.14,Peaty,Zaid,34179.24
F3450,Barley,279.28,Flood,13.76,4.47,1679.08,Loamy,Kharif,43512.33
F3451,Potato,394.34,Manual,18.84,4.92,5400.54,Peaty,Kharif,56791.79
F3452,Maize,141.92,Flood,2.38,1.43,1623.45,Loamy,Kharif,56661.0
F3453,Carrot,330.24,Sprinkler,16.14,4.75,4361.32,Sandy,Rabi,71971.65
F3454,Rice,152.58,Rain-fed,7.3,2.68,1676.83,Clay,Rabi,55081.25
F3455,Rice,297.51,Flood,7.42,1.76,1791.43,Clay,Rabi,34803.22
F3456,Tomato,306.47,Manual,15.11,6.0,5238.01,Sandy,Zaid,66900.16
F3457,Soybean,69.7,Sprinkler,0.8,0.45,468.06,Silty,Kharif,13498.22
F3458,Barley,278.83,Drip,10.16,3.53,1940.23,Sandy,Zaid,58764.08
F3459,Soybean,15.85,Flood,0.33,0.21,99.55,Sandy,Zaid,2794.11
F3460,Potato,255.59,Sprinkler,3.88,1.81,4507.01,Loamy,Kharif,88733.4
F3461,Carrot,351.79,Drip,11.64,6.59,5628.57,Sandy,Zaid,128426.12
F3462,Tomato,45.69,Flood,1.02,0.55,722.76,Clay,Kharif,7282.04
F3463,Cotton,469.97,Sprinkler,17.24,3.36,4817.7,Peaty,Kharif,186322.88
F3464,Potato,234.79,Sprinkler,7.42,3.68,3473.99,Loamy,Kharif,46962.31
F3465,Barley,469.82,Flood,12.08,7.02,3276.63,Loamy,Kharif,100151.91
F3466,Rice,62.63,Sprinkler,1.08,1.22,767.81,Silty,Zaid,27024.25
F3467,Sugarcane,475.45,Rain-fed,16.19,5.53,11827.76,Peaty,Zaid,218929.78
F3468,Carrot,63.51,Flood,2.74,0.57,1107.96,Loamy,Zaid,27301.64
F3469,Wheat,236.13,Sprinkler,8.03,1.39,1519.85,Sandy,Rabi,37569.96
F3470,Soybean,469.62,Drip,16.16,7.51,6110.42,Loamy,Zaid,234670.48
F3471,Tomato,124.03,Drip,3.78,1.77,2501.41,Loamy,Zaid,45748.87
F3472,Soybean,27.04,Rain-fed,0.69,0.53,241.53,Loamy,Rabi,8228.8
F3473,Carrot,398.62,Flood,11.28,6.25,7313.99,Silty,Kharif,192111.59
F3474,Soybean,301.98,Sprinkler,14.97,5.74,3523.75,Loamy,Kharif,128932.29
F3475,Carrot,261.82,Sprinkler,10.47,5.2,4289.74,Loamy,Kharif,98627.39
F3476,Soybean,26.83,Drip,0.73,0.31,313.64,Silty,Rabi,11679.92
F3477,Maize,330.08,Rain-fed,9.34,2.39,2811.75,Peaty,Zaid,83902.77
F3478,Cotton,94.1,Drip,2.82,0.75,914.76,Clay,Zaid,35170.56
F3479,Potato,466.29,Drip,16.96,4.56,6694.14,Silty,Zaid,82174.58
F3480,Potato,346.01,Rain-fed,9.91,4.37,7108.77,Silty,Zaid,171342.36
F3481,Barley,356.45,Flood,13.35,2.44,3404.39,Loamy,Rabi,119620.87
F3482,Wheat,123.96,Sprinkler,2.87,1.18,1455.42,Loamy,Zaid,52770.98
F3483,Wheat,441.57,Flood,11.67,4.25,3722.99,Clay,Kharif,116104.47
F3484,Barley,273.49,Manual,12.19,1.38,2989.24,Loamy,Rabi,110335.16
F3485,Sugarcane,429.97,Manual,9.96,4.43,8888.96,Sandy,Rabi,109622.87
F3486,Potato,142.76,Manual,6.94,0.96,2512.43,Loamy,Kharif,47969.08
F3487,Sugarcane,380.18,Rain-fed,6.43,4.35,9054.26,Loamy,Kharif,156348.97
F3488,Carrot,291.54,Drip,5.73,2.32,3368.8,Sandy,Zaid,42736.4
F3489,Carrot,33.73,Flood,0.96,0.58,455.99,Clay,Kharif,8185.65
F3490,Rice,208.62,Sprinkler,8.74,1.3,2122.9,Sandy,Rabi,66335.18
F3491,Soybean,100.12,Manual,3.93,1.8,764.1,Silty,Rabi,23387.04
F3492,Wheat,186.0,Flood,3.16,2.55,1400.18,Sandy,Rabi,41600.94
F3493,Rice,197.84,Manual,3.85,2.35,1547.8,Peaty,Zaid,42074.26
F3494,Cotton,242.71,Manual,8.01,3.22,1460.34,Silty,Zaid,46386.88
F3495,Barley,304.14,Sprinkler,6.63,3.24,3504.86,Loamy,Kharif,133689.35
F3496,Barley,289.78,Rain-fed,7.79,2.0,3487.18,Silty,Zaid,136044.21
F3497,Carrot,29.11,Drip,0.86,0.48,474.94,Clay,Zaid,11062.17
F3498,Potato,377.84,Rain-fed,12.76,7.15,4871.61,Clay,Rabi,42317.75
F3499,Sugarcane,475.1,Flood,9.52,9.15,11332.3,Sandy,Rabi,196925.8
F3500,Wheat,180.85,Rain-fed,2.99,2.72,1684.21,Silty,Kharif,56566.73
F3501,Rice,98.08,Flood,2.54,1.09,1157.19,Loamy,Rabi,39548.55
F3502,Sugarcane,274.6,Flood,3.65,3.34,5777.17,Clay,Zaid,75497.46
F3503,Rice,355.41,Drip,11.04,5.28,2183.71,Loamy,Kharif,41409.49
F3504,Soybean,342.66,Sprinkler,14.93,5.94,3598.17,Peaty,Kharif,127709.96
F3505,Cotton,309.93,Drip,4.57,3.29,2386.26,Clay,Rabi,86053.52
F3506,Cotton,81.65,Rain-fed,1.18,1.53,894.29,Sandy,Rabi,36712.97
F3507,Sugarcane,420.04,Flood,5.55,4.14,9871.53,Peaty,Rabi,166024.64
F3508,Sugarcane,218.55,Manual,9.6,2.83,4519.47,Silty,Kharif,53289.0
F3509,Sugarcane,118.52,Manual,1.57,2.3,2768.64,Loamy,Rabi,46179.12
F3510,Rice,52.27,Flood,2.58,1.0,510.64,Clay,Zaid,15580.94
F3511,Soybean,214.19,Drip,5.21,3.31,1395.23,Peaty,Kharif,38506.99
F3512,Maize,312.81,Sprinkler,7.24,3.09,2776.06,Peaty,Rabi,83818.0
F3513,Sugarcane,336.04,Drip,4.59,2.78,6517.39,Clay,Zaid,63519.02
F3514,Potato,481.74,Flood,16.1,2.99,6165.62,Silty,Zaid,49133.07
F3515,Wheat,85.04,Flood,2.84,1.33,615.28,Silty,Rabi,16899.51
F3516,Wheat,493.03,Sprinkler,14.67,6.19,3375.54,Sandy,Zaid,90622.95
F3517,Rice,330.79,Rain-fed,7.42,4.49,1866.81,Silty,Kharif,33652.96
F3518,Sugarcane,232.57,Rain-fed,5.75,2.81,5540.59,Sandy,Kharif,96184.93
F3519,Carrot,445.22,Sprinkler,10.16,5.45,5027.24,Peaty,Zaid,58231.46
F3520,Barley,350.3,Rain-fed,9.47,4.75,2871.77,Clay,Kharif,97950.78
F3521,Maize,180.87,Manual,4.28,3.38,1587.38,Silty,Rabi,48320.4
F3522,Potato,443.2,Rain-fed,16.41,2.41,6249.64,Sandy,Zaid,76480.37
F3523,Soybean,336.64,Rain-fed,7.35,5.73,4210.89,Peaty,Kharif,163859.41
F3524,Carrot,352.43,Rain-fed,8.47,3.83,5451.94,Silty,Rabi,120352.64
F3525,Cotton,449.23,Manual,12.32,7.27,4806.29,Loamy,Rabi,191105.23
F3526,Carrot,229.72,Rain-fed,2.33,4.42,3317.84,Peaty,Kharif,68562.54
F3527,Rice,331.88,Manual,9.85,3.18,3803.77,Silty,Zaid,129143.9
F3528,Maize,374.9,Sprinkler,7.59,2.38,4971.54,Peaty,Rabi,182916.93
F3529,Tomato,232.43,Drip,2.85,1.97,4048.89,Clay,Rabi,55635.1
F3530,Tomato,50.89,Sprinkler,2.36,0.42,962.9,Clay,Rabi,15354.26
F3531,Sugarcane,388.01,Drip,8.88,6.26,8462.82,Clay,Rabi,118657.8
F3532,Sugarcane,33.43,Sprinkler,0.9,0.2,859.3,Loamy,Zaid,16607.96
F3533,Rice,361.78,Drip,15.59,2.09,2800.98,Clay,Kharif,69909.87
F3534,Soybean,456.33,Drip,7.61,7.03,4700.01,Loamy,Kharif,168897.81
F3535,Sugarcane,180.01,Flood,7.92,2.4,3403.7,Clay,Kharif,27954.84
F3536,Barley,60.01,Drip,1.18,0.68,727.33,Peaty,Rabi,28254.6
F3537,Maize,124.1,Drip,4.17,1.69,1280.83,Silty,Zaid,41717.69
F3538,Rice,285.52,Flood,10.69,4.58,3613.69,Silty,Kharif,126702.77
F3539,Wheat,471.9,Rain-fed,21.8,3.09,5861.93,Clay,Zaid,216177.29
F3540,Cotton,261.02,Rain-fed,8.95,3.47,2260.79,Silty,Kharif,84268.26
F3541,Rice,65.24,Flood,1.84,1.13,726.07,Clay,Rabi,24322.14
F3542,Rice,317.61,Manual,10.45,3.31,3580.01,Clay,Kharif,120530.69
F3543,Tomato,369.09,Drip,6.67,6.07,6754.12,Sandy,Rabi,104893.69
F3544,Potato,202.71,Drip,7.61,3.58,3293.24,Sandy,Rabi,55529.15
F3545,Soybean,363.54,Flood,6.35,6.29,2263.91,Sandy,Kharif,63429.08
F3546,Potato,169.16,Flood,5.46,2.5,2675.38,Loamy,Zaid,42894.0
F3547,Barley,396.65,Manual,14.24,6.25,4992.29,Sandy,Rabi,196860.57
F3548,Wheat,177.13,Rain-fed,8.14,2.98,1308.25,Clay,Zaid,36832.27
F3549,Tomato,135.49,Sprinkler,3.79,2.17,2821.71,Peaty,Kharif,54871.25
F3550,Wheat,440.8,Rain-fed,18.08,5.19,2498.25,Sandy,Rabi,54544.01
F3551,Barley,278.75,Drip,4.66,2.06,2325.13,Sandy,Zaid,79998.34
F3552,Potato,149.73,Flood,2.43,1.44,1959.67,Peaty,Rabi,18470.88
F3553,Rice,468.19,Manual,14.51,3.8,4438.47,Clay,Kharif,135925.66
F3554,Sugarcane,348.52,Rain-fed,11.8,3.63,6259.36,Loamy,Rabi,38692.71
F3555,Sugarcane,118.14,Manual,4.17,1.46,2665.51,Sandy,Kharif,40796.96
F3556,Carrot,311.17,Rain-fed,12.39,6.03,4786.66,Peaty,Zaid,104120.21
F3557,Cotton,436.48,Drip,9.51,8.46,4608.73,Clay,Rabi,182943.3
F3558,Soybean,351.12,Sprinkler,12.26,5.81,3386.82,Silty,Zaid,117031.73
F3559,Barley,129.93,Manual,2.28,2.56,1559.07,Loamy,Kharif,61119.96
F3560,Cotton,327.94,Manual,6.15,6.55,3385.94,Peaty,Kharif,135516.75
F3561,Soybean,313.39,Sprinkler,3.98,5.73,1829.55,Peaty,Zaid,47968.0
F3562,Cotton,412.21,Manual,16.44,2.55,2627.55,Peaty,Zaid,84993.98
F3563,Potato,97.28,Manual,2.95,1.11,1247.96,Sandy,Kharif,10749.23
F3564,Soybean,352.82,Rain-fed,6.89,4.59,2771.85,Silty,Zaid,89776.57
F3565,Potato,23.41,Rain-fed,0.76,0.16,393.4,Loamy,Kharif,7112.8
F3566,Rice,351.13,Sprinkler,8.49,6.01,4641.72,Clay,Zaid,167971.08
F3567,Tomato,480.61,Drip,20.9,3.47,9157.8,Clay,Kharif,148465.1
F3568,Potato,95.45,Manual,2.97,1.03,1809.26,Silty,Kharif,39364.75
F3569,Sugarcane,162.54,Drip,1.82,0.98,3217.52,Peaty,Rabi,33679.2
F3570,Cotton,295.61,Sprinkler,14.6,3.8,1664.83,Peaty,Kharif,47670.59
F3571,Carrot,368.87,Sprinkler,4.79,5.15,6307.22,Peaty,Kharif,156525.78
F3572,Maize,178.74,Rain-fed,6.76,2.86,1339.5,Peaty,Rabi,35564.3
F3573,Soybean,335.49,Manual,9.22,3.39,3972.27,Peaty,Rabi,150477.3
F3574,Barley,450.65,Flood,9.0,6.25,2698.02,Silty,Zaid,75681.57
F3575,Carrot,366.01,Sprinkler,13.56,5.86,6416.63,Sandy,Zaid,161278.35
F3576,Sugarcane,358.4,Manual,5.39,5.89,8516.96,Loamy,Kharif,146635.89
F3577,Potato,197.17,Drip,8.74,1.88,3502.81,Peaty,Zaid,67921.24
F3578,Tomato,456.6,Rain-fed,9.14,2.75,9731.94,Sandy,Zaid,200944.46
F3579,Rice,145.89,Drip,3.57,0.81,1221.76,Clay,Kharif,33887.51
F3580,Maize,110.59,Sprinkler,3.9,1.83,767.6,Silty,Rabi,18403.25
F3581,Wheat,188.47,Sprinkler,1.89,2.03,1188.17,Sandy,Rabi,30685.94
F3582,Carrot,328.58,Drip,9.5,2.3,4252.81,Peaty,Kharif,68391.09
F3583,Tomato,432.22,Sprinkler,19.78,3.36,7979.98,Peaty,Kharif,120369.93
F3584,Wheat,74.72,Manual,2.78,1.23,913.54,Peaty,Kharif,33653.94
F3585,Maize,408.76,Sprinkler,10.43,5.72,2521.44,Sandy,Kharif,55515.85
F3586,Barley,408.28,Rain-fed,14.87,5.11,4909.9,Peaty,Kharif,190299.62
F3587,Barley,297.59,Manual,14.12,4.27,3615.91,Sandy,Kharif,139926.42
F3588,Cotton,382.72,Flood,6.7,2.7,3799.16,Peaty,Zaid,149602.18
F3589,Maize,99.12,Sprinkler,3.1,0.97,1262.12,Clay,Zaid,45607.15
F3590,Maize,93.1,Sprinkler,1.81,0.99,1079.29,Clay,Zaid,37983.14
F3591,Wheat,432.77,Rain-fed,19.12,4.21,4133.24,Loamy,Rabi,134730.75
F3592,Tomato,254.09,Rain-fed,9.87,4.57,4958.07,Peaty,Kharif,86467.78
F3593,Soybean,130.51,Drip,5.49,1.79,1316.97,Peaty,Kharif,45846.56
F3594,Wheat,347.48,Drip,16.58,5.54,2202.69,Sandy,Zaid,52384.83
F3595,Rice,447.02,Drip,8.62,3.82,3215.46,Sandy,Rabi,79221.42
F3596,Barley,319.84,Rain-fed,3.82,2.87,2778.0,Peaty,Zaid,98941.11
F3597,Barley,180.2,Drip,3.9,1.51,1023.49,Loamy,Kharif,26325.52
F3598,Cotton,246.79,Drip,6.41,3.78,2949.49,Peaty,Kharif,119936.2
F3599,Rice,378.61,Flood,13.25,3.88,3686.3,Sandy,Zaid,114663.0
F3600,Barley,43.08,Drip,1.81,0.48,339.98,Peaty,Zaid,10856.54
F3601,Wheat,116.41,Sprinkler,2.79,1.82,744.49,Sandy,Kharif,18976.79
F3602,Rice,236.67,Rain-fed,6.85,4.63,2114.62,Peaty,Zaid,63098.3
F3603,Wheat,306.08,Manual,12.68,2.27,2362.46,Silty,Kharif,67634.22
F3604,Soybean,176.19,Flood,3.35,1.05,963.36,Sandy,Zaid,23815.91
F3605,Soybean,156.21,Rain-fed,2.92,1.24,1962.29,Loamy,Rabi,76044.11
F3606,Barley,30.28,Rain-fed,1.02,0.49,206.2,Silty,Kharif,6237.06
F3607,Barley,25.97,Sprinkler,0.71,0.21,267.01,Peaty,Rabi,9771.44
F3608,Tomato,146.56,Drip,7.03,2.02,2280.91,Sandy,Zaid,20009.76
F3609,Soybean,269.95,Sprinkler,6.55,3.74,3303.63,Silty,Rabi,125598.05
F3610,Carrot,282.62,Drip,11.41,2.66,4411.96,Loamy,Zaid,95045.95
F3611,Carrot,252.07,Drip,8.4,1.52,4039.09,Sandy,Rabi,91439.35
F3612,Cotton,210.84,Rain-fed,2.57,2.32,2171.41,Silty,Rabi,87017.2
F3613,Soybean,133.62,Drip,1.79,1.04,1300.27,Silty,Rabi,45747.95
F3614,Wheat,206.34,Flood,3.74,1.6,1180.05,Silty,Kharif,26486.45
F3615,Wheat,77.99,Flood,1.23,1.0,664.8,Clay,Rabi,21200.9
F3616,Sugarcane,66.48,Flood,1.54,1.0,1311.35,Peaty,Zaid,13615.29
F3617,Rice,156.97,Rain-fed,5.21,0.96,1492.9,Sandy,Zaid,46257.64
F3618,Potato,497.72,Sprinkler,16.97,6.81,7941.8,Sandy,Kharif,130268.53
F3619,Carrot,169.98,Manual,5.7,1.48,2934.64,Sandy,Kharif,73197.15
F3620,Barley,468.86,Drip,6.89,7.08,3103.28,Silty,Zaid,93219.01
F3621,Cotton,202.21,Manual,6.88,3.47,1175.04,Peaty,Rabi,36502.76
F3622,Potato,225.11,Sprinkler,5.94,3.85,4591.1,Loamy,Zaid,108783.29
F3623,Maize,400.56,Sprinkler,18.47,4.23,5296.8,Sandy,Kharif,192191.74
F3624,Cotton,55.88,Rain-fed,2.6,0.75,683.39,Peaty,Kharif,27795.31
F3625,Maize,99.33,Flood,4.05,1.68,1004.47,Peaty,Zaid,32517.05
F3626,Soybean,487.18,Flood,18.57,2.88,2870.67,Clay,Rabi,70766.84
F3627,Maize,257.9,Sprinkler,3.76,3.63,3202.05,Sandy,Rabi,116587.88
F3628,Maize,31.71,Rain-fed,0.42,0.56,205.66,Silty,Kharif,5011.91
F3629,Tomato,33.22,Rain-fed,1.45,0.35,531.2,Peaty,Zaid,5388.98
F3630,Tomato,454.55,Drip,12.31,5.38,7399.28,Peaty,Zaid,80618.18
F3631,Tomato,437.95,Flood,12.29,6.78,8739.42,Loamy,Kharif,158260.51
F3632,Soybean,234.62,Sprinkler,10.3,1.41,1384.43,Clay,Zaid,33521.78
F3633,Potato,89.98,Manual,3.14,0.97,1704.45,Peaty,Kharif,37009.43
F3634,Cotton,416.84,Flood,7.16,3.93,1915.43,Peaty,Rabi,51396.57
F3635,Cotton,169.05,Drip,3.12,0.89,864.77,Silty,Rabi,24373.98
F3636,Barley,215.34,Rain-fed,2.21,1.71,1719.29,Silty,Zaid,58958.61
F3637,Tomato,344.41,Sprinkler,13.23,3.77,6167.75,Loamy,Rabi,86678.04
F3638,Soybean,183.17,Flood,5.39,1.46,2360.85,Loamy,Rabi,90828.56
F3639,Barley,318.05,Manual,15.27,4.46,4003.21,Loamy,Kharif,154808.59
F3640,Rice,443.79,Drip,17.11,5.21,3275.49,Silty,Kharif,78050.3
F3641,Barley,400.71,Drip,5.66,2.24,4904.55,Silty,Zaid,191807.73
F3642,Potato,196.99,Flood,3.24,1.8,3571.89,Clay,Kharif,74246.25
F3643,Carrot,151.09,Manual,4.54,0.8,2097.93,Sandy,Zaid,39817.56
F3644,Maize,149.9,Drip,7.04,1.55,1731.63,Sandy,Zaid,59338.32
F3645,Tomato,180.81,Sprinkler,3.6,1.61,3953.15,Clay,Kharif,83182.64
F3646,Carrot,251.82,Drip,10.83,3.86,3087.19,Sandy,Rabi,43327.87
F3647,Barley,214.13,Manual,4.82,2.06,1331.68,Silty,Rabi,38199.94
F3648,Soybean,75.17,Rain-fed,1.56,0.8,601.7,Sandy,Rabi,19806.94
F3649,Maize,90.09,Rain-fed,4.15,1.43,626.55,Silty,Rabi,15107.28
F3650,Cotton,178.04,Flood,2.12,2.17,1230.52,Clay,Zaid,43468.97
F3651,Wheat,285.41,Manual,10.4,3.81,2978.82,Loamy,Rabi,102256.23
F3652,Maize,300.41,Drip,3.52,5.29,3566.86,Clay,Zaid,127710.49
F3653,Potato,248.24,Drip,10.43,2.01,3782.56,Sandy,Kharif,54805.25
F3654,Potato,372.0,Rain-fed,16.06,7.38,5583.63,Silty,Kharif,79121.56
F3655,Barley,371.25,Rain-fed,16.98,6.87,4053.44,Sandy,Zaid,152917.62
F3656,Rice,219.54,Sprinkler,3.83,2.04,1901.16,Sandy,Rabi,55413.56
F3657,Potato,70.98,Rain-fed,1.06,1.31,1354.4,Loamy,Zaid,30334.44
F3658,Potato,269.79,Sprinkler,8.13,4.4,5568.17,Sandy,Rabi,134178.46
F3659,Soybean,196.92,Drip,4.11,3.73,2514.15,Loamy,Rabi,96858.46
F3660,Barley,77.58,Sprinkler,2.66,1.19,781.98,Silty,Zaid,28323.33
F3661,Maize,491.09,Sprinkler,15.0,7.42,4199.19,Silty,Zaid,122814.49
F3662,Rice,191.18,Flood,3.02,0.97,1184.38,Loamy,Rabi,24126.16
F3663,Carrot,316.64,Rain-fed,12.53,3.84,5254.51,Clay,Zaid,125141.65
F3664,Wheat,250.16,Sprinkler,10.54,2.0,3306.39,Silty,Rabi,122876.86
F3665,Tomato,79.99,Drip,3.88,0.79,1234.38,Clay,Zaid,10173.7
F3666,Cotton,37.22,Manual,0.96,0.73,155.82,Silty,Kharif,3813.45
F3667,Potato,316.63,Sprinkler,7.44,1.99,6143.65,Silty,Rabi,137007.83
F3668,Barley,131.04,Rain-fed,2.32,2.08,702.65,Peaty,Kharif,18464.11
F3669,Tomato,129.39,Flood,2.23,0.98,1966.49,Sandy,Zaid,17163.54
F3670,Cotton,478.92,Drip,10.94,2.45,5488.45,Sandy,Kharif,222282.49
F3671,Cotton,236.27,Flood,11.64,2.96,1172.63,Clay,Zaid,31145.99
F3672,Carrot,24.42,Manual,0.33,0.18,278.85,Sandy,Rabi,3555.55
F3673,Carrot,176.52,Sprinkler,3.6,3.44,2678.05,Clay,Zaid,57869.42
F3674,Carrot,296.4,Sprinkler,3.98,2.39,4946.3,Silty,Zaid,119368.23
F3675,Sugarcane,171.0,Rain-fed,3.58,1.35,3556.84,Peaty,Rabi,44430.23
F3676,Sugarcane,23.16,Sprinkler,0.32,0.13,486.02,Peaty,Zaid,6211.66
F3677,Cotton,227.71,Drip,6.91,2.27,2134.54,Silty,Rabi,80394.0
F3678,Carrot,61.89,Manual,1.7,0.33,912.17,Loamy,Zaid,18702.55
F3679,Soybean,313.39,Flood,5.32,3.91,1569.22,Loamy,Rabi,33674.0
F3680,Potato,313.6,Manual,5.33,3.95,4207.49,Sandy,Kharif,45607.54
F3681,Tomato,28.5,Sprinkler,1.0,0.17,553.67,Clay,Zaid,9480.9
F3682,Tomato,152.43,Flood,3.88,1.31,3203.6,Peaty,Zaid,63632.72
F3683,Sugarcane,212.71,Rain-fed,2.61,3.72,5002.93,Sandy,Zaid,86197.36
F3684,Cotton,279.63,Manual,13.09,3.34,2868.75,Silty,Rabi,110739.57
F3685,Barley,155.07,Flood,4.06,1.79,1680.23,Peaty,Zaid,63347.94
F3686,Maize,151.0,Flood,5.08,2.34,887.59,Clay,Rabi,17783.89
F3687,Maize,491.68,Flood,22.33,7.73,6267.4,Clay,Zaid,225208.24
F3688,Sugarcane,30.51,Drip,0.8,0.5,759.27,Loamy,Kharif,13905.07
F3689,Barley,494.63,Manual,21.18,8.63,4419.85,Sandy,Zaid,154705.93
F3690,Sugarcane,33.4,Flood,1.56,0.28,663.49,Silty,Kharif,6660.91
F3691,Maize,151.29,Manual,2.57,0.91,1533.32,Peaty,Rabi,50964.36
F3692,Barley,251.91,Flood,11.51,2.7,2339.37,Clay,Kharif,81405.34
F3693,Carrot,80.22,Rain-fed,1.19,1.43,984.94,Peaty,Zaid,15175.53
F3694,Cotton,76.07,Rain-fed,1.6,0.47,678.93,Silty,Zaid,25960.65
F3695,Tomato,135.59,Rain-fed,5.74,1.85,2865.91,Peaty,Rabi,56802.4
F3696,Soybean,487.02,Sprinkler,22.42,7.56,5571.75,Sandy,Zaid,205737.44
F3697,Rice,196.26,Flood,7.33,2.4,1230.5,Loamy,Zaid,24312.18
F3698,Cotton,287.34,Sprinkler,4.08,2.54,1644.83,Peaty,Rabi,51394.71
F3699,Carrot,355.1,Manual,10.98,3.51,5711.28,Loamy,Rabi,130425.47
F3700,Maize,373.69,Sprinkler,12.3,2.27,4668.74,Silty,Kharif,165892.66
F3701,Carrot,347.14,Manual,7.39,3.26,5148.7,Loamy,Rabi,107088.14
F3702,Sugarcane,175.09,Manual,8.69,0.99,4113.05,Peaty,Zaid,67063.11
F3703,Barley,64.75,Manual,1.52,1.03,310.03,Peaty,Rabi,7020.4
F3704,Tomato,148.04,Sprinkler,2.73,2.73,2882.25,Clay,Zaid,50832.62
F3705,Potato,113.04,Flood,1.63,1.64,2292.21,Peaty,Kharif,54799.94
F3706,Sugarcane,76.78,Sprinkler,1.93,1.14,1769.28,Loamy,Rabi,27977.58
F3707,Cotton,22.0,Flood,0.83,0.27,255.54,Clay,Zaid,10317.62
F3708,Sugarcane,468.51,Flood,9.02,3.44,10391.51,Peaty,Rabi,152922.02
F3709,Cotton,461.31,Manual,18.81,2.36,5091.88,Peaty,Rabi,201753.24
F3710,Potato,34.7,Sprinkler,0.54,0.35,474.27,Silty,Rabi,5194.02
F3711,Wheat,94.81,Flood,2.62,1.54,584.06,Clay,Rabi,14165.33
F3712,Tomato,78.36,Rain-fed,2.98,1.52,1228.45,Silty,Kharif,11602.19
F3713,Soybean,147.8,Flood,2.28,1.69,1287.29,Silty,Zaid,43680.56
F3714,Soybean,109.99,Rain-fed,3.73,1.15,831.77,Silty,Rabi,25530.15
F3715,Rice,473.47,Sprinkler,19.87,5.53,5456.29,Sandy,Zaid,183551.49
F3716,Carrot,51.24,Sprinkler,1.73,0.59,923.78,Silty,Kharif,23625.76
F3717,Wheat,113.72,Sprinkler,3.46,1.64,1162.83,Loamy,Zaid,39545.67
F3718,Soybean,49.55,Flood,2.16,0.79,331.81,Peaty,Zaid,9181.65
F3719,Sugarcane,490.39,Drip,24.23,8.23,12407.83,Sandy,Kharif,231635.53
F3720,Carrot,460.02,Flood,7.94,6.78,6834.39,Silty,Rabi,143132.79
F3721,Wheat,361.15,Flood,13.6,4.18,3978.46,Peaty,Zaid,140118.13
F3722,Barley,218.73,Manual,2.89,4.21,2537.69,Clay,Zaid,99783.67
F3723,Barley,103.19,Manual,1.21,1.62,1282.14,Clay,Rabi,51173.96
F3724,Carrot,118.53,Flood,2.52,1.35,1742.89,Peaty,Rabi,35846.49
F3725,Cotton,227.09,Rain-fed,11.09,2.66,2450.32,Loamy,Zaid,96110.02
F3726,Cotton,386.43,Manual,12.4,6.67,3365.73,Peaty,Kharif,126264.48
F3727,Sugarcane,139.72,Flood,2.9,1.62,3009.88,Peaty,Rabi,41158.19
F3728,Wheat,162.29,Drip,2.48,2.07,1526.46,Sandy,Rabi,51134.53
F3729,Wheat,303.97,Rain-fed,14.23,2.85,2781.51,Clay,Kharif,89279.85
F3730,Carrot,126.49,Sprinkler,3.1,2.22,1773.53,Clay,Zaid,33950.64
F3731,Maize,296.27,Flood,6.6,3.8,3338.75,Silty,Rabi,115392.57
F3732,Barley,199.69,Flood,8.85,2.65,1358.34,Peaty,Zaid,39912.93
F3733,Wheat,26.84,Rain-fed,0.92,0.49,270.55,Peaty,Zaid,9301.62
F3734,Carrot,207.32,Manual,3.47,3.9,3373.41,Loamy,Zaid,79857.76
F3735,Potato,460.57,Manual,12.37,8.0,9095.99,Clay,Kharif,210403.92
F3736,Rice,153.62,Manual,7.24,0.92,1306.44,Loamy,Zaid,35756.31
F3737,Potato,168.19,Sprinkler,7.74,1.96,3311.32,Sandy,Zaid,74715.72
F3738,Tomato,42.31,Rain-fed,0.54,0.43,935.68,Silty,Rabi,20229.6
F3739,Sugarcane,311.37,Rain-fed,6.46,2.55,7108.9,Loamy,Rabi,111929.89
F3740,Wheat,426.13,Manual,6.9,7.94,4770.52,Clay,Kharif,174104.79
F3741,Tomato,182.93,Manual,5.74,3.36,3265.6,Sandy,Kharif,47979.97
F3742,Soybean,127.72,Drip,5.11,1.53,1619.64,Peaty,Rabi,61414.85
F3743,Tomato,478.74,Drip,10.45,3.36,9594.14,Sandy,Rabi,176341.21
F3744,Carrot,375.09,Flood,15.12,1.95,5002.97,Loamy,Kharif,84042.7
F3745,Wheat,287.91,Flood,10.58,3.33,2436.68,Clay,Zaid,75347.39
F3746,Rice,159.71,Rain-fed,6.25,0.89,1713.42,Loamy,Kharif,55435.79
F3747,Carrot,118.19,Rain-fed,5.66,1.67,1494.42,Peaty,Zaid,22888.17
F3748,Carrot,360.71,Sprinkler,9.73,5.1,6047.31,Peaty,Rabi,144850.62
F3749,Sugarcane,265.68,Sprinkler,6.3,4.91,5173.17,Clay,Rabi,50445.76
F3750,Sugarcane,265.09,Drip,9.9,2.08,5993.67,Silty,Rabi,89261.28
F3751,Barley,46.12,Flood,1.95,0.49,475.6,Sandy,Zaid,17469.55
F3752,Barley,260.98,Drip,4.61,4.67,2994.84,Sandy,Kharif,115846.71
F3753,Cotton,413.14,Drip,18.13,5.01,4228.88,Peaty,Zaid,162597.25
F3754,Maize,473.93,Flood,5.84,2.79,5602.55,Loamy,Kharif,198828.56
F3755,Wheat,62.27,Sprinkler,0.64,0.41,775.66,Loamy,Kharif,28968.34
F3756,Wheat,319.27,Flood,5.22,5.49,3157.99,Silty,Kharif,108267.53
F3757,Tomato,288.49,Manual,14.18,4.66,6241.47,Loamy,Rabi,126506.4
F3758,Wheat,446.25,Manual,13.81,8.09,3105.08,Sandy,Kharif,86014.79
F3759,Wheat,378.11,Manual,4.49,2.56,4390.77,Loamy,Rabi,161034.32
F3760,Maize,482.98,Rain-fed,24.09,7.92,3570.84,Silty,Kharif,91125.79
F3761,Soybean,480.42,Sprinkler,19.12,7.12,5976.82,Sandy,Kharif,227645.91
F3762,Barley,120.59,Sprinkler,5.25,1.02,911.93,Loamy,Rabi,27974.6
F3763,Barley,365.42,Rain-fed,6.77,7.17,2142.84,Sandy,Rabi,61659.54
F3764,Rice,269.96,Drip,3.84,3.66,1837.98,Peaty,Zaid,42995.27
F3765,Wheat,115.15,Manual,3.52,2.14,766.61,Peaty,Kharif,20141.63
F3766,Maize,105.49,Manual,4.31,1.89,963.48,Peaty,Rabi,29432.25
F3767,Barley,49.73,Drip,1.77,0.5,448.64,Loamy,Zaid,15360.01
F3768,Maize,399.82,Flood,14.09,5.21,5142.89,Silty,Zaid,186120.63
F3769,Potato,169.01,Flood,6.81,1.94,2669.64,Sandy,Rabi,42658.45
F3770,Soybean,429.91,Sprinkler,8.2,6.72,2826.95,Clay,Kharif,80391.01
F3771,Wheat,308.07,Rain-fed,11.23,4.26,3429.11,Peaty,Zaid,122468.39
F3772,Rice,340.08,Sprinkler,8.73,5.7,2306.56,Peaty,Kharif,52325.36
F3773,Tomato,152.92,Flood,1.96,0.79,3320.67,Clay,Kharif,69871.25
F3774,Barley,234.07,Drip,4.23,3.59,1850.11,Clay,Zaid,61739.38
F3775,Potato,212.04,Sprinkler,8.85,2.07,3777.51,Loamy,Rabi,73266.06
F3776,Maize,125.49,Manual,5.75,1.05,883.57,Sandy,Kharif,21894.26
F3777,Sugarcane,417.93,Manual,8.91,7.11,7841.92,Peaty,Rabi,66121.55
F3778,Carrot,314.82,Drip,5.55,2.0,5377.97,Silty,Zaid,132078.84
F3779,Wheat,28.34,Flood,0.31,0.24,242.35,Loamy,Kharif,7705.56
F3780,Wheat,411.76,Manual,19.73,3.32,5465.3,Loamy,Rabi,203696.16
F3781,Potato,61.96,Manual,2.31,0.7,1050.77,Silty,Rabi,19189.74
F3782,Maize,207.81,Rain-fed,10.03,2.04,2575.19,Silty,Kharif,91075.6
F3783,Cotton,289.92,Sprinkler,12.92,4.58,3545.3,Silty,Rabi,142634.4
F3784,Wheat,13.75,Flood,0.32,0.21,101.63,Clay,Rabi,2921.14
F3785,Cotton,329.92,Sprinkler,4.79,3.26,3471.95,Peaty,Zaid,138684.85
F3786,Sugarcane,333.25,Flood,9.99,3.85,5948.95,Clay,Zaid,36258.9
F3787,Potato,329.74,Manual,3.65,2.68,5929.43,Peaty,Rabi,122630.07
F3788,Maize,90.1,Rain-fed,1.44,1.36,1016.72,Clay,Rabi,35866.76
F3789,Maize,135.31,Sprinkler,2.62,1.48,1249.01,Sandy,Kharif,39367.5
F3790,Soybean,131.21,Manual,4.81,0.92,816.0,Peaty,Zaid,21629.61
F3791,Carrot,480.43,Flood,14.6,3.32,7545.77,Loamy,Kharif,166560.4
F3792,Barley,43.09,Sprinkler,0.95,0.42,512.22,Peaty,Rabi,19778.26
F3793,Barley,220.09,Sprinkler,7.17,3.57,2687.92,Peaty,Kharif,104000.1
F3794,Tomato,436.91,Manual,6.56,2.35,8979.79,Peaty,Rabi,174084.6
F3795,Rice,387.04,Sprinkler,15.57,3.43,3047.9,Sandy,Zaid,79530.69
F3796,Potato,413.0,Rain-fed,15.89,3.07,8118.75,Clay,Zaid,185076.5
F3797,Sugarcane,486.42,Rain-fed,9.08,9.41,12015.56,Loamy,Rabi,221580.28
F3798,Maize,199.76,Manual,6.84,3.11,1677.02,Clay,Zaid,49319.7
F3799,Carrot,161.73,Flood,4.87,1.37,1969.79,Clay,Rabi,28010.64
F3800,Cotton,25.02,Manual,0.31,0.2,276.82,Silty,Kharif,11257.01
F3801,Potato,83.51,Rain-fed,1.76,1.49,1636.47,Sandy,Rabi,37916.56
F3802,Tomato,285.39,Drip,14.26,2.24,4501.56,Silty,Kharif,40057.64
F3803,Potato,87.25,Drip,1.22,1.74,1771.94,Sandy,Rabi,42474.55
F3804,Tomato,370.79,Sprinkler,11.22,3.42,7040.92,Clay,Zaid,116143.21
F3805,Maize,28.24,Sprinkler,1.24,0.18,384.76,Clay,Rabi,14051.15
F3806,Rice,137.15,Drip,3.02,2.11,1263.17,Sandy,Rabi,38127.91
F3807,Tomato,350.77,Rain-fed,7.17,4.96,6604.08,Clay,Rabi,109901.55
F3808,Maize,135.2,Sprinkler,6.17,2.7,1046.92,Clay,Zaid,27909.01
F3809,Maize,367.09,Manual,8.15,6.25,4639.33,Loamy,Rabi,168708.05
F3810,Rice,497.97,Manual,17.96,5.69,4618.14,Silty,Zaid,138180.04
F3811,Barley,400.57,Rain-fed,15.87,6.07,4513.78,Silty,Rabi,170581.47
F3812,Potato,177.5,Sprinkler,7.37,3.07,2394.19,Silty,Kharif,23411.05
F3813,Wheat,451.29,Manual,22.47,5.73,5255.8,Peaty,Rabi,187420.14
F3814,Wheat,35.08,Sprinkler,1.48,0.32,326.99,Loamy,Kharif,10386.52
F3815,Cotton,365.25,Sprinkler,13.25,2.98,1592.16,Silty,Zaid,37315.43
F3816,Cotton,21.43,Manual,0.98,0.2,131.1,Silty,Zaid,4082.13
F3817,Wheat,95.53,Drip,4.42,1.69,667.44,Loamy,Rabi,16956.21
F3818,Sugarcane,493.92,Manual,24.17,5.29,11756.91,Clay,Zaid,197915.43
F3819,Wheat,186.83,Rain-fed,7.67,1.74,1699.85,Silty,Rabi,54346.32
F3820,Cotton,412.04,Flood,7.33,7.04,2199.85,Clay,Zaid,67528.92
F3821,Carrot,194.28,Manual,7.46,1.06,2493.64,Silty,Kharif,39385.18
F3822,Cotton,421.61,Sprinkler,5.48,5.86,3400.29,Sandy,Zaid,127171.72
F3823,Sugarcane,483.07,Sprinkler,10.97,8.75,8615.25,Peaty,Kharif,52101.15
F3824,Potato,223.41,Manual,3.27,2.49,3569.38,Silty,Rabi,60243.3
F3825,Wheat,284.08,Flood,13.64,2.57,3051.42,Sandy,Rabi,105457.88
F3826,Rice,318.03,Manual,7.49,3.94,3120.96,Loamy,Rabi,97668.63
F3827,Carrot,468.07,Flood,18.03,7.38,7253.08,Sandy,Kharif,158787.66
F3828,Maize,135.8,Flood,4.46,1.73,1113.26,Loamy,Rabi,31322.96
F3829,Sugarcane,309.51,Rain-fed,4.43,1.58,5894.25,Silty,Rabi,53616.89
F3830,Cotton,169.11,Sprinkler,5.49,1.04,1827.95,Loamy,Kharif,71686.37
F3831,Rice,116.3,Sprinkler,4.24,1.84,1507.11,Sandy,Zaid,53758.87
F3832,Tomato,51.61,Flood,2.34,0.57,977.25,Peaty,Rabi,15705.02
F3833,Barley,314.15,Sprinkler,4.02,5.27,2199.81,Clay,Zaid,69746.11
F3834,Wheat,442.22,Drip,9.65,6.52,4090.56,Clay,Zaid,134648.57
F3835,Barley,182.18,Flood,6.87,2.5,2151.99,Peaty,Rabi,82272.57
F3836,Sugarcane,280.81,Sprinkler,3.19,5.2,6488.53,Clay,Rabi,105741.62
F3837,Tomato,324.65,Drip,5.89,1.73,7008.48,Silty,Kharif,143962.92
F3838,Tomato,213.18,Rain-fed,4.0,1.56,3672.01,Silty,Kharif,49319.24
F3839,Tomato,452.64,Sprinkler,16.64,6.5,9255.1,Sandy,Rabi,174172.26
F3840,Maize,187.75,Drip,4.03,1.12,2002.91,Sandy,Zaid,67818.99
F3841,Sugarcane,71.26,Manual,2.42,1.05,1589.76,Loamy,Kharif,23417.81
F3842,Potato,80.57,Manual,3.92,1.59,1366.9,Sandy,Kharif,25080.62
F3843,Barley,446.52,Drip,18.63,8.12,4146.88,Silty,Rabi,143061.13
F3844,Potato,494.12,Flood,11.52,6.85,9587.14,Sandy,Rabi,217349.53
F3845,Rice,151.58,Flood,4.38,2.79,1971.12,Clay,Rabi,70696.37
F3846,Soybean,80.37,Sprinkler,1.45,0.54,468.28,Loamy,Rabi,11664.56
F3847,Carrot,246.28,Manual,2.62,2.91,3721.29,Loamy,Kharif,80660.14
F3848,Carrot,357.67,Flood,7.72,4.09,6443.65,Silty,Kharif,167161.27
F3849,Potato,310.08,Flood,7.68,3.12,4246.82,Sandy,Kharif,47719.67
F3850,Soybean,476.04,Manual,15.51,2.38,3893.3,Clay,Zaid,126219.83
F3851,Soybean,410.71,Rain-fed,19.62,7.54,2312.16,Sandy,Kharif,55705.6
F3852,Wheat,435.8,Flood,20.88,7.26,2724.22,Peaty,Kharif,63360.68
F3853,Rice,275.42,Drip,3.53,4.07,3528.35,Sandy,Rabi,127144.65
F3854,Sugarcane,170.36,Sprinkler,5.89,1.18,3645.01,Silty,Kharif,47441.81
F3855,Soybean,353.85,Flood,4.14,3.78,3616.87,Sandy,Kharif,132869.45
F3856,Cotton,225.14,Flood,8.09,4.25,1213.96,Loamy,Kharif,35023.45
F3857,Carrot,151.0,Rain-fed,2.22,2.15,1614.26,Clay,Rabi,16425.58
F3858,Cotton,84.61,Drip,4.05,1.19,977.66,Silty,Kharif,38599.74
F3859,Rice,268.66,Sprinkler,11.98,5.02,2806.64,Peaty,Kharif,88608.43
F3860,Soybean,301.18,Flood,3.28,4.04,1468.83,Clay,Zaid,32526.42
F3861,Barley,288.7,Sprinkler,11.92,4.03,3677.27,Clay,Zaid,143467.84
F3862,Carrot,67.11,Manual,2.38,0.68,985.19,Loamy,Zaid,19923.03
F3863,Wheat,289.29,Flood,8.63,3.06,2616.32,Loamy,Zaid,83996.63
F3864,Wheat,92.52,Flood,3.16,1.41,948.76,Loamy,Rabi,32231.81
F3865,Tomato,335.22,Manual,12.45,3.29,4961.54,Silty,Zaid,34581.9
F3866,Maize,220.4,Rain-fed,10.0,2.95,2218.52,Sandy,Kharif,72214.64
F3867,Soybean,425.91,Flood,17.33,3.91,4260.71,Clay,Zaid,149831.13
F3868,Rice,391.35,Sprinkler,12.92,2.93,3176.7,Sandy,Rabi,85620.16
F3869,Carrot,364.95,Drip,15.69,4.31,6062.96,Sandy,Zaid,142599.82
F3870,Maize,353.36,Sprinkler,17.48,2.92,3095.62,Loamy,Zaid,88684.02
F3871,Rice,284.64,Rain-fed,6.26,5.26,3205.84,Sandy,Rabi,110186.44
F3872,Potato,39.95,Drip,0.59,0.38,551.24,Clay,Rabi,6292.64
F3873,Soybean,331.19,Sprinkler,13.0,4.62,4080.84,Clay,Rabi,154161.99
F3874,Sugarcane,238.79,Sprinkler,11.74,2.14,5960.71,Peaty,Rabi,107882.09
F3875,Sugarcane,240.08,Manual,3.52,2.13,4512.52,Silty,Rabi,38473.25
F3876,Soybean,195.72,Rain-fed,5.34,2.01,2406.39,Sandy,Rabi,93042.1
F3877,Tomato,465.24,Manual,5.81,8.72,8837.77,Silty,Kharif,150326.21
F3878,Tomato,132.23,Drip,5.43,1.44,2707.97,Silty,Zaid,50335.08
F3879,Sugarcane,165.13,Manual,7.92,2.86,4049.68,Silty,Zaid,72016.64
F3880,Barley,481.89,Rain-fed,14.44,3.84,2585.03,Silty,Rabi,64297.61
F3881,Carrot,406.98,Flood,10.74,2.33,4903.3,Clay,Rabi,68255.36
F3882,Sugarcane,16.9,Flood,0.78,0.28,339.63,Sandy,Kharif,3653.55
F3883,Barley,453.99,Drip,6.96,5.96,3845.74,Peaty,Kharif,132058.22
F3884,Maize,121.06,Flood,5.53,1.52,1021.25,Silty,Rabi,28862.67
F3885,Barley,355.91,Manual,9.14,3.23,3094.61,Peaty,Kharif,107604.39
F3886,Maize,281.01,Drip,9.1,1.71,1988.99,Clay,Kharif,48998.09
F3887,Rice,273.04,Rain-fed,8.5,3.34,3033.33,Clay,Rabi,101805.33
F3888,Cotton,361.78,Drip,12.53,6.52,1732.56,Loamy,Rabi,44243.68
F3889,Rice,111.52,Drip,5.32,0.76,987.24,Silty,Rabi,27275.28
F3890,Sugarcane,87.92,Sprinkler,4.22,1.67,1702.16,Loamy,Rabi,15088.64
F3891,Maize,329.44,Sprinkler,14.25,3.0,3784.6,Peaty,Zaid,129130.58
F3892,Sugarcane,152.38,Drip,2.69,1.98,3758.02,Sandy,Zaid,69100.17
F3893,Soybean,487.24,Flood,11.37,2.92,2708.55,Loamy,Rabi,64078.54
F3894,Carrot,231.24,Sprinkler,6.82,2.63,3933.93,Clay,Kharif,95737.19
F3895,Wheat,64.68,Rain-fed,2.99,0.45,808.2,Silty,Rabi,29643.29
F3896,Sugarcane,346.05,Manual,10.67,1.98,8814.32,Peaty,Zaid,169421.68
F3897,Carrot,160.02,Sprinkler,7.86,3.12,2480.18,Clay,Kharif,53086.71
F3898,Barley,82.81,Drip,4.09,1.32,617.42,Sandy,Zaid,19125.03
F3899,Rice,217.18,Flood,7.37,3.43,1811.31,Silty,Rabi,49689.28
F3900,Barley,482.47,Manual,21.76,3.07,3745.64,Sandy,Zaid,121383.41
F3901,Wheat,211.6,Sprinkler,10.57,4.01,2161.35,Sandy,Zaid,73016.51
F3902,Maize,180.19,Flood,7.93,2.17,1720.42,Silty,Zaid,53353.87
F3903,Soybean,227.81,Flood,8.26,4.05,2322.73,Silty,Kharif,82342.62
F3904,Carrot,15.94,Flood,0.7,0.08,176.57,Sandy,Zaid,1844.28
F3905,Soybean,75.22,Drip,1.0,0.71,428.38,Peaty,Kharif,10707.73
F3906,Cotton,426.34,Rain-fed,15.09,8.5,5122.75,Silty,Rabi,209169.42
F3907,Sugarcane,489.24,Flood,9.13,5.59,12513.76,Clay,Rabi,243715.4
F3908,Maize,87.39,Manual,1.28,1.6,989.74,Loamy,Zaid,34839.74
F3909,Cotton,272.4,Sprinkler,12.45,2.7,1753.5,Peaty,Kharif,55177.79
F3910,Potato,483.5,Manual,17.21,6.23,9850.46,Silty,Rabi,232735.66
F3911,Sugarcane,86.72,Drip,1.71,1.54,1682.82,Silty,Kharif,16085.83
F3912,Barley,101.29,Drip,2.58,1.43,1071.97,Peaty,Kharif,39764.34
F3913,Rice,464.14,Manual,22.71,7.37,3135.67,Loamy,Zaid,67812.4
F3914,Carrot,355.79,Rain-fed,15.83,3.0,5654.11,Sandy,Zaid,127927.39
F3915,Wheat,84.46,Drip,0.9,0.62,945.07,Clay,Kharif,34106.94
F3916,Wheat,202.81,Drip,9.98,1.71,2501.74,Silty,Kharif,90019.07
F3917,Barley,37.57,Manual,0.93,0.47,395.46,Loamy,Zaid,14793.05
F3918,Tomato,222.01,Drip,8.4,3.78,4926.24,Clay,Kharif,104209.75
F3919,Wheat,391.17,Rain-fed,15.06,4.03,3667.04,Peaty,Zaid,120625.35
F3920,Carrot,281.45,Rain-fed,13.08,3.79,4565.27,Silty,Kharif,104408.54
F3921,Barley,327.25,Rain-fed,14.86,5.59,2499.64,Sandy,Zaid,81098.27
F3922,Maize,170.14,Sprinkler,3.62,1.46,948.97,Peaty,Kharif,17721.26
F3923,Wheat,89.08,Rain-fed,3.18,1.63,1000.84,Silty,Zaid,35872.09
F3924,Soybean,16.43,Rain-fed,0.42,0.32,193.79,Loamy,Kharif,7358.46
F3925,Barley,412.44,Sprinkler,12.79,2.3,2541.81,Clay,Rabi,69937.88
F3926,Carrot,321.96,Flood,10.36,1.9,3531.58,Clay,Rabi,35884.55
F3927,Soybean,122.37,Drip,3.16,0.78,770.15,Silty,Kharif,20288.61
F3928,Sugarcane,215.03,Rain-fed,6.14,3.58,5332.98,Peaty,Rabi,98509.83
F3929,Sugarcane,402.71,Drip,7.38,3.16,8053.03,Sandy,Kharif,87872.38
F3930,Wheat,273.96,Manual,9.4,4.35,1946.9,Loamy,Kharif,53006.83
F3931,Soybean,157.08,Drip,6.34,1.83,817.55,Silty,Rabi,16624.53
F3932,Rice,140.92,Sprinkler,3.83,2.47,1145.87,Loamy,Kharif,30836.5
F3933,Sugarcane,116.63,Drip,5.73,2.0,2752.09,Clay,Zaid,45049.33
F3934,Rice,413.63,Drip,5.08,8.02,5469.33,Sandy,Kharif,200045.1
F3935,Maize,295.11,Drip,9.91,2.59,2406.39,Loamy,Kharif,66428.58
F3936,Barley,357.49,Flood,11.92,3.02,2397.64,Silty,Rabi,70165.45
F3937,Cotton,431.46,Flood,4.94,2.36,4793.4,Sandy,Zaid,196412.06
F3938,Carrot,493.56,Manual,9.37,5.51,8592.14,Peaty,Kharif,217661.9
F3939,Barley,132.25,Sprinkler,6.11,1.57,995.74,Silty,Kharif,30583.98
F3940,Carrot,98.64,Drip,3.13,1.92,1120.21,Loamy,Kharif,12579.06
F3941,Soybean,236.38,Drip,6.49,4.13,3028.77,Sandy,Kharif,117432.18
F3942,Maize,27.18,Drip,0.72,0.2,299.74,Silty,Kharif,10120.45
F3943,Potato,397.94,Drip,18.12,6.76,8052.72,Sandy,Kharif,187284.21
F3944,Wheat,443.04,Flood,10.93,3.4,3473.2,Sandy,Zaid,104890.19
F3945,Carrot,346.16,Manual,15.36,2.13,5506.68,Sandy,Zaid,124296.92
F3946,Carrot,141.32,Rain-fed,3.16,2.48,2262.81,Loamy,Kharif,52259.08
F3947,Soybean,70.35,Sprinkler,2.2,1.38,840.24,Silty,Kharif,31596.85
F3948,Rice,197.25,Drip,3.11,1.25,2684.88,Clay,Rabi,98077.6
F3949,Barley,418.33,Manual,17.99,7.2,2339.21,Clay,Zaid,60016.97
F3950,Potato,180.44,Rain-fed,7.12,3.23,3208.29,Loamy,Zaid,63593.95
F3951,Tomato,26.78,Manual,0.84,0.18,466.88,Loamy,Kharif,6283.06
F3952,Wheat,144.4,Flood,1.59,1.34,1658.23,Sandy,Zaid,61320.28
F3953,Cotton,495.07,Rain-fed,14.48,7.92,5034.49,Silty,Zaid,198850.76
F3954,Tomato,341.57,Manual,6.49,5.85,7425.98,Silty,Rabi,156098.97
F3955,Barley,451.42,Flood,11.98,4.65,3363.51,Peaty,Rabi,107203.47
F3956,Wheat,389.68,Manual,17.25,2.88,2633.52,Peaty,Zaid,67731.81
F3957,Carrot,274.46,Manual,11.19,4.04,2987.87,Clay,Zaid,29839.01
F3958,Cotton,82.86,Rain-fed,1.63,1.29,504.18,Peaty,Zaid,16754.02
F3959,Rice,180.84,Flood,8.93,2.27,1592.24,Peaty,Kharif,44642.68
F3960,Potato,296.03,Drip,13.66,2.12,6061.58,Clay,Rabi,141629.98
F3961,Rice,436.61,Sprinkler,13.6,7.71,4216.41,Clay,Kharif,129476.24
F3962,Maize,141.65,Rain-fed,4.42,2.08,1404.77,Peaty,Rabi,45693.11
F3963,Soybean,69.4,Flood,3.2,1.25,839.43,Silty,Rabi,31372.9
F3964,Wheat,283.83,Manual,10.06,5.39,3487.43,Peaty,Rabi,128865.73
F3965,Rice,96.49,Flood,3.04,1.65,950.75,Sandy,Zaid,30023.07
F3966,Tomato,309.08,Sprinkler,12.35,5.99,4843.62,Sandy,Rabi,44964.99
F3967,Soybean,139.13,Sprinkler,2.7,2.69,967.12,Sandy,Kharif,28966.83
F3968,Rice,123.17,Drip,5.56,1.76,1181.63,Loamy,Rabi,34827.5
F3969,Sugarcane,205.6,Drip,6.43,3.27,4877.14,Sandy,Kharif,82335.61
F3970,Maize,300.66,Sprinkler,10.26,4.66,3397.53,Silty,Rabi,115657.22
F3971,Barley,277.21,Rain-fed,3.77,3.97,2690.97,Loamy,Rabi,98985.51
F3972,Potato,129.92,Rain-fed,2.91,0.69,2556.19,Loamy,Zaid,58736.55
F3973,Maize,446.65,Manual,12.09,4.62,5277.9,Sandy,Kharif,188064.62
F3974,Soybean,63.84,Drip,1.7,0.42,819.09,Peaty,Rabi,31464.34
F3975,Sugarcane,29.34,Manual,1.21,0.28,729.78,Clay,Rabi,13368.76
F3976,Wheat,305.33,Drip,6.5,1.84,2072.4,Peaty,Kharif,54428.21
F3977,Tomato,70.47,Sprinkler,1.22,1.32,1064.29,Peaty,Rabi,8671.04
F3978,Potato,257.4,Rain-fed,8.57,3.03,4122.78,Loamy,Zaid,68417.12
F3979,Potato,476.37,Rain-fed,16.48,3.73,8423.78,Loamy,Kharif,165300.86
F3980,Maize,352.3,Sprinkler,5.24,4.85,3731.76,Loamy,Zaid,125857.69
F3981,Soybean,312.55,Manual,3.16,2.48,2152.57,Silty,Kharif,64700.22
F3982,Wheat,291.65,Manual,13.62,4.98,3555.71,Silty,Kharif,129480.74
F3983,Carrot,97.97,Flood,1.29,0.94,1293.33,Clay,Kharif,22700.49
F3984,Sugarcane,222.0,Drip,10.19,2.16,5618.99,Loamy,Rabi,103816.18
F3985,Carrot,177.84,Manual,4.62,3.21,2549.54,Sandy,Kharif,51330.83
F3986,Tomato,477.01,Sprinkler,17.23,6.39,7117.86,Loamy,Kharif,49683.21
F3987,Wheat,128.74,Manual,2.24,2.36,820.16,Silty,Kharif,21217.97
F3988,Wheat,241.04,Rain-fed,10.35,2.7,1470.03,Loamy,Zaid,33969.64
F3989,Sugarcane,469.66,Drip,8.08,4.77,8477.06,Silty,Kharif,55236.73
F3990,Cotton,396.7,Flood,10.1,5.0,3942.41,Loamy,Rabi,152969.7
F3991,Carrot,482.61,Drip,9.42,2.86,5881.56,Sandy,Kharif,85386.86
F3992,Rice,308.08,Rain-fed,13.4,2.25,3840.25,Clay,Kharif,134153.59
F3993,Potato,173.56,Rain-fed,7.69,1.44,2571.32,Sandy,Zaid,35715.57
F3994,Cotton,415.06,Rain-fed,10.33,7.16,1820.41,Silty,Rabi,46872.89
F3995,Rice,152.81,Rain-fed,3.41,2.45,1857.56,Peaty,Rabi,65445.49
F3996,Soybean,90.74,Sprinkler,3.72,0.72,792.42,Sandy,Rabi,25992.85
F3997,Sugarcane,356.08,Flood,16.07,3.26,8075.83,Loamy,Kharif,120997.27
F3998,Soybean,323.09,Rain-fed,11.3,6.19,2436.74,Clay,Kharif,75761.27
F3999,Potato,440.68,Rain-fed,20.75,2.77,5828.6,Loamy,Rabi,52184.22
F4000,Barley,481.34,Manual,12.19,6.36,3679.56,Loamy,Rabi,119407.19
